CREATE TABLE "BUILDING"
(
    "ABBR_NAME" character varying(100) NOT NULL,
    "NAME" character varying(100) NOT NULL,
    "COLLEGE_NAME" character varying(100),
    CONSTRAINT "BUILDING_pkey" PRIMARY KEY ("ABBR_NAME"),
    CONSTRAINT "BUILDING_NAME" UNIQUE ("NAME")
);

CREATE TABLE "COLLEGE"
(
    "MAJOR_ID" char(3) NOT NULL,
    "MAJOR_NAME" varchar(20) NOT NULL,
    "COLLEGE_NAME" varchar(20) NOT NULL,
    "CATEGORY" varchar(20) NOT NULL,
    CONSTRAINT "COLLEGES_pkey" PRIMARY KEY ("MAJOR_ID"),
    CONSTRAINT "MAJOR_NAME" UNIQUE ("MAJOR_NAME")
);

CREATE TABLE "DAY_OF_WEEK"
(
    "DAY_OF_WEEK" character(3) NOT NULL,
    CONSTRAINT "DAY_OF_WEEK_pkey" PRIMARY KEY ("DAY_OF_WEEK")
);

CREATE TABLE "LECTUREROOM"
(
    "BUILDNO" varchar(10) NOT NULL,
    "ROOMNO" varchar(10) NOT NULL,
    CONSTRAINT "LECTURE_ROOM_pkey" PRIMARY KEY ("BUILDNO", "ROOMNO"),
    CONSTRAINT "BUILD_LECT_ID" FOREIGN KEY ("BUILDNO")
        REFERENCES public."BUILDING" ("ABBR_NAME") MATCH SIMPLE
        ON UPDATE NO ACTION
        ON DELETE NO ACTION
);

CREATE TABLE "SEMESTER"
(
    "YEAR" integer NOT NULL,
    "SEMESTER" integer NOT NULL,
    "START_DATE" date NOT NULL,
    "END_DATE" date NOT NULL,
    CONSTRAINT "SEMESTER_pkey" PRIMARY KEY ("SEMESTER", "YEAR")
);

CREATE TABLE "TIMETABLE"
(
    "NO" integer NOT NULL,
    "START_TIME" time NOT NULL,
    "END_TIME" time NOT NULL,
    CONSTRAINT "TIMETABLE_pkey" PRIMARY KEY ("NO"),
	CONSTRAINT "END_TIME" UNIQUE ("END_TIME"),
    CONSTRAINT "START_TIME" UNIQUE ("START_TIME")
);

CREATE TABLE "FACULTY"
(
    "ID" character(10) NOT NULL,
	"NAME" character varying(20) NOT NULL,
	"MAJOR_ID" character(3) NOT NULL,
    "POSITION" character varying(6) NOT NULL,
    CONSTRAINT "FACULTY_pkey" PRIMARY KEY ("ID"),
    CONSTRAINT "FAC_MAJOR_ID" FOREIGN KEY ("MAJOR_ID")
        REFERENCES public."COLLEGE" ("MAJOR_ID") MATCH SIMPLE
        ON UPDATE NO ACTION
        ON DELETE NO ACTION
);

CREATE TABLE "STUDENTS"
(
    "ADMISSION_YEAR" integer NOT NULL,
    "GRADUATE_YEAR" integer,
    "GRADE" integer NOT NULL,
    "MAJOR_ID" character(3) NOT NULL,
    "STUDENT_ID" character(10) NOT NULL,
    "NAME" character varying(20) NOT NULL,
    CONSTRAINT "STUDENTS_pkey" PRIMARY KEY ("STUDENT_ID"),
    CONSTRAINT "STUDENTS_MAJOR_ID" FOREIGN KEY ("MAJOR_ID")
        REFERENCES public."COLLEGE" ("MAJOR_ID") MATCH SIMPLE
        ON UPDATE NO ACTION
        ON DELETE NO ACTION
);

CREATE TABLE "COURSE"
(
    "YEAR" integer NOT NULL,
    "SEMESTER" integer NOT NULL,
    "COURSE_ID_PREFIX" character(3) NOT NULL,
    "COURSE_ID_NO" character(4) NOT NULL,
    "DIVISION_NO" integer NOT NULL,
    "COURSE_NAME" character varying(100) NOT NULL,
    "PROF_ID" character varying(10) NOT NULL,
    "BUILDNO" character varying(10) NOT NULL,
    "ROOMNO" character varying(10) NOT NULL,
    "CREDIT" integer NOT NULL,
    "COURSE_ID" integer NOT NULL,
    "MAX_ENROLLEES" integer NOT NULL,
    CONSTRAINT "COURSE_pkey" PRIMARY KEY ("COURSE_ID"),
    CONSTRAINT "UNIQUE_DAY" UNIQUE ("YEAR", "SEMESTER", "COURSE_ID_PREFIX", "COURSE_ID_NO", "DIVISION_NO"),
    CONSTRAINT "COURSE_COLLEGE_ID" FOREIGN KEY ("COURSE_ID_PREFIX")
        REFERENCES public."COLLEGE" ("MAJOR_ID") MATCH SIMPLE
        ON UPDATE NO ACTION
        ON DELETE NO ACTION,
    CONSTRAINT "COURSE_FACULTY_ID" FOREIGN KEY ("PROF_ID")
        REFERENCES public."FACULTY" ("ID") MATCH SIMPLE
        ON UPDATE NO ACTION
        ON DELETE NO ACTION,
    CONSTRAINT "COURSE_BUILD_ID" FOREIGN KEY ("BUILDNO", "ROOMNO")
        REFERENCES public."LECTUREROOM" ("BUILDNO", "ROOMNO") MATCH SIMPLE
        ON UPDATE NO ACTION
        ON DELETE NO ACTION
);

CREATE TABLE "COURSE_REGISTRATION"
(
    "COURSE_ID" integer NOT NULL,
    "STUDENT_ID" character(10) NOT NULL,
    CONSTRAINT "COURSE_REGISTRATION_pkey" PRIMARY KEY ("STUDENT_ID", "COURSE_ID"),
    CONSTRAINT "CO_REG_1" FOREIGN KEY ("COURSE_ID")
        REFERENCES public."COURSE" ("COURSE_ID") MATCH SIMPLE
        ON UPDATE NO ACTION
        ON DELETE NO ACTION,
    CONSTRAINT "STU_REG_1" FOREIGN KEY ("STUDENT_ID")
        REFERENCES public."STUDENTS" ("STUDENT_ID") MATCH SIMPLE
        ON UPDATE NO ACTION
        ON DELETE NO ACTION
);

CREATE TABLE "COURSE_TO_TIME"
(
    "COURSE_ID" integer NOT NULL,
    "DAY_OF_WEEK" character(3) NOT NULL,
    "NO" integer NOT NULL,
    CONSTRAINT "CTTU" UNIQUE ("COURSE_ID", "DAY_OF_WEEK", "NO"),
    CONSTRAINT "CTT1" FOREIGN KEY ("COURSE_ID")
        REFERENCES public."COURSE" ("COURSE_ID") MATCH SIMPLE
        ON UPDATE NO ACTION
        ON DELETE NO ACTION,
    CONSTRAINT "CTT2" FOREIGN KEY ("NO")
        REFERENCES public."TIMETABLE" ("NO") MATCH SIMPLE
        ON UPDATE NO ACTION
        ON DELETE NO ACTION,
    CONSTRAINT "CTT3" FOREIGN KEY ("DAY_OF_WEEK")
        REFERENCES public."DAY_OF_WEEK" ("DAY_OF_WEEK") MATCH SIMPLE
        ON UPDATE NO ACTION
        ON DELETE NO ACTION
);

CREATE TABLE "GRADE"
(
    "COURSE_ID" integer NOT NULL,
    "GRADE" numeric(2,1) NOT NULL,
    "STUDENT_ID" character(10) NOT NULL,
    CONSTRAINT "GRADE_pkey" PRIMARY KEY ("COURSE_ID", "STUDENT_ID"),
    CONSTRAINT "GRADE_COURSE_ID" FOREIGN KEY ("COURSE_ID")
        REFERENCES public."COURSE" ("COURSE_ID") MATCH SIMPLE
        ON UPDATE NO ACTION
        ON DELETE NO ACTION,
    CONSTRAINT "GRADE_STUDENTS_ID" FOREIGN KEY ("STUDENT_ID")
        REFERENCES public."STUDENTS" ("STUDENT_ID") MATCH SIMPLE
        ON UPDATE NO ACTION
        ON DELETE NO ACTION
);

CREATE TABLE "ATTENDANCE"
(
    "COURSE_ID" integer NOT NULL,
    "STUDENT_ID" character(10) NOT NULL,
    "ABSENCE_TIME" integer NOT NULL,
    CONSTRAINT "ATTENDANCE_pkey" PRIMARY KEY ("COURSE_ID", "STUDENT_ID"),
    CONSTRAINT "ATT_COURSE_ID" FOREIGN KEY ("COURSE_ID")
        REFERENCES public."COURSE" ("COURSE_ID") MATCH SIMPLE
        ON UPDATE NO ACTION
        ON DELETE NO ACTION,
    CONSTRAINT "ATT_STUDENT_ID" FOREIGN KEY ("STUDENT_ID")
        REFERENCES public."STUDENTS" ("STUDENT_ID") MATCH SIMPLE
        ON UPDATE NO ACTION
        ON DELETE NO ACTION
);

INSERT INTO "BUILDING"("ABBR_NAME", "NAME", "COLLEGE_NAME") VALUES ('교','교육과학관','교육대학원');
INSERT INTO "BUILDING"("ABBR_NAME", "NAME", "COLLEGE_NAME") VALUES ('외','외솔관','문과대학');
INSERT INTO "BUILDING"("ABBR_NAME", "NAME", "COLLEGE_NAME") VALUES ('위','위당관','문과대학');
INSERT INTO "BUILDING"("ABBR_NAME", "NAME", "COLLEGE_NAME") VALUES ('상본','상경대학(본관)','상경대학/경영대학');
INSERT INTO "BUILDING"("ABBR_NAME", "NAME", "COLLEGE_NAME") VALUES ('상별','상경대학(별관)','상경대학/경영대학');
INSERT INTO "BUILDING"("ABBR_NAME", "NAME", "COLLEGE_NAME") VALUES ('과','과학관','이과대학');
INSERT INTO "BUILDING"("ABBR_NAME", "NAME", "COLLEGE_NAME") VALUES ('과S','과학원','이과대학');
INSERT INTO "BUILDING"("ABBR_NAME", "NAME", "COLLEGE_NAME") VALUES ('공A','공학관(구관)','공과대학');
INSERT INTO "BUILDING"("ABBR_NAME", "NAME", "COLLEGE_NAME") VALUES ('공B','제2공학관','공과대학');
INSERT INTO "BUILDING"("ABBR_NAME", "NAME", "COLLEGE_NAME") VALUES ('공C','제3공학관','공과대학');
INSERT INTO "BUILDING"("ABBR_NAME", "NAME", "COLLEGE_NAME") VALUES ('신','신학관','연합신학대학원');
INSERT INTO "BUILDING"("ABBR_NAME", "NAME", "COLLEGE_NAME") VALUES ('연','연희관','사회과학대학');
INSERT INTO "BUILDING"("ABBR_NAME", "NAME", "COLLEGE_NAME") VALUES ('광','광복관','법과대학');
INSERT INTO "BUILDING"("ABBR_NAME", "NAME", "COLLEGE_NAME") VALUES ('음(A)','음악관A','음악대학');
INSERT INTO "BUILDING"("ABBR_NAME", "NAME", "COLLEGE_NAME") VALUES ('음(B)','음악관B','음악대학');
INSERT INTO "BUILDING"("ABBR_NAME", "NAME", "COLLEGE_NAME") VALUES ('생','삼성관','생활과학대학');
INSERT INTO "BUILDING"("ABBR_NAME", "NAME", "COLLEGE_NAME") VALUES ('용','용재관','교육과학대학');
INSERT INTO "BUILDING"("ABBR_NAME", "NAME", "COLLEGE_NAME") VALUES ('체','체육교육관','');
INSERT INTO "BUILDING"("ABBR_NAME", "NAME", "COLLEGE_NAME") VALUES ('장기원','장기원기념관','');
INSERT INTO "BUILDING"("ABBR_NAME", "NAME", "COLLEGE_NAME") VALUES ('백','백양관(구 상경대학)','학부대학');
INSERT INTO "BUILDING"("ABBR_NAME", "NAME", "COLLEGE_NAME") VALUES ('아','아펜젤러관(구 신학관)','');
INSERT INTO "BUILDING"("ABBR_NAME", "NAME", "COLLEGE_NAME") VALUES ('빌','빌링슬리관(구 가정관)','언론홍보대학원');
INSERT INTO "BUILDING"("ABBR_NAME", "NAME", "COLLEGE_NAME") VALUES ('간','간호대학','간호대학');
INSERT INTO "BUILDING"("ABBR_NAME", "NAME", "COLLEGE_NAME") VALUES ('새천','새천년관','국제학대학원');
INSERT INTO "BUILDING"("ABBR_NAME", "NAME", "COLLEGE_NAME") VALUES ('김대중도서관','김대중도서관','');
INSERT INTO "BUILDING"("ABBR_NAME", "NAME", "COLLEGE_NAME") VALUES ('첨','첨단과학기술연구관','');
INSERT INTO "COLLEGE"("MAJOR_ID","MAJOR_NAME", "COLLEGE_NAME", "CATEGORY") VALUES ('KOR','국어국문학','문과대학','인문계열');
INSERT INTO "COLLEGE"("MAJOR_ID","MAJOR_NAME", "COLLEGE_NAME", "CATEGORY") VALUES ('CLL','중어중문학','문과대학','인문계열');
INSERT INTO "COLLEGE"("MAJOR_ID","MAJOR_NAME", "COLLEGE_NAME", "CATEGORY") VALUES ('ELL','영어영문학','문과대학','인문계열');
INSERT INTO "COLLEGE"("MAJOR_ID","MAJOR_NAME", "COLLEGE_NAME", "CATEGORY") VALUES ('GER','독어독문학','문과대학','인문계열');
INSERT INTO "COLLEGE"("MAJOR_ID","MAJOR_NAME", "COLLEGE_NAME", "CATEGORY") VALUES ('FRE','불어불문학','문과대학','인문계열');
INSERT INTO "COLLEGE"("MAJOR_ID","MAJOR_NAME", "COLLEGE_NAME", "CATEGORY") VALUES ('RUS','노어노문학','문과대학','인문계열');
INSERT INTO "COLLEGE"("MAJOR_ID","MAJOR_NAME", "COLLEGE_NAME", "CATEGORY") VALUES ('HIS','사학','문과대학','인문계열');
INSERT INTO "COLLEGE"("MAJOR_ID","MAJOR_NAME", "COLLEGE_NAME", "CATEGORY") VALUES ('PHI','철학','문과대학','인문계열');
INSERT INTO "COLLEGE"("MAJOR_ID","MAJOR_NAME", "COLLEGE_NAME", "CATEGORY") VALUES ('LIS','문헌정보학','문과대학','인문계열');
INSERT INTO "COLLEGE"("MAJOR_ID","MAJOR_NAME", "COLLEGE_NAME", "CATEGORY") VALUES ('PSY','심리학','문과대학','인문계열');
INSERT INTO "COLLEGE"("MAJOR_ID","MAJOR_NAME", "COLLEGE_NAME", "CATEGORY") VALUES ('EDU','교육학','교육과학대학','인문계열');
INSERT INTO "COLLEGE"("MAJOR_ID","MAJOR_NAME", "COLLEGE_NAME", "CATEGORY") VALUES ('ECO','경제학','상경대학','사회계열');
INSERT INTO "COLLEGE"("MAJOR_ID","MAJOR_NAME", "COLLEGE_NAME", "CATEGORY") VALUES ('STA','응용통계학','상경대학','사회계열');
INSERT INTO "COLLEGE"("MAJOR_ID","MAJOR_NAME", "COLLEGE_NAME", "CATEGORY") VALUES ('BIZ','경영학','경영대학','사회계열');
INSERT INTO "COLLEGE"("MAJOR_ID","MAJOR_NAME", "COLLEGE_NAME", "CATEGORY") VALUES ('POL','정치외교학','사회과학대학','사회계열');
INSERT INTO "COLLEGE"("MAJOR_ID","MAJOR_NAME", "COLLEGE_NAME", "CATEGORY") VALUES ('PUB','행정학','사회과학대학','사회계열');
INSERT INTO "COLLEGE"("MAJOR_ID","MAJOR_NAME", "COLLEGE_NAME", "CATEGORY") VALUES ('COM','언론홍보영상학부','사회과학대학','사회계열');
INSERT INTO "COLLEGE"("MAJOR_ID","MAJOR_NAME", "COLLEGE_NAME", "CATEGORY") VALUES ('SOW','사회복지학','사회과학대학','사회계열');
INSERT INTO "COLLEGE"("MAJOR_ID","MAJOR_NAME", "COLLEGE_NAME", "CATEGORY") VALUES ('SOC','사회학','사회과학대학','사회계열');
INSERT INTO "COLLEGE"("MAJOR_ID","MAJOR_NAME", "COLLEGE_NAME", "CATEGORY") VALUES ('ANT','문화인류학','사회과학대학','사회계열');
INSERT INTO "COLLEGE"("MAJOR_ID","MAJOR_NAME", "COLLEGE_NAME", "CATEGORY") VALUES ('LAW','법학','법과대학','사회계열');
INSERT INTO "COLLEGE"("MAJOR_ID","MAJOR_NAME", "COLLEGE_NAME", "CATEGORY") VALUES ('MAT','수학','이과대학','이학계열');
INSERT INTO "COLLEGE"("MAJOR_ID","MAJOR_NAME", "COLLEGE_NAME", "CATEGORY") VALUES ('PHY','물리학','이과대학','이학계열');
INSERT INTO "COLLEGE"("MAJOR_ID","MAJOR_NAME", "COLLEGE_NAME", "CATEGORY") VALUES ('CHE','화학','이과대학','이학계열');
INSERT INTO "COLLEGE"("MAJOR_ID","MAJOR_NAME", "COLLEGE_NAME", "CATEGORY") VALUES ('ESS','지구시스템과학','이과대학','이학계열');
INSERT INTO "COLLEGE"("MAJOR_ID","MAJOR_NAME", "COLLEGE_NAME", "CATEGORY") VALUES ('AST','천문우주학','이과대학','이학계열');
INSERT INTO "COLLEGE"("MAJOR_ID","MAJOR_NAME", "COLLEGE_NAME", "CATEGORY") VALUES ('ATM','대기과학','이과대학','이학계열');
INSERT INTO "COLLEGE"("MAJOR_ID","MAJOR_NAME", "COLLEGE_NAME", "CATEGORY") VALUES ('DAA','화학공학','공과대학','공학계열');
INSERT INTO "COLLEGE"("MAJOR_ID","MAJOR_NAME", "COLLEGE_NAME", "CATEGORY") VALUES ('EEE','전기전자공학','공과대학','공학계열');
INSERT INTO "COLLEGE"("MAJOR_ID","MAJOR_NAME", "COLLEGE_NAME", "CATEGORY") VALUES ('ARC','건축공학','공과대학','공학계열');
INSERT INTO "COLLEGE"("MAJOR_ID","MAJOR_NAME", "COLLEGE_NAME", "CATEGORY") VALUES ('CRP','도시공학','공과대학','공학계열');
INSERT INTO "COLLEGE"("MAJOR_ID","MAJOR_NAME", "COLLEGE_NAME", "CATEGORY") VALUES ('CEE','토목환경공학','공과대학','공학계열');
INSERT INTO "COLLEGE"("MAJOR_ID","MAJOR_NAME", "COLLEGE_NAME", "CATEGORY") VALUES ('MEU','기계공학','공과대학','공학계열');
INSERT INTO "COLLEGE"("MAJOR_ID","MAJOR_NAME", "COLLEGE_NAME", "CATEGORY") VALUES ('MST','신소재공학','공과대학','공학계열');
INSERT INTO "COLLEGE"("MAJOR_ID","MAJOR_NAME", "COLLEGE_NAME", "CATEGORY") VALUES ('CSI','컴퓨터과학','공과대학','공학계열');
INSERT INTO "COLLEGE"("MAJOR_ID","MAJOR_NAME", "COLLEGE_NAME", "CATEGORY") VALUES ('IIE','정보산업공학','공과대학','공학계열');
INSERT INTO "COLLEGE"("MAJOR_ID","MAJOR_NAME", "COLLEGE_NAME", "CATEGORY") VALUES ('BIO','시스템생물학','생명시스템대학','생명시스템계열');
INSERT INTO "COLLEGE"("MAJOR_ID","MAJOR_NAME", "COLLEGE_NAME", "CATEGORY") VALUES ('BCH','생화학','생명시스템대학','생명시스템계열');
INSERT INTO "COLLEGE"("MAJOR_ID","MAJOR_NAME", "COLLEGE_NAME", "CATEGORY") VALUES ('BTE','생명공학','생명시스템대학','생명시스템계열');
INSERT INTO "COLLEGE"("MAJOR_ID","MAJOR_NAME", "COLLEGE_NAME", "CATEGORY") VALUES ('CNT','의류환경','생활과학대학','생활과학계열');
INSERT INTO "COLLEGE"("MAJOR_ID","MAJOR_NAME", "COLLEGE_NAME", "CATEGORY") VALUES ('FNS','식품영양','생활과학대학','생활과학계열');
INSERT INTO "COLLEGE"("MAJOR_ID","MAJOR_NAME", "COLLEGE_NAME", "CATEGORY") VALUES ('HID','실내건축','생활과학대학','생활과학계열');
INSERT INTO "COLLEGE"("MAJOR_ID","MAJOR_NAME", "COLLEGE_NAME", "CATEGORY") VALUES ('CFS','아동·가족','생활과학대학','생활과학계열');
INSERT INTO "COLLEGE"("MAJOR_ID","MAJOR_NAME", "COLLEGE_NAME", "CATEGORY") VALUES ('DSN','생활디자인','생활과학대학','생활과학계열');
INSERT INTO "COLLEGE"("MAJOR_ID","MAJOR_NAME", "COLLEGE_NAME", "CATEGORY") VALUES ('THE','신학','신과대학','신학계열');
INSERT INTO "COLLEGE"("MAJOR_ID","MAJOR_NAME", "COLLEGE_NAME", "CATEGORY") VALUES ('NUR','간호학','간호대학','간호계열');
INSERT INTO "COLLEGE"("MAJOR_ID","MAJOR_NAME", "COLLEGE_NAME", "CATEGORY") VALUES ('XYZ','교양','공통대학','공통계열');
INSERT INTO "DAY_OF_WEEK"("DAY_OF_WEEK") VALUES ('MON');
INSERT INTO "DAY_OF_WEEK"("DAY_OF_WEEK") VALUES ('TUE');
INSERT INTO "DAY_OF_WEEK"("DAY_OF_WEEK") VALUES ('WED');
INSERT INTO "DAY_OF_WEEK"("DAY_OF_WEEK") VALUES ('THU');
INSERT INTO "DAY_OF_WEEK"("DAY_OF_WEEK") VALUES ('FRI');
INSERT INTO "DAY_OF_WEEK"("DAY_OF_WEEK") VALUES ('SAT');
INSERT INTO "DAY_OF_WEEK"("DAY_OF_WEEK") VALUES ('SUN');
INSERT INTO "LECTUREROOM"("BUILDNO", "ROOMNO") VALUES ('공A','101');
INSERT INTO "LECTUREROOM"("BUILDNO", "ROOMNO") VALUES ('공A','102');
INSERT INTO "LECTUREROOM"("BUILDNO", "ROOMNO") VALUES ('공A','103');
INSERT INTO "LECTUREROOM"("BUILDNO", "ROOMNO") VALUES ('공A','104');
INSERT INTO "LECTUREROOM"("BUILDNO", "ROOMNO") VALUES ('공A','105');
INSERT INTO "LECTUREROOM"("BUILDNO", "ROOMNO") VALUES ('공A','106');
INSERT INTO "LECTUREROOM"("BUILDNO", "ROOMNO") VALUES ('공A','107');
INSERT INTO "LECTUREROOM"("BUILDNO", "ROOMNO") VALUES ('공A','108');
INSERT INTO "LECTUREROOM"("BUILDNO", "ROOMNO") VALUES ('공A','201');
INSERT INTO "LECTUREROOM"("BUILDNO", "ROOMNO") VALUES ('공A','202');
INSERT INTO "LECTUREROOM"("BUILDNO", "ROOMNO") VALUES ('공A','203');
INSERT INTO "LECTUREROOM"("BUILDNO", "ROOMNO") VALUES ('공A','204');
INSERT INTO "LECTUREROOM"("BUILDNO", "ROOMNO") VALUES ('공A','205');
INSERT INTO "LECTUREROOM"("BUILDNO", "ROOMNO") VALUES ('공A','206');
INSERT INTO "LECTUREROOM"("BUILDNO", "ROOMNO") VALUES ('공A','207');
INSERT INTO "LECTUREROOM"("BUILDNO", "ROOMNO") VALUES ('공A','208A');
INSERT INTO "LECTUREROOM"("BUILDNO", "ROOMNO") VALUES ('공A','208B');
INSERT INTO "LECTUREROOM"("BUILDNO", "ROOMNO") VALUES ('공A','301');
INSERT INTO "LECTUREROOM"("BUILDNO", "ROOMNO") VALUES ('공A','302');
INSERT INTO "LECTUREROOM"("BUILDNO", "ROOMNO") VALUES ('공A','303');
INSERT INTO "LECTUREROOM"("BUILDNO", "ROOMNO") VALUES ('공A','304');
INSERT INTO "LECTUREROOM"("BUILDNO", "ROOMNO") VALUES ('공A','305');
INSERT INTO "LECTUREROOM"("BUILDNO", "ROOMNO") VALUES ('공A','306');
INSERT INTO "LECTUREROOM"("BUILDNO", "ROOMNO") VALUES ('공A','307');
INSERT INTO "LECTUREROOM"("BUILDNO", "ROOMNO") VALUES ('공A','308');
INSERT INTO "LECTUREROOM"("BUILDNO", "ROOMNO") VALUES ('공A','309');
INSERT INTO "LECTUREROOM"("BUILDNO", "ROOMNO") VALUES ('공A','401');
INSERT INTO "LECTUREROOM"("BUILDNO", "ROOMNO") VALUES ('공A','402');
INSERT INTO "LECTUREROOM"("BUILDNO", "ROOMNO") VALUES ('공A','403');
INSERT INTO "LECTUREROOM"("BUILDNO", "ROOMNO") VALUES ('공A','404');
INSERT INTO "LECTUREROOM"("BUILDNO", "ROOMNO") VALUES ('공A','405A');
INSERT INTO "LECTUREROOM"("BUILDNO", "ROOMNO") VALUES ('공A','405B');
INSERT INTO "LECTUREROOM"("BUILDNO", "ROOMNO") VALUES ('공A','405C');
INSERT INTO "LECTUREROOM"("BUILDNO", "ROOMNO") VALUES ('공A','406-1');
INSERT INTO "LECTUREROOM"("BUILDNO", "ROOMNO") VALUES ('공A','406-2');
INSERT INTO "LECTUREROOM"("BUILDNO", "ROOMNO") VALUES ('공A','407');
INSERT INTO "LECTUREROOM"("BUILDNO", "ROOMNO") VALUES ('공A','408');
INSERT INTO "LECTUREROOM"("BUILDNO", "ROOMNO") VALUES ('공A','501');
INSERT INTO "LECTUREROOM"("BUILDNO", "ROOMNO") VALUES ('공A','502');
INSERT INTO "LECTUREROOM"("BUILDNO", "ROOMNO") VALUES ('공A','503');
INSERT INTO "LECTUREROOM"("BUILDNO", "ROOMNO") VALUES ('공A','504');
INSERT INTO "LECTUREROOM"("BUILDNO", "ROOMNO") VALUES ('공A','505');
INSERT INTO "LECTUREROOM"("BUILDNO", "ROOMNO") VALUES ('공A','506');
INSERT INTO "LECTUREROOM"("BUILDNO", "ROOMNO") VALUES ('공A','601');
INSERT INTO "LECTUREROOM"("BUILDNO", "ROOMNO") VALUES ('공A','602');
INSERT INTO "LECTUREROOM"("BUILDNO", "ROOMNO") VALUES ('공A','603');
INSERT INTO "LECTUREROOM"("BUILDNO", "ROOMNO") VALUES ('공A','604');
INSERT INTO "LECTUREROOM"("BUILDNO", "ROOMNO") VALUES ('공A','661');
INSERT INTO "LECTUREROOM"("BUILDNO", "ROOMNO") VALUES ('공A','662');
INSERT INTO "LECTUREROOM"("BUILDNO", "ROOMNO") VALUES ('공B','101');
INSERT INTO "LECTUREROOM"("BUILDNO", "ROOMNO") VALUES ('공B','102');
INSERT INTO "LECTUREROOM"("BUILDNO", "ROOMNO") VALUES ('공B','103');
INSERT INTO "LECTUREROOM"("BUILDNO", "ROOMNO") VALUES ('공B','104');
INSERT INTO "LECTUREROOM"("BUILDNO", "ROOMNO") VALUES ('공B','105');
INSERT INTO "LECTUREROOM"("BUILDNO", "ROOMNO") VALUES ('공B','106');
INSERT INTO "LECTUREROOM"("BUILDNO", "ROOMNO") VALUES ('공B','107');
INSERT INTO "LECTUREROOM"("BUILDNO", "ROOMNO") VALUES ('공B','108');
INSERT INTO "LECTUREROOM"("BUILDNO", "ROOMNO") VALUES ('공B','201');
INSERT INTO "LECTUREROOM"("BUILDNO", "ROOMNO") VALUES ('공B','202');
INSERT INTO "LECTUREROOM"("BUILDNO", "ROOMNO") VALUES ('공B','203');
INSERT INTO "LECTUREROOM"("BUILDNO", "ROOMNO") VALUES ('공B','204');
INSERT INTO "LECTUREROOM"("BUILDNO", "ROOMNO") VALUES ('공B','205');
INSERT INTO "LECTUREROOM"("BUILDNO", "ROOMNO") VALUES ('공B','206');
INSERT INTO "LECTUREROOM"("BUILDNO", "ROOMNO") VALUES ('공B','207');
INSERT INTO "LECTUREROOM"("BUILDNO", "ROOMNO") VALUES ('공B','208A');
INSERT INTO "LECTUREROOM"("BUILDNO", "ROOMNO") VALUES ('공B','208B');
INSERT INTO "LECTUREROOM"("BUILDNO", "ROOMNO") VALUES ('공B','301');
INSERT INTO "LECTUREROOM"("BUILDNO", "ROOMNO") VALUES ('공B','302');
INSERT INTO "LECTUREROOM"("BUILDNO", "ROOMNO") VALUES ('공B','303');
INSERT INTO "LECTUREROOM"("BUILDNO", "ROOMNO") VALUES ('공B','304');
INSERT INTO "LECTUREROOM"("BUILDNO", "ROOMNO") VALUES ('공B','305');
INSERT INTO "LECTUREROOM"("BUILDNO", "ROOMNO") VALUES ('공B','306');
INSERT INTO "LECTUREROOM"("BUILDNO", "ROOMNO") VALUES ('공B','307');
INSERT INTO "LECTUREROOM"("BUILDNO", "ROOMNO") VALUES ('공B','308');
INSERT INTO "LECTUREROOM"("BUILDNO", "ROOMNO") VALUES ('공B','309');
INSERT INTO "LECTUREROOM"("BUILDNO", "ROOMNO") VALUES ('공B','401');
INSERT INTO "LECTUREROOM"("BUILDNO", "ROOMNO") VALUES ('공B','402');
INSERT INTO "LECTUREROOM"("BUILDNO", "ROOMNO") VALUES ('공B','403');
INSERT INTO "LECTUREROOM"("BUILDNO", "ROOMNO") VALUES ('공B','404');
INSERT INTO "LECTUREROOM"("BUILDNO", "ROOMNO") VALUES ('공B','405A');
INSERT INTO "LECTUREROOM"("BUILDNO", "ROOMNO") VALUES ('공B','405B');
INSERT INTO "LECTUREROOM"("BUILDNO", "ROOMNO") VALUES ('공B','405C');
INSERT INTO "LECTUREROOM"("BUILDNO", "ROOMNO") VALUES ('공B','406');
INSERT INTO "LECTUREROOM"("BUILDNO", "ROOMNO") VALUES ('공B','407');
INSERT INTO "LECTUREROOM"("BUILDNO", "ROOMNO") VALUES ('공B','501');
INSERT INTO "LECTUREROOM"("BUILDNO", "ROOMNO") VALUES ('공B','502');
INSERT INTO "LECTUREROOM"("BUILDNO", "ROOMNO") VALUES ('공B','503');
INSERT INTO "LECTUREROOM"("BUILDNO", "ROOMNO") VALUES ('공B','504');
INSERT INTO "LECTUREROOM"("BUILDNO", "ROOMNO") VALUES ('공B','505');
INSERT INTO "LECTUREROOM"("BUILDNO", "ROOMNO") VALUES ('공B','601');
INSERT INTO "LECTUREROOM"("BUILDNO", "ROOMNO") VALUES ('공B','602');
INSERT INTO "LECTUREROOM"("BUILDNO", "ROOMNO") VALUES ('공B','603');
INSERT INTO "LECTUREROOM"("BUILDNO", "ROOMNO") VALUES ('공B','604');
INSERT INTO "LECTUREROOM"("BUILDNO", "ROOMNO") VALUES ('공B','661');
INSERT INTO "LECTUREROOM"("BUILDNO", "ROOMNO") VALUES ('공B','662');
INSERT INTO "LECTUREROOM"("BUILDNO", "ROOMNO") VALUES ('공B','701');
INSERT INTO "LECTUREROOM"("BUILDNO", "ROOMNO") VALUES ('공B','702');
INSERT INTO "LECTUREROOM"("BUILDNO", "ROOMNO") VALUES ('공C','101');
INSERT INTO "LECTUREROOM"("BUILDNO", "ROOMNO") VALUES ('공C','102');
INSERT INTO "LECTUREROOM"("BUILDNO", "ROOMNO") VALUES ('공C','103');
INSERT INTO "LECTUREROOM"("BUILDNO", "ROOMNO") VALUES ('공C','104');
INSERT INTO "LECTUREROOM"("BUILDNO", "ROOMNO") VALUES ('공C','201');
INSERT INTO "LECTUREROOM"("BUILDNO", "ROOMNO") VALUES ('공C','202');
INSERT INTO "LECTUREROOM"("BUILDNO", "ROOMNO") VALUES ('공C','203');
INSERT INTO "LECTUREROOM"("BUILDNO", "ROOMNO") VALUES ('공C','204');
INSERT INTO "LECTUREROOM"("BUILDNO", "ROOMNO") VALUES ('공C','205');
INSERT INTO "LECTUREROOM"("BUILDNO", "ROOMNO") VALUES ('공C','206');
INSERT INTO "LECTUREROOM"("BUILDNO", "ROOMNO") VALUES ('공C','301');
INSERT INTO "LECTUREROOM"("BUILDNO", "ROOMNO") VALUES ('공C','302');
INSERT INTO "LECTUREROOM"("BUILDNO", "ROOMNO") VALUES ('공C','303-1');
INSERT INTO "LECTUREROOM"("BUILDNO", "ROOMNO") VALUES ('공C','303-2');
INSERT INTO "LECTUREROOM"("BUILDNO", "ROOMNO") VALUES ('공C','303-3');
INSERT INTO "LECTUREROOM"("BUILDNO", "ROOMNO") VALUES ('공C','304');
INSERT INTO "LECTUREROOM"("BUILDNO", "ROOMNO") VALUES ('공C','401');
INSERT INTO "LECTUREROOM"("BUILDNO", "ROOMNO") VALUES ('공C','402');
INSERT INTO "LECTUREROOM"("BUILDNO", "ROOMNO") VALUES ('공C','403');
INSERT INTO "LECTUREROOM"("BUILDNO", "ROOMNO") VALUES ('공C','404');
INSERT INTO "LECTUREROOM"("BUILDNO", "ROOMNO") VALUES ('공C','405');
INSERT INTO "LECTUREROOM"("BUILDNO", "ROOMNO") VALUES ('공C','406');
INSERT INTO "LECTUREROOM"("BUILDNO", "ROOMNO") VALUES ('공C','501');
INSERT INTO "LECTUREROOM"("BUILDNO", "ROOMNO") VALUES ('공C','502');
INSERT INTO "LECTUREROOM"("BUILDNO", "ROOMNO") VALUES ('공C','503');
INSERT INTO "LECTUREROOM"("BUILDNO", "ROOMNO") VALUES ('공C','504');
INSERT INTO "LECTUREROOM"("BUILDNO", "ROOMNO") VALUES ('공C','505');
INSERT INTO "LECTUREROOM"("BUILDNO", "ROOMNO") VALUES ('공C','506');
INSERT INTO "LECTUREROOM"("BUILDNO", "ROOMNO") VALUES ('공C','507');
INSERT INTO "LECTUREROOM"("BUILDNO", "ROOMNO") VALUES ('공C','508');
INSERT INTO "LECTUREROOM"("BUILDNO", "ROOMNO") VALUES ('교','101');
INSERT INTO "LECTUREROOM"("BUILDNO", "ROOMNO") VALUES ('교','102');
INSERT INTO "LECTUREROOM"("BUILDNO", "ROOMNO") VALUES ('교','103');
INSERT INTO "LECTUREROOM"("BUILDNO", "ROOMNO") VALUES ('교','104');
INSERT INTO "LECTUREROOM"("BUILDNO", "ROOMNO") VALUES ('교','201');
INSERT INTO "LECTUREROOM"("BUILDNO", "ROOMNO") VALUES ('교','202');
INSERT INTO "LECTUREROOM"("BUILDNO", "ROOMNO") VALUES ('교','203');
INSERT INTO "LECTUREROOM"("BUILDNO", "ROOMNO") VALUES ('교','204');
INSERT INTO "LECTUREROOM"("BUILDNO", "ROOMNO") VALUES ('교','301');
INSERT INTO "LECTUREROOM"("BUILDNO", "ROOMNO") VALUES ('교','302');
INSERT INTO "LECTUREROOM"("BUILDNO", "ROOMNO") VALUES ('교','303');
INSERT INTO "LECTUREROOM"("BUILDNO", "ROOMNO") VALUES ('교','304');
INSERT INTO "LECTUREROOM"("BUILDNO", "ROOMNO") VALUES ('교','401');
INSERT INTO "LECTUREROOM"("BUILDNO", "ROOMNO") VALUES ('교','402');
INSERT INTO "LECTUREROOM"("BUILDNO", "ROOMNO") VALUES ('교','403');
INSERT INTO "LECTUREROOM"("BUILDNO", "ROOMNO") VALUES ('교','404');
INSERT INTO "LECTUREROOM"("BUILDNO", "ROOMNO") VALUES ('교','501');
INSERT INTO "LECTUREROOM"("BUILDNO", "ROOMNO") VALUES ('교','502');
INSERT INTO "LECTUREROOM"("BUILDNO", "ROOMNO") VALUES ('교','503');
INSERT INTO "LECTUREROOM"("BUILDNO", "ROOMNO") VALUES ('교','504');
INSERT INTO "LECTUREROOM"("BUILDNO", "ROOMNO") VALUES ('외','101');
INSERT INTO "LECTUREROOM"("BUILDNO", "ROOMNO") VALUES ('외','102');
INSERT INTO "LECTUREROOM"("BUILDNO", "ROOMNO") VALUES ('외','103');
INSERT INTO "LECTUREROOM"("BUILDNO", "ROOMNO") VALUES ('외','104');
INSERT INTO "LECTUREROOM"("BUILDNO", "ROOMNO") VALUES ('외','201');
INSERT INTO "LECTUREROOM"("BUILDNO", "ROOMNO") VALUES ('외','202');
INSERT INTO "LECTUREROOM"("BUILDNO", "ROOMNO") VALUES ('외','203');
INSERT INTO "LECTUREROOM"("BUILDNO", "ROOMNO") VALUES ('외','301');
INSERT INTO "LECTUREROOM"("BUILDNO", "ROOMNO") VALUES ('외','401');
INSERT INTO "LECTUREROOM"("BUILDNO", "ROOMNO") VALUES ('외','402');
INSERT INTO "LECTUREROOM"("BUILDNO", "ROOMNO") VALUES ('외','403');
INSERT INTO "LECTUREROOM"("BUILDNO", "ROOMNO") VALUES ('외','404');
INSERT INTO "LECTUREROOM"("BUILDNO", "ROOMNO") VALUES ('외','501');
INSERT INTO "LECTUREROOM"("BUILDNO", "ROOMNO") VALUES ('외','601');
INSERT INTO "LECTUREROOM"("BUILDNO", "ROOMNO") VALUES ('위','101');
INSERT INTO "LECTUREROOM"("BUILDNO", "ROOMNO") VALUES ('위','102');
INSERT INTO "LECTUREROOM"("BUILDNO", "ROOMNO") VALUES ('위','103');
INSERT INTO "LECTUREROOM"("BUILDNO", "ROOMNO") VALUES ('위','104');
INSERT INTO "LECTUREROOM"("BUILDNO", "ROOMNO") VALUES ('위','105');
INSERT INTO "LECTUREROOM"("BUILDNO", "ROOMNO") VALUES ('위','106');
INSERT INTO "LECTUREROOM"("BUILDNO", "ROOMNO") VALUES ('위','201');
INSERT INTO "LECTUREROOM"("BUILDNO", "ROOMNO") VALUES ('위','202');
INSERT INTO "LECTUREROOM"("BUILDNO", "ROOMNO") VALUES ('위','203');
INSERT INTO "LECTUREROOM"("BUILDNO", "ROOMNO") VALUES ('위','204');
INSERT INTO "LECTUREROOM"("BUILDNO", "ROOMNO") VALUES ('위','205');
INSERT INTO "LECTUREROOM"("BUILDNO", "ROOMNO") VALUES ('위','206');
INSERT INTO "LECTUREROOM"("BUILDNO", "ROOMNO") VALUES ('위','207');
INSERT INTO "LECTUREROOM"("BUILDNO", "ROOMNO") VALUES ('위','208');
INSERT INTO "LECTUREROOM"("BUILDNO", "ROOMNO") VALUES ('위','301');
INSERT INTO "LECTUREROOM"("BUILDNO", "ROOMNO") VALUES ('위','302');
INSERT INTO "LECTUREROOM"("BUILDNO", "ROOMNO") VALUES ('위','303');
INSERT INTO "LECTUREROOM"("BUILDNO", "ROOMNO") VALUES ('위','304A');
INSERT INTO "LECTUREROOM"("BUILDNO", "ROOMNO") VALUES ('위','304B');
INSERT INTO "LECTUREROOM"("BUILDNO", "ROOMNO") VALUES ('위','304C');
INSERT INTO "LECTUREROOM"("BUILDNO", "ROOMNO") VALUES ('위','401-1');
INSERT INTO "LECTUREROOM"("BUILDNO", "ROOMNO") VALUES ('위','401-2');
INSERT INTO "LECTUREROOM"("BUILDNO", "ROOMNO") VALUES ('위','402');
INSERT INTO "LECTUREROOM"("BUILDNO", "ROOMNO") VALUES ('위','403');
INSERT INTO "LECTUREROOM"("BUILDNO", "ROOMNO") VALUES ('위','404');
INSERT INTO "LECTUREROOM"("BUILDNO", "ROOMNO") VALUES ('위','501');
INSERT INTO "LECTUREROOM"("BUILDNO", "ROOMNO") VALUES ('위','502');
INSERT INTO "LECTUREROOM"("BUILDNO", "ROOMNO") VALUES ('위','601');
INSERT INTO "LECTUREROOM"("BUILDNO", "ROOMNO") VALUES ('위','701');
INSERT INTO "LECTUREROOM"("BUILDNO", "ROOMNO") VALUES ('상본','101');
INSERT INTO "LECTUREROOM"("BUILDNO", "ROOMNO") VALUES ('상본','102');
INSERT INTO "LECTUREROOM"("BUILDNO", "ROOMNO") VALUES ('상본','201');
INSERT INTO "LECTUREROOM"("BUILDNO", "ROOMNO") VALUES ('상본','202');
INSERT INTO "LECTUREROOM"("BUILDNO", "ROOMNO") VALUES ('상본','203');
INSERT INTO "LECTUREROOM"("BUILDNO", "ROOMNO") VALUES ('상본','204');
INSERT INTO "LECTUREROOM"("BUILDNO", "ROOMNO") VALUES ('상본','301');
INSERT INTO "LECTUREROOM"("BUILDNO", "ROOMNO") VALUES ('상본','302');
INSERT INTO "LECTUREROOM"("BUILDNO", "ROOMNO") VALUES ('상본','401');
INSERT INTO "LECTUREROOM"("BUILDNO", "ROOMNO") VALUES ('상별','402');
INSERT INTO "LECTUREROOM"("BUILDNO", "ROOMNO") VALUES ('상별','403');
INSERT INTO "LECTUREROOM"("BUILDNO", "ROOMNO") VALUES ('상별','404');
INSERT INTO "LECTUREROOM"("BUILDNO", "ROOMNO") VALUES ('상별','501');
INSERT INTO "LECTUREROOM"("BUILDNO", "ROOMNO") VALUES ('상별','502');
INSERT INTO "LECTUREROOM"("BUILDNO", "ROOMNO") VALUES ('상별','503');
INSERT INTO "LECTUREROOM"("BUILDNO", "ROOMNO") VALUES ('상별','504');
INSERT INTO "LECTUREROOM"("BUILDNO", "ROOMNO") VALUES ('상별','505');
INSERT INTO "LECTUREROOM"("BUILDNO", "ROOMNO") VALUES ('상별','506-1');
INSERT INTO "LECTUREROOM"("BUILDNO", "ROOMNO") VALUES ('상별','506-1B');
INSERT INTO "LECTUREROOM"("BUILDNO", "ROOMNO") VALUES ('상별','507');
INSERT INTO "LECTUREROOM"("BUILDNO", "ROOMNO") VALUES ('상별','601');
INSERT INTO "LECTUREROOM"("BUILDNO", "ROOMNO") VALUES ('상별','602');
INSERT INTO "LECTUREROOM"("BUILDNO", "ROOMNO") VALUES ('과','101');
INSERT INTO "LECTUREROOM"("BUILDNO", "ROOMNO") VALUES ('과','102');
INSERT INTO "LECTUREROOM"("BUILDNO", "ROOMNO") VALUES ('과','103-A');
INSERT INTO "LECTUREROOM"("BUILDNO", "ROOMNO") VALUES ('과','103-B');
INSERT INTO "LECTUREROOM"("BUILDNO", "ROOMNO") VALUES ('과','103-C');
INSERT INTO "LECTUREROOM"("BUILDNO", "ROOMNO") VALUES ('과','104');
INSERT INTO "LECTUREROOM"("BUILDNO", "ROOMNO") VALUES ('과','105');
INSERT INTO "LECTUREROOM"("BUILDNO", "ROOMNO") VALUES ('과','201');
INSERT INTO "LECTUREROOM"("BUILDNO", "ROOMNO") VALUES ('과','202');
INSERT INTO "LECTUREROOM"("BUILDNO", "ROOMNO") VALUES ('과','203');
INSERT INTO "LECTUREROOM"("BUILDNO", "ROOMNO") VALUES ('과','204');
INSERT INTO "LECTUREROOM"("BUILDNO", "ROOMNO") VALUES ('과','301');
INSERT INTO "LECTUREROOM"("BUILDNO", "ROOMNO") VALUES ('과','302');
INSERT INTO "LECTUREROOM"("BUILDNO", "ROOMNO") VALUES ('과','303');
INSERT INTO "LECTUREROOM"("BUILDNO", "ROOMNO") VALUES ('과','304');
INSERT INTO "LECTUREROOM"("BUILDNO", "ROOMNO") VALUES ('과S','301');
INSERT INTO "LECTUREROOM"("BUILDNO", "ROOMNO") VALUES ('과S','302');
INSERT INTO "LECTUREROOM"("BUILDNO", "ROOMNO") VALUES ('과S','303');
INSERT INTO "LECTUREROOM"("BUILDNO", "ROOMNO") VALUES ('과S','401');
INSERT INTO "LECTUREROOM"("BUILDNO", "ROOMNO") VALUES ('과S','402');
INSERT INTO "LECTUREROOM"("BUILDNO", "ROOMNO") VALUES ('과S','403');
INSERT INTO "LECTUREROOM"("BUILDNO", "ROOMNO") VALUES ('과S','404');
INSERT INTO "LECTUREROOM"("BUILDNO", "ROOMNO") VALUES ('과S','501');
INSERT INTO "LECTUREROOM"("BUILDNO", "ROOMNO") VALUES ('과S','502');
INSERT INTO "LECTUREROOM"("BUILDNO", "ROOMNO") VALUES ('과S','502-B');
INSERT INTO "LECTUREROOM"("BUILDNO", "ROOMNO") VALUES ('과S','502-C');
INSERT INTO "LECTUREROOM"("BUILDNO", "ROOMNO") VALUES ('과S','503');
INSERT INTO "LECTUREROOM"("BUILDNO", "ROOMNO") VALUES ('신','201');
INSERT INTO "LECTUREROOM"("BUILDNO", "ROOMNO") VALUES ('신','202');
INSERT INTO "LECTUREROOM"("BUILDNO", "ROOMNO") VALUES ('신','203');
INSERT INTO "LECTUREROOM"("BUILDNO", "ROOMNO") VALUES ('신','204');
INSERT INTO "LECTUREROOM"("BUILDNO", "ROOMNO") VALUES ('신','301');
INSERT INTO "LECTUREROOM"("BUILDNO", "ROOMNO") VALUES ('신','302');
INSERT INTO "LECTUREROOM"("BUILDNO", "ROOMNO") VALUES ('신','401');
INSERT INTO "LECTUREROOM"("BUILDNO", "ROOMNO") VALUES ('신','501');
INSERT INTO "LECTUREROOM"("BUILDNO", "ROOMNO") VALUES ('신','502');
INSERT INTO "LECTUREROOM"("BUILDNO", "ROOMNO") VALUES ('신','503');
INSERT INTO "LECTUREROOM"("BUILDNO", "ROOMNO") VALUES ('신','601');
INSERT INTO "LECTUREROOM"("BUILDNO", "ROOMNO") VALUES ('신','608');
INSERT INTO "LECTUREROOM"("BUILDNO", "ROOMNO") VALUES ('신','609');
INSERT INTO "LECTUREROOM"("BUILDNO", "ROOMNO") VALUES ('신','610');
INSERT INTO "LECTUREROOM"("BUILDNO", "ROOMNO") VALUES ('신','611');
INSERT INTO "LECTUREROOM"("BUILDNO", "ROOMNO") VALUES ('신','612');
INSERT INTO "LECTUREROOM"("BUILDNO", "ROOMNO") VALUES ('연','101');
INSERT INTO "LECTUREROOM"("BUILDNO", "ROOMNO") VALUES ('연','102');
INSERT INTO "LECTUREROOM"("BUILDNO", "ROOMNO") VALUES ('연','103');
INSERT INTO "LECTUREROOM"("BUILDNO", "ROOMNO") VALUES ('연','104-1');
INSERT INTO "LECTUREROOM"("BUILDNO", "ROOMNO") VALUES ('연','104-2');
INSERT INTO "LECTUREROOM"("BUILDNO", "ROOMNO") VALUES ('연','105-1');
INSERT INTO "LECTUREROOM"("BUILDNO", "ROOMNO") VALUES ('연','105-2');
INSERT INTO "LECTUREROOM"("BUILDNO", "ROOMNO") VALUES ('연','201');
INSERT INTO "LECTUREROOM"("BUILDNO", "ROOMNO") VALUES ('연','202');
INSERT INTO "LECTUREROOM"("BUILDNO", "ROOMNO") VALUES ('연','203');
INSERT INTO "LECTUREROOM"("BUILDNO", "ROOMNO") VALUES ('연','205');
INSERT INTO "LECTUREROOM"("BUILDNO", "ROOMNO") VALUES ('연','301');
INSERT INTO "LECTUREROOM"("BUILDNO", "ROOMNO") VALUES ('연','303');
INSERT INTO "LECTUREROOM"("BUILDNO", "ROOMNO") VALUES ('광','409');
INSERT INTO "LECTUREROOM"("BUILDNO", "ROOMNO") VALUES ('광','410');
INSERT INTO "LECTUREROOM"("BUILDNO", "ROOMNO") VALUES ('광','411');
INSERT INTO "LECTUREROOM"("BUILDNO", "ROOMNO") VALUES ('광','461');
INSERT INTO "LECTUREROOM"("BUILDNO", "ROOMNO") VALUES ('광','532');
INSERT INTO "LECTUREROOM"("BUILDNO", "ROOMNO") VALUES ('광','533');
INSERT INTO "LECTUREROOM"("BUILDNO", "ROOMNO") VALUES ('음(A)','201');
INSERT INTO "LECTUREROOM"("BUILDNO", "ROOMNO") VALUES ('음(A)','202');
INSERT INTO "LECTUREROOM"("BUILDNO", "ROOMNO") VALUES ('음(A)','203');
INSERT INTO "LECTUREROOM"("BUILDNO", "ROOMNO") VALUES ('음(A)','204');
INSERT INTO "LECTUREROOM"("BUILDNO", "ROOMNO") VALUES ('음(A)','205');
INSERT INTO "LECTUREROOM"("BUILDNO", "ROOMNO") VALUES ('음(A)','401');
INSERT INTO "LECTUREROOM"("BUILDNO", "ROOMNO") VALUES ('음(A)','402');
INSERT INTO "LECTUREROOM"("BUILDNO", "ROOMNO") VALUES ('음(A)','403');
INSERT INTO "LECTUREROOM"("BUILDNO", "ROOMNO") VALUES ('음(A)','404');
INSERT INTO "LECTUREROOM"("BUILDNO", "ROOMNO") VALUES ('음(A)','405');
INSERT INTO "LECTUREROOM"("BUILDNO", "ROOMNO") VALUES ('음(A)','406');
INSERT INTO "LECTUREROOM"("BUILDNO", "ROOMNO") VALUES ('음(A)','501');
INSERT INTO "LECTUREROOM"("BUILDNO", "ROOMNO") VALUES ('음(A)','502');
INSERT INTO "LECTUREROOM"("BUILDNO", "ROOMNO") VALUES ('음(B)','101');
INSERT INTO "LECTUREROOM"("BUILDNO", "ROOMNO") VALUES ('음(B)','102');
INSERT INTO "LECTUREROOM"("BUILDNO", "ROOMNO") VALUES ('음(B)','103');
INSERT INTO "LECTUREROOM"("BUILDNO", "ROOMNO") VALUES ('음(B)','301');
INSERT INTO "LECTUREROOM"("BUILDNO", "ROOMNO") VALUES ('음(B)','302');
INSERT INTO "LECTUREROOM"("BUILDNO", "ROOMNO") VALUES ('음(B)','303');
INSERT INTO "LECTUREROOM"("BUILDNO", "ROOMNO") VALUES ('음(B)','401');
INSERT INTO "LECTUREROOM"("BUILDNO", "ROOMNO") VALUES ('음(B)','405');
INSERT INTO "LECTUREROOM"("BUILDNO", "ROOMNO") VALUES ('음(B)','406');
INSERT INTO "LECTUREROOM"("BUILDNO", "ROOMNO") VALUES ('음(B)','412');
INSERT INTO "LECTUREROOM"("BUILDNO", "ROOMNO") VALUES ('음(B)','501');
INSERT INTO "LECTUREROOM"("BUILDNO", "ROOMNO") VALUES ('음(B)','509');
INSERT INTO "LECTUREROOM"("BUILDNO", "ROOMNO") VALUES ('생','101');
INSERT INTO "LECTUREROOM"("BUILDNO", "ROOMNO") VALUES ('생','102');
INSERT INTO "LECTUREROOM"("BUILDNO", "ROOMNO") VALUES ('생','103-A');
INSERT INTO "LECTUREROOM"("BUILDNO", "ROOMNO") VALUES ('생','103-C');
INSERT INTO "LECTUREROOM"("BUILDNO", "ROOMNO") VALUES ('생','301');
INSERT INTO "LECTUREROOM"("BUILDNO", "ROOMNO") VALUES ('생','302');
INSERT INTO "LECTUREROOM"("BUILDNO", "ROOMNO") VALUES ('생','303');
INSERT INTO "LECTUREROOM"("BUILDNO", "ROOMNO") VALUES ('생','304');
INSERT INTO "LECTUREROOM"("BUILDNO", "ROOMNO") VALUES ('생','305');
INSERT INTO "LECTUREROOM"("BUILDNO", "ROOMNO") VALUES ('생','401');
INSERT INTO "LECTUREROOM"("BUILDNO", "ROOMNO") VALUES ('생','402');
INSERT INTO "LECTUREROOM"("BUILDNO", "ROOMNO") VALUES ('생','403');
INSERT INTO "LECTUREROOM"("BUILDNO", "ROOMNO") VALUES ('생','404');
INSERT INTO "LECTUREROOM"("BUILDNO", "ROOMNO") VALUES ('생','405');
INSERT INTO "LECTUREROOM"("BUILDNO", "ROOMNO") VALUES ('생','406');
INSERT INTO "LECTUREROOM"("BUILDNO", "ROOMNO") VALUES ('생','407');
INSERT INTO "LECTUREROOM"("BUILDNO", "ROOMNO") VALUES ('생','501');
INSERT INTO "LECTUREROOM"("BUILDNO", "ROOMNO") VALUES ('생','502');
INSERT INTO "LECTUREROOM"("BUILDNO", "ROOMNO") VALUES ('생','503');
INSERT INTO "LECTUREROOM"("BUILDNO", "ROOMNO") VALUES ('생','504');
INSERT INTO "LECTUREROOM"("BUILDNO", "ROOMNO") VALUES ('용','101');
INSERT INTO "LECTUREROOM"("BUILDNO", "ROOMNO") VALUES ('용','102');
INSERT INTO "LECTUREROOM"("BUILDNO", "ROOMNO") VALUES ('용','103');
INSERT INTO "LECTUREROOM"("BUILDNO", "ROOMNO") VALUES ('용','104');
INSERT INTO "LECTUREROOM"("BUILDNO", "ROOMNO") VALUES ('용','201');
INSERT INTO "LECTUREROOM"("BUILDNO", "ROOMNO") VALUES ('용','202');
INSERT INTO "LECTUREROOM"("BUILDNO", "ROOMNO") VALUES ('용','203');
INSERT INTO "LECTUREROOM"("BUILDNO", "ROOMNO") VALUES ('용','204');
INSERT INTO "LECTUREROOM"("BUILDNO", "ROOMNO") VALUES ('용','301');
INSERT INTO "LECTUREROOM"("BUILDNO", "ROOMNO") VALUES ('용','302');
INSERT INTO "LECTUREROOM"("BUILDNO", "ROOMNO") VALUES ('용','303');
INSERT INTO "LECTUREROOM"("BUILDNO", "ROOMNO") VALUES ('용','304');
INSERT INTO "LECTUREROOM"("BUILDNO", "ROOMNO") VALUES ('체','201');
INSERT INTO "LECTUREROOM"("BUILDNO", "ROOMNO") VALUES ('체','202');
INSERT INTO "LECTUREROOM"("BUILDNO", "ROOMNO") VALUES ('체','203');
INSERT INTO "LECTUREROOM"("BUILDNO", "ROOMNO") VALUES ('체','204');
INSERT INTO "LECTUREROOM"("BUILDNO", "ROOMNO") VALUES ('체','205');
INSERT INTO "LECTUREROOM"("BUILDNO", "ROOMNO") VALUES ('체','301');
INSERT INTO "LECTUREROOM"("BUILDNO", "ROOMNO") VALUES ('체','302');
INSERT INTO "LECTUREROOM"("BUILDNO", "ROOMNO") VALUES ('체','303');
INSERT INTO "LECTUREROOM"("BUILDNO", "ROOMNO") VALUES ('체','304');
INSERT INTO "LECTUREROOM"("BUILDNO", "ROOMNO") VALUES ('체','401');
INSERT INTO "LECTUREROOM"("BUILDNO", "ROOMNO") VALUES ('체','402');
INSERT INTO "LECTUREROOM"("BUILDNO", "ROOMNO") VALUES ('장기원','101');
INSERT INTO "LECTUREROOM"("BUILDNO", "ROOMNO") VALUES ('장기원','101-B');
INSERT INTO "LECTUREROOM"("BUILDNO", "ROOMNO") VALUES ('장기원','101-C');
INSERT INTO "LECTUREROOM"("BUILDNO", "ROOMNO") VALUES ('장기원','102');
INSERT INTO "LECTUREROOM"("BUILDNO", "ROOMNO") VALUES ('장기원','103');
INSERT INTO "LECTUREROOM"("BUILDNO", "ROOMNO") VALUES ('장기원','201');
INSERT INTO "LECTUREROOM"("BUILDNO", "ROOMNO") VALUES ('장기원','202');
INSERT INTO "LECTUREROOM"("BUILDNO", "ROOMNO") VALUES ('장기원','203');
INSERT INTO "LECTUREROOM"("BUILDNO", "ROOMNO") VALUES ('장기원','204');
INSERT INTO "LECTUREROOM"("BUILDNO", "ROOMNO") VALUES ('장기원','205');
INSERT INTO "LECTUREROOM"("BUILDNO", "ROOMNO") VALUES ('장기원','206');
INSERT INTO "LECTUREROOM"("BUILDNO", "ROOMNO") VALUES ('백','101');
INSERT INTO "LECTUREROOM"("BUILDNO", "ROOMNO") VALUES ('백','102');
INSERT INTO "LECTUREROOM"("BUILDNO", "ROOMNO") VALUES ('백','103');
INSERT INTO "LECTUREROOM"("BUILDNO", "ROOMNO") VALUES ('백','104');
INSERT INTO "LECTUREROOM"("BUILDNO", "ROOMNO") VALUES ('백','201');
INSERT INTO "LECTUREROOM"("BUILDNO", "ROOMNO") VALUES ('백','202');
INSERT INTO "LECTUREROOM"("BUILDNO", "ROOMNO") VALUES ('백','203');
INSERT INTO "LECTUREROOM"("BUILDNO", "ROOMNO") VALUES ('백','204');
INSERT INTO "LECTUREROOM"("BUILDNO", "ROOMNO") VALUES ('백','205');
INSERT INTO "LECTUREROOM"("BUILDNO", "ROOMNO") VALUES ('백','301');
INSERT INTO "LECTUREROOM"("BUILDNO", "ROOMNO") VALUES ('아','101');
INSERT INTO "LECTUREROOM"("BUILDNO", "ROOMNO") VALUES ('아','102');
INSERT INTO "LECTUREROOM"("BUILDNO", "ROOMNO") VALUES ('아','103');
INSERT INTO "LECTUREROOM"("BUILDNO", "ROOMNO") VALUES ('아','104');
INSERT INTO "LECTUREROOM"("BUILDNO", "ROOMNO") VALUES ('아','211');
INSERT INTO "LECTUREROOM"("BUILDNO", "ROOMNO") VALUES ('아','212');
INSERT INTO "LECTUREROOM"("BUILDNO", "ROOMNO") VALUES ('아','213');
INSERT INTO "LECTUREROOM"("BUILDNO", "ROOMNO") VALUES ('아','214');
INSERT INTO "LECTUREROOM"("BUILDNO", "ROOMNO") VALUES ('아','301');
INSERT INTO "LECTUREROOM"("BUILDNO", "ROOMNO") VALUES ('아','313');
INSERT INTO "LECTUREROOM"("BUILDNO", "ROOMNO") VALUES ('아','314');
INSERT INTO "LECTUREROOM"("BUILDNO", "ROOMNO") VALUES ('아','401');
INSERT INTO "LECTUREROOM"("BUILDNO", "ROOMNO") VALUES ('아','402');
INSERT INTO "LECTUREROOM"("BUILDNO", "ROOMNO") VALUES ('빌','101');
INSERT INTO "LECTUREROOM"("BUILDNO", "ROOMNO") VALUES ('빌','102');
INSERT INTO "LECTUREROOM"("BUILDNO", "ROOMNO") VALUES ('빌','103');
INSERT INTO "LECTUREROOM"("BUILDNO", "ROOMNO") VALUES ('빌','104');
INSERT INTO "LECTUREROOM"("BUILDNO", "ROOMNO") VALUES ('빌','201');
INSERT INTO "LECTUREROOM"("BUILDNO", "ROOMNO") VALUES ('빌','202');
INSERT INTO "LECTUREROOM"("BUILDNO", "ROOMNO") VALUES ('빌','203');
INSERT INTO "LECTUREROOM"("BUILDNO", "ROOMNO") VALUES ('빌','204');
INSERT INTO "LECTUREROOM"("BUILDNO", "ROOMNO") VALUES ('빌','205');
INSERT INTO "LECTUREROOM"("BUILDNO", "ROOMNO") VALUES ('빌','301');
INSERT INTO "LECTUREROOM"("BUILDNO", "ROOMNO") VALUES ('빌','302');
INSERT INTO "LECTUREROOM"("BUILDNO", "ROOMNO") VALUES ('간','101');
INSERT INTO "LECTUREROOM"("BUILDNO", "ROOMNO") VALUES ('간','102');
INSERT INTO "LECTUREROOM"("BUILDNO", "ROOMNO") VALUES ('간','103');
INSERT INTO "LECTUREROOM"("BUILDNO", "ROOMNO") VALUES ('간','104');
INSERT INTO "LECTUREROOM"("BUILDNO", "ROOMNO") VALUES ('간','105');
INSERT INTO "LECTUREROOM"("BUILDNO", "ROOMNO") VALUES ('간','201');
INSERT INTO "LECTUREROOM"("BUILDNO", "ROOMNO") VALUES ('간','202');
INSERT INTO "LECTUREROOM"("BUILDNO", "ROOMNO") VALUES ('간','203');
INSERT INTO "LECTUREROOM"("BUILDNO", "ROOMNO") VALUES ('간','204');
INSERT INTO "LECTUREROOM"("BUILDNO", "ROOMNO") VALUES ('간','301');
INSERT INTO "LECTUREROOM"("BUILDNO", "ROOMNO") VALUES ('간','302');
INSERT INTO "LECTUREROOM"("BUILDNO", "ROOMNO") VALUES ('간','303');
INSERT INTO "LECTUREROOM"("BUILDNO", "ROOMNO") VALUES ('새천','101');
INSERT INTO "LECTUREROOM"("BUILDNO", "ROOMNO") VALUES ('새천','102');
INSERT INTO "LECTUREROOM"("BUILDNO", "ROOMNO") VALUES ('새천','103');
INSERT INTO "LECTUREROOM"("BUILDNO", "ROOMNO") VALUES ('새천','201');
INSERT INTO "LECTUREROOM"("BUILDNO", "ROOMNO") VALUES ('새천','202');
INSERT INTO "LECTUREROOM"("BUILDNO", "ROOMNO") VALUES ('새천','203');
INSERT INTO "LECTUREROOM"("BUILDNO", "ROOMNO") VALUES ('새천','301');
INSERT INTO "LECTUREROOM"("BUILDNO", "ROOMNO") VALUES ('새천','302');
INSERT INTO "LECTUREROOM"("BUILDNO", "ROOMNO") VALUES ('새천','303');
INSERT INTO "LECTUREROOM"("BUILDNO", "ROOMNO") VALUES ('새천','401');
INSERT INTO "LECTUREROOM"("BUILDNO", "ROOMNO") VALUES ('새천','402');
INSERT INTO "LECTUREROOM"("BUILDNO", "ROOMNO") VALUES ('새천','403');
INSERT INTO "LECTUREROOM"("BUILDNO", "ROOMNO") VALUES ('김대중도서관','433');
INSERT INTO "LECTUREROOM"("BUILDNO", "ROOMNO") VALUES ('김대중도서관','452');
INSERT INTO "LECTUREROOM"("BUILDNO", "ROOMNO") VALUES ('김대중도서관','512');
INSERT INTO "LECTUREROOM"("BUILDNO", "ROOMNO") VALUES ('김대중도서관','513');
INSERT INTO "LECTUREROOM"("BUILDNO", "ROOMNO") VALUES ('첨','101');
INSERT INTO "LECTUREROOM"("BUILDNO", "ROOMNO") VALUES ('첨','102');
INSERT INTO "LECTUREROOM"("BUILDNO", "ROOMNO") VALUES ('첨','103');
INSERT INTO "LECTUREROOM"("BUILDNO", "ROOMNO") VALUES ('첨','104');
INSERT INTO "LECTUREROOM"("BUILDNO", "ROOMNO") VALUES ('첨','105');
INSERT INTO "LECTUREROOM"("BUILDNO", "ROOMNO") VALUES ('첨','211');
INSERT INTO "LECTUREROOM"("BUILDNO", "ROOMNO") VALUES ('첨','212');
INSERT INTO "LECTUREROOM"("BUILDNO", "ROOMNO") VALUES ('첨','213');
INSERT INTO "LECTUREROOM"("BUILDNO", "ROOMNO") VALUES ('첨','214');
INSERT INTO "LECTUREROOM"("BUILDNO", "ROOMNO") VALUES ('첨','215');
INSERT INTO "LECTUREROOM"("BUILDNO", "ROOMNO") VALUES ('첨','216');
INSERT INTO "LECTUREROOM"("BUILDNO", "ROOMNO") VALUES ('첨','312');
INSERT INTO "LECTUREROOM"("BUILDNO", "ROOMNO") VALUES ('첨','313');
INSERT INTO "LECTUREROOM"("BUILDNO", "ROOMNO") VALUES ('첨','314');
INSERT INTO "LECTUREROOM"("BUILDNO", "ROOMNO") VALUES ('첨','315');
INSERT INTO "LECTUREROOM"("BUILDNO", "ROOMNO") VALUES ('첨','401');
INSERT INTO "LECTUREROOM"("BUILDNO", "ROOMNO") VALUES ('첨','402');
INSERT INTO "LECTUREROOM"("BUILDNO", "ROOMNO") VALUES ('첨','403-A');
INSERT INTO "LECTUREROOM"("BUILDNO", "ROOMNO") VALUES ('첨','403-B');
INSERT INTO "LECTUREROOM"("BUILDNO", "ROOMNO") VALUES ('첨','403-C');
INSERT INTO "LECTUREROOM"("BUILDNO", "ROOMNO") VALUES ('첨','404');
INSERT INTO "LECTUREROOM"("BUILDNO", "ROOMNO") VALUES ('첨','405');
INSERT INTO "LECTUREROOM"("BUILDNO", "ROOMNO") VALUES ('첨','501');
INSERT INTO "LECTUREROOM"("BUILDNO", "ROOMNO") VALUES ('첨','502');
INSERT INTO "LECTUREROOM"("BUILDNO", "ROOMNO") VALUES ('첨','503');
INSERT INTO "LECTUREROOM"("BUILDNO", "ROOMNO") VALUES ('첨','511');
INSERT INTO "SEMESTER"("YEAR", "SEMESTER", "START_DATE", "END_DATE") VALUES (2013,1, '2013-03-01', '2013-06-21');
INSERT INTO "SEMESTER"("YEAR", "SEMESTER", "START_DATE", "END_DATE") VALUES (2013,2, '2013-09-01', '2013-12-22');
INSERT INTO "SEMESTER"("YEAR", "SEMESTER", "START_DATE", "END_DATE") VALUES (2014,1, '2014-03-01', '2014-06-21');
INSERT INTO "SEMESTER"("YEAR", "SEMESTER", "START_DATE", "END_DATE") VALUES (2014,2, '2014-09-01', '2014-12-24');
INSERT INTO "SEMESTER"("YEAR", "SEMESTER", "START_DATE", "END_DATE") VALUES (2015,1, '2015-03-01', '2015-06-21');
INSERT INTO "SEMESTER"("YEAR", "SEMESTER", "START_DATE", "END_DATE") VALUES (2015,2, '2015-09-01', '2015-12-22');
INSERT INTO "SEMESTER"("YEAR", "SEMESTER", "START_DATE", "END_DATE") VALUES (2016,1, '2016-03-01', '2016-06-23');
INSERT INTO "SEMESTER"("YEAR", "SEMESTER", "START_DATE", "END_DATE") VALUES (2016,2, '2016-09-01', '2016-12-22');
INSERT INTO "SEMESTER"("YEAR", "SEMESTER", "START_DATE", "END_DATE") VALUES (2017,1, '2017-03-01', '2017-06-22');
INSERT INTO "SEMESTER"("YEAR", "SEMESTER", "START_DATE", "END_DATE") VALUES (2017,2, '2017-09-01', '2017-12-22');
INSERT INTO "SEMESTER"("YEAR", "SEMESTER", "START_DATE", "END_DATE") VALUES (2018,1, '2018-03-01', '2018-06-21');
INSERT INTO "SEMESTER"("YEAR", "SEMESTER", "START_DATE", "END_DATE") VALUES (2018,2, '2018-09-01', '2018-12-22');
INSERT INTO "TIMETABLE"("NO", "START_TIME", "END_TIME") VALUES (0, '8:00', '8:50');
INSERT INTO "TIMETABLE"("NO", "START_TIME", "END_TIME") VALUES (1, '9:00', '9:50');
INSERT INTO "TIMETABLE"("NO", "START_TIME", "END_TIME") VALUES (2, '10:00', '10:50');
INSERT INTO "TIMETABLE"("NO", "START_TIME", "END_TIME") VALUES (3, '11:00', '11:50');
INSERT INTO "TIMETABLE"("NO", "START_TIME", "END_TIME") VALUES (4, '12:00', '12:50');
INSERT INTO "TIMETABLE"("NO", "START_TIME", "END_TIME") VALUES (5, '13:00', '13:50');
INSERT INTO "TIMETABLE"("NO", "START_TIME", "END_TIME") VALUES (6, '14:00', '14:50');
INSERT INTO "TIMETABLE"("NO", "START_TIME", "END_TIME") VALUES (7, '15:00', '15:50');
INSERT INTO "TIMETABLE"("NO", "START_TIME", "END_TIME") VALUES (8, '16:00', '16:50');
INSERT INTO "TIMETABLE"("NO", "START_TIME", "END_TIME") VALUES (9, '17:00', '17:50');
INSERT INTO "TIMETABLE"("NO", "START_TIME", "END_TIME") VALUES (10, '18:00', '18:50');

INSERT INTO "FACULTY"("ID","NAME","MAJOR_ID","POSITION") VALUES ('2017018470','dladjo','KOR','정교수');
INSERT INTO "FACULTY"("ID","NAME","MAJOR_ID","POSITION") VALUES ('2018651051','ygxnko','CLL','부교수');
INSERT INTO "FACULTY"("ID","NAME","MAJOR_ID","POSITION") VALUES ('2015258232','rqkbji','ELL','부교수');
INSERT INTO "FACULTY"("ID","NAME","MAJOR_ID","POSITION") VALUES ('2019208382','vmgzfy','GER','부교수');
INSERT INTO "FACULTY"("ID","NAME","MAJOR_ID","POSITION") VALUES ('2015898677','unpdvj','FRE','부교수');
INSERT INTO "FACULTY"("ID","NAME","MAJOR_ID","POSITION") VALUES ('2018452764','vsmvbt','RUS','부교수');
INSERT INTO "FACULTY"("ID","NAME","MAJOR_ID","POSITION") VALUES ('2016901561','tqkygw','HIS','부교수');
INSERT INTO "FACULTY"("ID","NAME","MAJOR_ID","POSITION") VALUES ('2017513158','jjmnxu','PHI','정교수');
INSERT INTO "FACULTY"("ID","NAME","MAJOR_ID","POSITION") VALUES ('2016898198','ofcasj','LIS','조교수');
INSERT INTO "FACULTY"("ID","NAME","MAJOR_ID","POSITION") VALUES ('2017374512','afpfwu','PSY','부교수');
INSERT INTO "FACULTY"("ID","NAME","MAJOR_ID","POSITION") VALUES ('2018003127','itquwa','EDU','정교수');
INSERT INTO "FACULTY"("ID","NAME","MAJOR_ID","POSITION") VALUES ('2015605139','bsiayy','ECO','부교수');
INSERT INTO "FACULTY"("ID","NAME","MAJOR_ID","POSITION") VALUES ('2017692797','jqclal','STA','조교수');
INSERT INTO "FACULTY"("ID","NAME","MAJOR_ID","POSITION") VALUES ('2018251967','olrgzi','BIZ','조교수');
INSERT INTO "FACULTY"("ID","NAME","MAJOR_ID","POSITION") VALUES ('2019126437','tkvltg','POL','정교수');
INSERT INTO "FACULTY"("ID","NAME","MAJOR_ID","POSITION") VALUES ('2017056878','qnewvj','PUB','부교수');
INSERT INTO "FACULTY"("ID","NAME","MAJOR_ID","POSITION") VALUES ('2016516343','eewwyl','COM','부교수');
INSERT INTO "FACULTY"("ID","NAME","MAJOR_ID","POSITION") VALUES ('2015318193','agalhl','SOW','조교수');
INSERT INTO "FACULTY"("ID","NAME","MAJOR_ID","POSITION") VALUES ('2015624571','hyxfwy','SOC','조교수');
INSERT INTO "FACULTY"("ID","NAME","MAJOR_ID","POSITION") VALUES ('2017921405','mzhcso','ANT','조교수');
INSERT INTO "FACULTY"("ID","NAME","MAJOR_ID","POSITION") VALUES ('2017586704','fjtysx','LAW','정교수');
INSERT INTO "FACULTY"("ID","NAME","MAJOR_ID","POSITION") VALUES ('2015667671','xioavf','MAT','부교수');
INSERT INTO "FACULTY"("ID","NAME","MAJOR_ID","POSITION") VALUES ('2015791040','oreacz','PHY','조교수');
INSERT INTO "FACULTY"("ID","NAME","MAJOR_ID","POSITION") VALUES ('2015801431','yuolpq','CHE','정교수');
INSERT INTO "FACULTY"("ID","NAME","MAJOR_ID","POSITION") VALUES ('2017502427','wkdxfj','ESS','정교수');
INSERT INTO "FACULTY"("ID","NAME","MAJOR_ID","POSITION") VALUES ('2015753921','srhtzq','AST','부교수');
INSERT INTO "FACULTY"("ID","NAME","MAJOR_ID","POSITION") VALUES ('2016646450','zhuhmu','ATM','부교수');
INSERT INTO "FACULTY"("ID","NAME","MAJOR_ID","POSITION") VALUES ('2017297755','igdejx','DAA','정교수');
INSERT INTO "FACULTY"("ID","NAME","MAJOR_ID","POSITION") VALUES ('2018015371','ebsqxl','EEE','정교수');
INSERT INTO "FACULTY"("ID","NAME","MAJOR_ID","POSITION") VALUES ('2015314887','xcpyzh','ARC','부교수');
INSERT INTO "FACULTY"("ID","NAME","MAJOR_ID","POSITION") VALUES ('2019923504','wjcwzi','CRP','부교수');
INSERT INTO "FACULTY"("ID","NAME","MAJOR_ID","POSITION") VALUES ('2017039325','kisbed','CEE','정교수');
INSERT INTO "FACULTY"("ID","NAME","MAJOR_ID","POSITION") VALUES ('2016244719','cbscei','MEU','조교수');
INSERT INTO "FACULTY"("ID","NAME","MAJOR_ID","POSITION") VALUES ('2019996693','vopfzz','MST','부교수');
INSERT INTO "FACULTY"("ID","NAME","MAJOR_ID","POSITION") VALUES ('2016855917','raaqbo','CSI','부교수');
INSERT INTO "FACULTY"("ID","NAME","MAJOR_ID","POSITION") VALUES ('2017431033','hhmyay','IIE','조교수');
INSERT INTO "FACULTY"("ID","NAME","MAJOR_ID","POSITION") VALUES ('2016331351','ortwwe','BIO','조교수');
INSERT INTO "FACULTY"("ID","NAME","MAJOR_ID","POSITION") VALUES ('2016268779','bmstbk','BCH','정교수');
INSERT INTO "FACULTY"("ID","NAME","MAJOR_ID","POSITION") VALUES ('2019725302','sisdog','BTE','조교수');
INSERT INTO "FACULTY"("ID","NAME","MAJOR_ID","POSITION") VALUES ('2016807687','itafqr','CNT','부교수');
INSERT INTO "FACULTY"("ID","NAME","MAJOR_ID","POSITION") VALUES ('2016081260','mjgpei','FNS','정교수');
INSERT INTO "FACULTY"("ID","NAME","MAJOR_ID","POSITION") VALUES ('2019755504','mdxbqo','HID','부교수');
INSERT INTO "FACULTY"("ID","NAME","MAJOR_ID","POSITION") VALUES ('2017023937','nfvddq','CFS','정교수');
INSERT INTO "FACULTY"("ID","NAME","MAJOR_ID","POSITION") VALUES ('2017967694','fjdkof','DSN','조교수');
INSERT INTO "FACULTY"("ID","NAME","MAJOR_ID","POSITION") VALUES ('2017775107','rpsgkp','THE','조교수');
INSERT INTO "FACULTY"("ID","NAME","MAJOR_ID","POSITION") VALUES ('2018087678','ybyukj','NUR','부교수');
INSERT INTO "STUDENTS"("STUDENT_ID","NAME","MAJOR_ID","GRADE","ADMISSION_YEAR") VALUES ('2017294854','mioobh','GER',3,2017);
INSERT INTO "STUDENTS"("STUDENT_ID","NAME","MAJOR_ID","GRADE","ADMISSION_YEAR") VALUES ('2017588712','hkshtl','SOC',3,2017);
INSERT INTO "STUDENTS"("STUDENT_ID","NAME","MAJOR_ID","GRADE","ADMISSION_YEAR") VALUES ('2017412721','icxrmo','NUR',3,2017);
INSERT INTO "STUDENTS"("STUDENT_ID","NAME","MAJOR_ID","GRADE","ADMISSION_YEAR") VALUES ('2016596487','nyrvxk','SOW',4,2016);
INSERT INTO "STUDENTS"("STUDENT_ID","NAME","MAJOR_ID","GRADE","ADMISSION_YEAR") VALUES ('2017359985','xpmznx','MEU',3,2017);
INSERT INTO "STUDENTS"("STUDENT_ID","NAME","MAJOR_ID","GRADE","ADMISSION_YEAR") VALUES ('2019525328','gytbil','NUR',1,2019);
INSERT INTO "STUDENTS"("STUDENT_ID","NAME","MAJOR_ID","GRADE","ADMISSION_YEAR") VALUES ('2019270655','vivkym','KOR',1,2019);
INSERT INTO "STUDENTS"("STUDENT_ID","NAME","MAJOR_ID","GRADE","ADMISSION_YEAR","GRADUATE_YEAR") VALUES ('2015384178','kkqiod','EEE',5,2015,2020);
INSERT INTO "STUDENTS"("STUDENT_ID","NAME","MAJOR_ID","GRADE","ADMISSION_YEAR","GRADUATE_YEAR") VALUES ('2015161973','kbncyt','BIO',5,2015,2020);
INSERT INTO "STUDENTS"("STUDENT_ID","NAME","MAJOR_ID","GRADE","ADMISSION_YEAR") VALUES ('2016635486','bimlfx','BIZ',4,2016);
INSERT INTO "STUDENTS"("STUDENT_ID","NAME","MAJOR_ID","GRADE","ADMISSION_YEAR") VALUES ('2017121281','dncefu','SOW',3,2017);
INSERT INTO "STUDENTS"("STUDENT_ID","NAME","MAJOR_ID","GRADE","ADMISSION_YEAR") VALUES ('2016900865','yqktyu','ARC',4,2016);
INSERT INTO "STUDENTS"("STUDENT_ID","NAME","MAJOR_ID","GRADE","ADMISSION_YEAR") VALUES ('2018164815','fbitbn','BTE',2,2018);
INSERT INTO "STUDENTS"("STUDENT_ID","NAME","MAJOR_ID","GRADE","ADMISSION_YEAR") VALUES ('2019234555','xxutvx','CNT',1,2019);
INSERT INTO "STUDENTS"("STUDENT_ID","NAME","MAJOR_ID","GRADE","ADMISSION_YEAR","GRADUATE_YEAR") VALUES ('2015826516','foelzk','THE',5,2015,2020);
INSERT INTO "STUDENTS"("STUDENT_ID","NAME","MAJOR_ID","GRADE","ADMISSION_YEAR") VALUES ('2018761812','ejokwe','ESS',2,2018);
INSERT INTO "STUDENTS"("STUDENT_ID","NAME","MAJOR_ID","GRADE","ADMISSION_YEAR") VALUES ('2017580180','kolqmq','THE',3,2017);
INSERT INTO "STUDENTS"("STUDENT_ID","NAME","MAJOR_ID","GRADE","ADMISSION_YEAR") VALUES ('2018671463','jsfsag','ECO',2,2018);
INSERT INTO "STUDENTS"("STUDENT_ID","NAME","MAJOR_ID","GRADE","ADMISSION_YEAR") VALUES ('2019038282','yhoafo','NUR',1,2019);
INSERT INTO "STUDENTS"("STUDENT_ID","NAME","MAJOR_ID","GRADE","ADMISSION_YEAR") VALUES ('2016572581','otufrr','BTE',4,2016);
INSERT INTO "STUDENTS"("STUDENT_ID","NAME","MAJOR_ID","GRADE","ADMISSION_YEAR","GRADUATE_YEAR") VALUES ('2015527683','dxlkmh','EDU',5,2015,2020);
INSERT INTO "STUDENTS"("STUDENT_ID","NAME","MAJOR_ID","GRADE","ADMISSION_YEAR") VALUES ('2019814089','ebjaam','CFS',1,2019);
INSERT INTO "STUDENTS"("STUDENT_ID","NAME","MAJOR_ID","GRADE","ADMISSION_YEAR") VALUES ('2017597496','ryveoc','ECO',3,2017);
INSERT INTO "STUDENTS"("STUDENT_ID","NAME","MAJOR_ID","GRADE","ADMISSION_YEAR") VALUES ('2017790956','krvupy','EEE',3,2017);
INSERT INTO "STUDENTS"("STUDENT_ID","NAME","MAJOR_ID","GRADE","ADMISSION_YEAR") VALUES ('2019076372','sewfek','CHE',1,2019);
INSERT INTO "STUDENTS"("STUDENT_ID","NAME","MAJOR_ID","GRADE","ADMISSION_YEAR") VALUES ('2018853865','iqfiww','LIS',2,2018);
INSERT INTO "STUDENTS"("STUDENT_ID","NAME","MAJOR_ID","GRADE","ADMISSION_YEAR") VALUES ('2019628534','odsdiq','SOW',1,2019);
INSERT INTO "STUDENTS"("STUDENT_ID","NAME","MAJOR_ID","GRADE","ADMISSION_YEAR","GRADUATE_YEAR") VALUES ('2015312913','jhjzga','BIZ',5,2015,2020);
INSERT INTO "STUDENTS"("STUDENT_ID","NAME","MAJOR_ID","GRADE","ADMISSION_YEAR","GRADUATE_YEAR") VALUES ('2015985825','bdshdi','BTE',5,2015,2020);
INSERT INTO "STUDENTS"("STUDENT_ID","NAME","MAJOR_ID","GRADE","ADMISSION_YEAR") VALUES ('2018400622','uynabs','ANT',2,2018);
INSERT INTO "COURSE"("COURSE_ID","YEAR","SEMESTER","COURSE_ID_PREFIX","COURSE_ID_NO","DIVISION_NO","COURSE_NAME","PROF_ID","BUILDNO","ROOMNO","CREDIT","MAX_ENROLLEES") VALUES (0,2019,2,'DAA','3607','1','ytqhchwy','2017297755','생','403',2,85);
INSERT INTO "COURSE"("COURSE_ID","YEAR","SEMESTER","COURSE_ID_PREFIX","COURSE_ID_NO","DIVISION_NO","COURSE_NAME","PROF_ID","BUILDNO","ROOMNO","CREDIT","MAX_ENROLLEES") VALUES (1,2019,2,'DAA','3607','2','ytqhchwy','2017297755','첨','102',2,21);
INSERT INTO "COURSE"("COURSE_ID","YEAR","SEMESTER","COURSE_ID_PREFIX","COURSE_ID_NO","DIVISION_NO","COURSE_NAME","PROF_ID","BUILDNO","ROOMNO","CREDIT","MAX_ENROLLEES") VALUES (2,2018,1,'ELL','6602','1','bmbwmqbz','2015258232','공B','309',3,211);
INSERT INTO "COURSE"("COURSE_ID","YEAR","SEMESTER","COURSE_ID_PREFIX","COURSE_ID_NO","DIVISION_NO","COURSE_NAME","PROF_ID","BUILDNO","ROOMNO","CREDIT","MAX_ENROLLEES") VALUES (3,2018,1,'ELL','6602','2','bmbwmqbz','2015258232','용','104',3,214);
INSERT INTO "COURSE"("COURSE_ID","YEAR","SEMESTER","COURSE_ID_PREFIX","COURSE_ID_NO","DIVISION_NO","COURSE_NAME","PROF_ID","BUILDNO","ROOMNO","CREDIT","MAX_ENROLLEES") VALUES (4,2018,1,'ELL','6602','3','bmbwmqbz','2015258232','체','203',3,241);
INSERT INTO "COURSE"("COURSE_ID","YEAR","SEMESTER","COURSE_ID_PREFIX","COURSE_ID_NO","DIVISION_NO","COURSE_NAME","PROF_ID","BUILDNO","ROOMNO","CREDIT","MAX_ENROLLEES") VALUES (5,2018,1,'ELL','6602','4','bmbwmqbz','2015258232','공C','206',3,21);
INSERT INTO "COURSE"("COURSE_ID","YEAR","SEMESTER","COURSE_ID_PREFIX","COURSE_ID_NO","DIVISION_NO","COURSE_NAME","PROF_ID","BUILDNO","ROOMNO","CREDIT","MAX_ENROLLEES") VALUES (6,2018,2,'ELL','6602','1','bmbwmqbz','2015258232','위','502',3,277);
INSERT INTO "COURSE"("COURSE_ID","YEAR","SEMESTER","COURSE_ID_PREFIX","COURSE_ID_NO","DIVISION_NO","COURSE_NAME","PROF_ID","BUILDNO","ROOMNO","CREDIT","MAX_ENROLLEES") VALUES (7,2018,2,'ELL','6602','2','bmbwmqbz','2015258232','광','409',3,212);
INSERT INTO "COURSE"("COURSE_ID","YEAR","SEMESTER","COURSE_ID_PREFIX","COURSE_ID_NO","DIVISION_NO","COURSE_NAME","PROF_ID","BUILDNO","ROOMNO","CREDIT","MAX_ENROLLEES") VALUES (8,2018,2,'ELL','6602','3','bmbwmqbz','2015258232','공A','505',3,280);
INSERT INTO "COURSE"("COURSE_ID","YEAR","SEMESTER","COURSE_ID_PREFIX","COURSE_ID_NO","DIVISION_NO","COURSE_NAME","PROF_ID","BUILDNO","ROOMNO","CREDIT","MAX_ENROLLEES") VALUES (9,2018,2,'ELL','6602','4','bmbwmqbz','2015258232','간','203',3,120);
INSERT INTO "COURSE"("COURSE_ID","YEAR","SEMESTER","COURSE_ID_PREFIX","COURSE_ID_NO","DIVISION_NO","COURSE_NAME","PROF_ID","BUILDNO","ROOMNO","CREDIT","MAX_ENROLLEES") VALUES (10,2019,1,'ELL','6602','1','bmbwmqbz','2015258232','용','104',3,147);
INSERT INTO "COURSE"("COURSE_ID","YEAR","SEMESTER","COURSE_ID_PREFIX","COURSE_ID_NO","DIVISION_NO","COURSE_NAME","PROF_ID","BUILDNO","ROOMNO","CREDIT","MAX_ENROLLEES") VALUES (11,2019,1,'ELL','6602','2','bmbwmqbz','2015258232','광','533',3,74);
INSERT INTO "COURSE"("COURSE_ID","YEAR","SEMESTER","COURSE_ID_PREFIX","COURSE_ID_NO","DIVISION_NO","COURSE_NAME","PROF_ID","BUILDNO","ROOMNO","CREDIT","MAX_ENROLLEES") VALUES (12,2019,1,'ELL','6602','3','bmbwmqbz','2015258232','공A','305',3,230);
INSERT INTO "COURSE"("COURSE_ID","YEAR","SEMESTER","COURSE_ID_PREFIX","COURSE_ID_NO","DIVISION_NO","COURSE_NAME","PROF_ID","BUILDNO","ROOMNO","CREDIT","MAX_ENROLLEES") VALUES (13,2019,1,'ELL','6602','4','bmbwmqbz','2015258232','상본','201',3,193);
INSERT INTO "COURSE"("COURSE_ID","YEAR","SEMESTER","COURSE_ID_PREFIX","COURSE_ID_NO","DIVISION_NO","COURSE_NAME","PROF_ID","BUILDNO","ROOMNO","CREDIT","MAX_ENROLLEES") VALUES (14,2019,2,'ELL','6602','1','bmbwmqbz','2015258232','새천','102',3,174);
INSERT INTO "COURSE"("COURSE_ID","YEAR","SEMESTER","COURSE_ID_PREFIX","COURSE_ID_NO","DIVISION_NO","COURSE_NAME","PROF_ID","BUILDNO","ROOMNO","CREDIT","MAX_ENROLLEES") VALUES (15,2019,2,'ELL','6602','2','bmbwmqbz','2015258232','공B','301',3,230);
INSERT INTO "COURSE"("COURSE_ID","YEAR","SEMESTER","COURSE_ID_PREFIX","COURSE_ID_NO","DIVISION_NO","COURSE_NAME","PROF_ID","BUILDNO","ROOMNO","CREDIT","MAX_ENROLLEES") VALUES (16,2019,2,'ELL','6602','3','bmbwmqbz','2015258232','공B','203',3,45);
INSERT INTO "COURSE"("COURSE_ID","YEAR","SEMESTER","COURSE_ID_PREFIX","COURSE_ID_NO","DIVISION_NO","COURSE_NAME","PROF_ID","BUILDNO","ROOMNO","CREDIT","MAX_ENROLLEES") VALUES (17,2019,2,'ELL','6602','4','bmbwmqbz','2015258232','과','101',3,29);
INSERT INTO "COURSE"("COURSE_ID","YEAR","SEMESTER","COURSE_ID_PREFIX","COURSE_ID_NO","DIVISION_NO","COURSE_NAME","PROF_ID","BUILDNO","ROOMNO","CREDIT","MAX_ENROLLEES") VALUES (18,2019,1,'MEU','2205','1','ilffbyno','2016244719','아','103',3,287);
INSERT INTO "COURSE"("COURSE_ID","YEAR","SEMESTER","COURSE_ID_PREFIX","COURSE_ID_NO","DIVISION_NO","COURSE_NAME","PROF_ID","BUILDNO","ROOMNO","CREDIT","MAX_ENROLLEES") VALUES (19,2019,1,'MEU','2205','2','ilffbyno','2016244719','교','203',3,196);
INSERT INTO "COURSE"("COURSE_ID","YEAR","SEMESTER","COURSE_ID_PREFIX","COURSE_ID_NO","DIVISION_NO","COURSE_NAME","PROF_ID","BUILDNO","ROOMNO","CREDIT","MAX_ENROLLEES") VALUES (20,2019,2,'MEU','2205','1','ilffbyno','2016244719','과','204',3,90);
INSERT INTO "COURSE"("COURSE_ID","YEAR","SEMESTER","COURSE_ID_PREFIX","COURSE_ID_NO","DIVISION_NO","COURSE_NAME","PROF_ID","BUILDNO","ROOMNO","CREDIT","MAX_ENROLLEES") VALUES (21,2019,2,'MEU','2205','2','ilffbyno','2016244719','공B','504',3,241);
INSERT INTO "COURSE"("COURSE_ID","YEAR","SEMESTER","COURSE_ID_PREFIX","COURSE_ID_NO","DIVISION_NO","COURSE_NAME","PROF_ID","BUILDNO","ROOMNO","CREDIT","MAX_ENROLLEES") VALUES (22,2019,1,'ECO','1013','1','owvqcwlj','2015605139','공A','208B',1,71);
INSERT INTO "COURSE"("COURSE_ID","YEAR","SEMESTER","COURSE_ID_PREFIX","COURSE_ID_NO","DIVISION_NO","COURSE_NAME","PROF_ID","BUILDNO","ROOMNO","CREDIT","MAX_ENROLLEES") VALUES (23,2019,1,'ECO','1013','2','owvqcwlj','2015605139','공C','203',1,66);
INSERT INTO "COURSE"("COURSE_ID","YEAR","SEMESTER","COURSE_ID_PREFIX","COURSE_ID_NO","DIVISION_NO","COURSE_NAME","PROF_ID","BUILDNO","ROOMNO","CREDIT","MAX_ENROLLEES") VALUES (24,2019,2,'ECO','1013','1','owvqcwlj','2015605139','공B','301',1,298);
INSERT INTO "COURSE"("COURSE_ID","YEAR","SEMESTER","COURSE_ID_PREFIX","COURSE_ID_NO","DIVISION_NO","COURSE_NAME","PROF_ID","BUILDNO","ROOMNO","CREDIT","MAX_ENROLLEES") VALUES (25,2019,2,'ECO','1013','2','owvqcwlj','2015605139','체','302',1,99);
INSERT INTO "COURSE"("COURSE_ID","YEAR","SEMESTER","COURSE_ID_PREFIX","COURSE_ID_NO","DIVISION_NO","COURSE_NAME","PROF_ID","BUILDNO","ROOMNO","CREDIT","MAX_ENROLLEES") VALUES (26,2019,2,'BIO','2728','1','mzmrbwgt','2016331351','공C','405',3,235);
INSERT INTO "COURSE"("COURSE_ID","YEAR","SEMESTER","COURSE_ID_PREFIX","COURSE_ID_NO","DIVISION_NO","COURSE_NAME","PROF_ID","BUILDNO","ROOMNO","CREDIT","MAX_ENROLLEES") VALUES (27,2019,2,'CEE','2599','1','etvqrpxl','2017039325','공C','303-3',2,153);
INSERT INTO "COURSE"("COURSE_ID","YEAR","SEMESTER","COURSE_ID_PREFIX","COURSE_ID_NO","DIVISION_NO","COURSE_NAME","PROF_ID","BUILDNO","ROOMNO","CREDIT","MAX_ENROLLEES") VALUES (28,2019,2,'CEE','2599','2','etvqrpxl','2017039325','생','502',2,172);
INSERT INTO "COURSE"("COURSE_ID","YEAR","SEMESTER","COURSE_ID_PREFIX","COURSE_ID_NO","DIVISION_NO","COURSE_NAME","PROF_ID","BUILDNO","ROOMNO","CREDIT","MAX_ENROLLEES") VALUES (29,2019,2,'CHE','6096','1','atqpshbr','2015801431','첨','501',1,275);
INSERT INTO "COURSE"("COURSE_ID","YEAR","SEMESTER","COURSE_ID_PREFIX","COURSE_ID_NO","DIVISION_NO","COURSE_NAME","PROF_ID","BUILDNO","ROOMNO","CREDIT","MAX_ENROLLEES") VALUES (30,2019,2,'CHE','6096','2','atqpshbr','2015801431','공C','303-3',1,132);
INSERT INTO "COURSE"("COURSE_ID","YEAR","SEMESTER","COURSE_ID_PREFIX","COURSE_ID_NO","DIVISION_NO","COURSE_NAME","PROF_ID","BUILDNO","ROOMNO","CREDIT","MAX_ENROLLEES") VALUES (31,2019,2,'THE','6775','1','uimjpuwn','2017775107','김대중도서관','512',2,253);
INSERT INTO "COURSE"("COURSE_ID","YEAR","SEMESTER","COURSE_ID_PREFIX","COURSE_ID_NO","DIVISION_NO","COURSE_NAME","PROF_ID","BUILDNO","ROOMNO","CREDIT","MAX_ENROLLEES") VALUES (32,2019,2,'THE','6775','2','uimjpuwn','2017775107','외','501',2,295);
INSERT INTO "COURSE"("COURSE_ID","YEAR","SEMESTER","COURSE_ID_PREFIX","COURSE_ID_NO","DIVISION_NO","COURSE_NAME","PROF_ID","BUILDNO","ROOMNO","CREDIT","MAX_ENROLLEES") VALUES (33,2015,1,'ESS','1732','1','fulfuqjh','2017502427','빌','203',3,53);
INSERT INTO "COURSE"("COURSE_ID","YEAR","SEMESTER","COURSE_ID_PREFIX","COURSE_ID_NO","DIVISION_NO","COURSE_NAME","PROF_ID","BUILDNO","ROOMNO","CREDIT","MAX_ENROLLEES") VALUES (34,2015,1,'ESS','1732','2','fulfuqjh','2017502427','상본','202',3,48);
INSERT INTO "COURSE"("COURSE_ID","YEAR","SEMESTER","COURSE_ID_PREFIX","COURSE_ID_NO","DIVISION_NO","COURSE_NAME","PROF_ID","BUILDNO","ROOMNO","CREDIT","MAX_ENROLLEES") VALUES (35,2015,1,'ESS','1732','3','fulfuqjh','2017502427','공B','505',3,133);
INSERT INTO "COURSE"("COURSE_ID","YEAR","SEMESTER","COURSE_ID_PREFIX","COURSE_ID_NO","DIVISION_NO","COURSE_NAME","PROF_ID","BUILDNO","ROOMNO","CREDIT","MAX_ENROLLEES") VALUES (36,2015,1,'ESS','1732','4','fulfuqjh','2017502427','첨','102',3,151);
INSERT INTO "COURSE"("COURSE_ID","YEAR","SEMESTER","COURSE_ID_PREFIX","COURSE_ID_NO","DIVISION_NO","COURSE_NAME","PROF_ID","BUILDNO","ROOMNO","CREDIT","MAX_ENROLLEES") VALUES (37,2015,2,'ESS','1732','1','fulfuqjh','2017502427','용','304',3,200);
INSERT INTO "COURSE"("COURSE_ID","YEAR","SEMESTER","COURSE_ID_PREFIX","COURSE_ID_NO","DIVISION_NO","COURSE_NAME","PROF_ID","BUILDNO","ROOMNO","CREDIT","MAX_ENROLLEES") VALUES (38,2015,2,'ESS','1732','2','fulfuqjh','2017502427','교','503',3,237);
INSERT INTO "COURSE"("COURSE_ID","YEAR","SEMESTER","COURSE_ID_PREFIX","COURSE_ID_NO","DIVISION_NO","COURSE_NAME","PROF_ID","BUILDNO","ROOMNO","CREDIT","MAX_ENROLLEES") VALUES (39,2015,2,'ESS','1732','3','fulfuqjh','2017502427','공A','601',3,20);
INSERT INTO "COURSE"("COURSE_ID","YEAR","SEMESTER","COURSE_ID_PREFIX","COURSE_ID_NO","DIVISION_NO","COURSE_NAME","PROF_ID","BUILDNO","ROOMNO","CREDIT","MAX_ENROLLEES") VALUES (40,2015,2,'ESS','1732','4','fulfuqjh','2017502427','공A','661',3,46);
INSERT INTO "COURSE"("COURSE_ID","YEAR","SEMESTER","COURSE_ID_PREFIX","COURSE_ID_NO","DIVISION_NO","COURSE_NAME","PROF_ID","BUILDNO","ROOMNO","CREDIT","MAX_ENROLLEES") VALUES (41,2016,1,'ESS','1732','1','fulfuqjh','2017502427','음(A)','202',3,191);
INSERT INTO "COURSE"("COURSE_ID","YEAR","SEMESTER","COURSE_ID_PREFIX","COURSE_ID_NO","DIVISION_NO","COURSE_NAME","PROF_ID","BUILDNO","ROOMNO","CREDIT","MAX_ENROLLEES") VALUES (42,2016,1,'ESS','1732','2','fulfuqjh','2017502427','공B','307',3,231);
INSERT INTO "COURSE"("COURSE_ID","YEAR","SEMESTER","COURSE_ID_PREFIX","COURSE_ID_NO","DIVISION_NO","COURSE_NAME","PROF_ID","BUILDNO","ROOMNO","CREDIT","MAX_ENROLLEES") VALUES (43,2016,1,'ESS','1732','3','fulfuqjh','2017502427','새천','101',3,251);
INSERT INTO "COURSE"("COURSE_ID","YEAR","SEMESTER","COURSE_ID_PREFIX","COURSE_ID_NO","DIVISION_NO","COURSE_NAME","PROF_ID","BUILDNO","ROOMNO","CREDIT","MAX_ENROLLEES") VALUES (44,2016,1,'ESS','1732','4','fulfuqjh','2017502427','백','203',3,64);
INSERT INTO "COURSE"("COURSE_ID","YEAR","SEMESTER","COURSE_ID_PREFIX","COURSE_ID_NO","DIVISION_NO","COURSE_NAME","PROF_ID","BUILDNO","ROOMNO","CREDIT","MAX_ENROLLEES") VALUES (45,2016,2,'ESS','1732','1','fulfuqjh','2017502427','백','205',3,259);
INSERT INTO "COURSE"("COURSE_ID","YEAR","SEMESTER","COURSE_ID_PREFIX","COURSE_ID_NO","DIVISION_NO","COURSE_NAME","PROF_ID","BUILDNO","ROOMNO","CREDIT","MAX_ENROLLEES") VALUES (46,2016,2,'ESS','1732','2','fulfuqjh','2017502427','위','401-1',3,115);
INSERT INTO "COURSE"("COURSE_ID","YEAR","SEMESTER","COURSE_ID_PREFIX","COURSE_ID_NO","DIVISION_NO","COURSE_NAME","PROF_ID","BUILDNO","ROOMNO","CREDIT","MAX_ENROLLEES") VALUES (47,2016,2,'ESS','1732','3','fulfuqjh','2017502427','신','610',3,172);
INSERT INTO "COURSE"("COURSE_ID","YEAR","SEMESTER","COURSE_ID_PREFIX","COURSE_ID_NO","DIVISION_NO","COURSE_NAME","PROF_ID","BUILDNO","ROOMNO","CREDIT","MAX_ENROLLEES") VALUES (48,2016,2,'ESS','1732','4','fulfuqjh','2017502427','첨','103',3,53);
INSERT INTO "COURSE"("COURSE_ID","YEAR","SEMESTER","COURSE_ID_PREFIX","COURSE_ID_NO","DIVISION_NO","COURSE_NAME","PROF_ID","BUILDNO","ROOMNO","CREDIT","MAX_ENROLLEES") VALUES (49,2017,1,'ESS','1732','1','fulfuqjh','2017502427','교','401',3,224);
INSERT INTO "COURSE"("COURSE_ID","YEAR","SEMESTER","COURSE_ID_PREFIX","COURSE_ID_NO","DIVISION_NO","COURSE_NAME","PROF_ID","BUILDNO","ROOMNO","CREDIT","MAX_ENROLLEES") VALUES (50,2017,1,'ESS','1732','2','fulfuqjh','2017502427','아','103',3,175);
INSERT INTO "COURSE"("COURSE_ID","YEAR","SEMESTER","COURSE_ID_PREFIX","COURSE_ID_NO","DIVISION_NO","COURSE_NAME","PROF_ID","BUILDNO","ROOMNO","CREDIT","MAX_ENROLLEES") VALUES (51,2017,1,'ESS','1732','3','fulfuqjh','2017502427','생','305',3,216);
INSERT INTO "COURSE"("COURSE_ID","YEAR","SEMESTER","COURSE_ID_PREFIX","COURSE_ID_NO","DIVISION_NO","COURSE_NAME","PROF_ID","BUILDNO","ROOMNO","CREDIT","MAX_ENROLLEES") VALUES (52,2017,1,'ESS','1732','4','fulfuqjh','2017502427','교','201',3,221);
INSERT INTO "COURSE"("COURSE_ID","YEAR","SEMESTER","COURSE_ID_PREFIX","COURSE_ID_NO","DIVISION_NO","COURSE_NAME","PROF_ID","BUILDNO","ROOMNO","CREDIT","MAX_ENROLLEES") VALUES (53,2017,2,'ESS','1732','1','fulfuqjh','2017502427','음(B)','303',3,77);
INSERT INTO "COURSE"("COURSE_ID","YEAR","SEMESTER","COURSE_ID_PREFIX","COURSE_ID_NO","DIVISION_NO","COURSE_NAME","PROF_ID","BUILDNO","ROOMNO","CREDIT","MAX_ENROLLEES") VALUES (54,2017,2,'ESS','1732','2','fulfuqjh','2017502427','체','402',3,257);
INSERT INTO "COURSE"("COURSE_ID","YEAR","SEMESTER","COURSE_ID_PREFIX","COURSE_ID_NO","DIVISION_NO","COURSE_NAME","PROF_ID","BUILDNO","ROOMNO","CREDIT","MAX_ENROLLEES") VALUES (55,2017,2,'ESS','1732','3','fulfuqjh','2017502427','상별','602',3,98);
INSERT INTO "COURSE"("COURSE_ID","YEAR","SEMESTER","COURSE_ID_PREFIX","COURSE_ID_NO","DIVISION_NO","COURSE_NAME","PROF_ID","BUILDNO","ROOMNO","CREDIT","MAX_ENROLLEES") VALUES (56,2017,2,'ESS','1732','4','fulfuqjh','2017502427','상본','201',3,290);
INSERT INTO "COURSE"("COURSE_ID","YEAR","SEMESTER","COURSE_ID_PREFIX","COURSE_ID_NO","DIVISION_NO","COURSE_NAME","PROF_ID","BUILDNO","ROOMNO","CREDIT","MAX_ENROLLEES") VALUES (57,2018,1,'ESS','1732','1','fulfuqjh','2017502427','음(B)','302',3,44);
INSERT INTO "COURSE"("COURSE_ID","YEAR","SEMESTER","COURSE_ID_PREFIX","COURSE_ID_NO","DIVISION_NO","COURSE_NAME","PROF_ID","BUILDNO","ROOMNO","CREDIT","MAX_ENROLLEES") VALUES (58,2018,1,'ESS','1732','2','fulfuqjh','2017502427','연','105-1',3,47);
INSERT INTO "COURSE"("COURSE_ID","YEAR","SEMESTER","COURSE_ID_PREFIX","COURSE_ID_NO","DIVISION_NO","COURSE_NAME","PROF_ID","BUILDNO","ROOMNO","CREDIT","MAX_ENROLLEES") VALUES (59,2018,1,'ESS','1732','3','fulfuqjh','2017502427','생','102',3,124);
INSERT INTO "COURSE"("COURSE_ID","YEAR","SEMESTER","COURSE_ID_PREFIX","COURSE_ID_NO","DIVISION_NO","COURSE_NAME","PROF_ID","BUILDNO","ROOMNO","CREDIT","MAX_ENROLLEES") VALUES (60,2018,1,'ESS','1732','4','fulfuqjh','2017502427','위','102',3,189);
INSERT INTO "COURSE"("COURSE_ID","YEAR","SEMESTER","COURSE_ID_PREFIX","COURSE_ID_NO","DIVISION_NO","COURSE_NAME","PROF_ID","BUILDNO","ROOMNO","CREDIT","MAX_ENROLLEES") VALUES (61,2018,2,'ESS','1732','1','fulfuqjh','2017502427','공B','505',3,44);
INSERT INTO "COURSE"("COURSE_ID","YEAR","SEMESTER","COURSE_ID_PREFIX","COURSE_ID_NO","DIVISION_NO","COURSE_NAME","PROF_ID","BUILDNO","ROOMNO","CREDIT","MAX_ENROLLEES") VALUES (62,2018,2,'ESS','1732','2','fulfuqjh','2017502427','빌','204',3,168);
INSERT INTO "COURSE"("COURSE_ID","YEAR","SEMESTER","COURSE_ID_PREFIX","COURSE_ID_NO","DIVISION_NO","COURSE_NAME","PROF_ID","BUILDNO","ROOMNO","CREDIT","MAX_ENROLLEES") VALUES (63,2018,2,'ESS','1732','3','fulfuqjh','2017502427','첨','511',3,29);
INSERT INTO "COURSE"("COURSE_ID","YEAR","SEMESTER","COURSE_ID_PREFIX","COURSE_ID_NO","DIVISION_NO","COURSE_NAME","PROF_ID","BUILDNO","ROOMNO","CREDIT","MAX_ENROLLEES") VALUES (64,2018,2,'ESS','1732','4','fulfuqjh','2017502427','음(A)','501',3,30);
INSERT INTO "COURSE"("COURSE_ID","YEAR","SEMESTER","COURSE_ID_PREFIX","COURSE_ID_NO","DIVISION_NO","COURSE_NAME","PROF_ID","BUILDNO","ROOMNO","CREDIT","MAX_ENROLLEES") VALUES (65,2019,1,'ESS','1732','1','fulfuqjh','2017502427','음(B)','501',3,80);
INSERT INTO "COURSE"("COURSE_ID","YEAR","SEMESTER","COURSE_ID_PREFIX","COURSE_ID_NO","DIVISION_NO","COURSE_NAME","PROF_ID","BUILDNO","ROOMNO","CREDIT","MAX_ENROLLEES") VALUES (66,2019,1,'ESS','1732','2','fulfuqjh','2017502427','음(A)','406',3,125);
INSERT INTO "COURSE"("COURSE_ID","YEAR","SEMESTER","COURSE_ID_PREFIX","COURSE_ID_NO","DIVISION_NO","COURSE_NAME","PROF_ID","BUILDNO","ROOMNO","CREDIT","MAX_ENROLLEES") VALUES (67,2019,1,'ESS','1732','3','fulfuqjh','2017502427','음(A)','502',3,167);
INSERT INTO "COURSE"("COURSE_ID","YEAR","SEMESTER","COURSE_ID_PREFIX","COURSE_ID_NO","DIVISION_NO","COURSE_NAME","PROF_ID","BUILDNO","ROOMNO","CREDIT","MAX_ENROLLEES") VALUES (68,2019,1,'ESS','1732','4','fulfuqjh','2017502427','용','302',3,143);
INSERT INTO "COURSE"("COURSE_ID","YEAR","SEMESTER","COURSE_ID_PREFIX","COURSE_ID_NO","DIVISION_NO","COURSE_NAME","PROF_ID","BUILDNO","ROOMNO","CREDIT","MAX_ENROLLEES") VALUES (69,2019,2,'ESS','1732','1','fulfuqjh','2017502427','체','202',3,57);
INSERT INTO "COURSE"("COURSE_ID","YEAR","SEMESTER","COURSE_ID_PREFIX","COURSE_ID_NO","DIVISION_NO","COURSE_NAME","PROF_ID","BUILDNO","ROOMNO","CREDIT","MAX_ENROLLEES") VALUES (70,2019,2,'ESS','1732','2','fulfuqjh','2017502427','첨','211',3,176);
INSERT INTO "COURSE"("COURSE_ID","YEAR","SEMESTER","COURSE_ID_PREFIX","COURSE_ID_NO","DIVISION_NO","COURSE_NAME","PROF_ID","BUILDNO","ROOMNO","CREDIT","MAX_ENROLLEES") VALUES (71,2019,2,'ESS','1732','3','fulfuqjh','2017502427','연','203',3,30);
INSERT INTO "COURSE"("COURSE_ID","YEAR","SEMESTER","COURSE_ID_PREFIX","COURSE_ID_NO","DIVISION_NO","COURSE_NAME","PROF_ID","BUILDNO","ROOMNO","CREDIT","MAX_ENROLLEES") VALUES (72,2019,2,'ESS','1732','4','fulfuqjh','2017502427','체','302',3,43);
INSERT INTO "COURSE"("COURSE_ID","YEAR","SEMESTER","COURSE_ID_PREFIX","COURSE_ID_NO","DIVISION_NO","COURSE_NAME","PROF_ID","BUILDNO","ROOMNO","CREDIT","MAX_ENROLLEES") VALUES (73,2019,2,'FRE','9283','1','ncxcluao','2015898677','공A','403',2,99);
INSERT INTO "COURSE"("COURSE_ID","YEAR","SEMESTER","COURSE_ID_PREFIX","COURSE_ID_NO","DIVISION_NO","COURSE_NAME","PROF_ID","BUILDNO","ROOMNO","CREDIT","MAX_ENROLLEES") VALUES (74,2019,2,'FRE','9283','2','ncxcluao','2015898677','신','611',2,200);
INSERT INTO "COURSE_TO_TIME"("COURSE_ID","DAY_OF_WEEK","NO") VALUES (0,'SUN',10);
INSERT INTO "COURSE_TO_TIME"("COURSE_ID","DAY_OF_WEEK","NO") VALUES (0,'MON',7);
INSERT INTO "COURSE_TO_TIME"("COURSE_ID","DAY_OF_WEEK","NO") VALUES (1,'WED',7);
INSERT INTO "COURSE_TO_TIME"("COURSE_ID","DAY_OF_WEEK","NO") VALUES (1,'TUE',3);
INSERT INTO "COURSE_TO_TIME"("COURSE_ID","DAY_OF_WEEK","NO") VALUES (2,'SUN',9);
INSERT INTO "COURSE_TO_TIME"("COURSE_ID","DAY_OF_WEEK","NO") VALUES (2,'THU',6);
INSERT INTO "COURSE_TO_TIME"("COURSE_ID","DAY_OF_WEEK","NO") VALUES (2,'SAT',2);
INSERT INTO "COURSE_TO_TIME"("COURSE_ID","DAY_OF_WEEK","NO") VALUES (3,'SAT',0);
INSERT INTO "COURSE_TO_TIME"("COURSE_ID","DAY_OF_WEEK","NO") VALUES (3,'FRI',10);
INSERT INTO "COURSE_TO_TIME"("COURSE_ID","DAY_OF_WEEK","NO") VALUES (3,'WED',9);
INSERT INTO "COURSE_TO_TIME"("COURSE_ID","DAY_OF_WEEK","NO") VALUES (4,'MON',9);
INSERT INTO "COURSE_TO_TIME"("COURSE_ID","DAY_OF_WEEK","NO") VALUES (4,'SAT',5);
INSERT INTO "COURSE_TO_TIME"("COURSE_ID","DAY_OF_WEEK","NO") VALUES (4,'SAT',10);
INSERT INTO "COURSE_TO_TIME"("COURSE_ID","DAY_OF_WEEK","NO") VALUES (5,'WED',4);
INSERT INTO "COURSE_TO_TIME"("COURSE_ID","DAY_OF_WEEK","NO") VALUES (5,'SAT',1);
INSERT INTO "COURSE_TO_TIME"("COURSE_ID","DAY_OF_WEEK","NO") VALUES (5,'THU',8);
INSERT INTO "COURSE_TO_TIME"("COURSE_ID","DAY_OF_WEEK","NO") VALUES (6,'TUE',5);
INSERT INTO "COURSE_TO_TIME"("COURSE_ID","DAY_OF_WEEK","NO") VALUES (6,'TUE',10);
INSERT INTO "COURSE_TO_TIME"("COURSE_ID","DAY_OF_WEEK","NO") VALUES (6,'SUN',10);
INSERT INTO "COURSE_TO_TIME"("COURSE_ID","DAY_OF_WEEK","NO") VALUES (7,'MON',10);
INSERT INTO "COURSE_TO_TIME"("COURSE_ID","DAY_OF_WEEK","NO") VALUES (7,'MON',8);
INSERT INTO "COURSE_TO_TIME"("COURSE_ID","DAY_OF_WEEK","NO") VALUES (7,'TUE',1);
INSERT INTO "COURSE_TO_TIME"("COURSE_ID","DAY_OF_WEEK","NO") VALUES (8,'MON',1);
INSERT INTO "COURSE_TO_TIME"("COURSE_ID","DAY_OF_WEEK","NO") VALUES (8,'SAT',9);
INSERT INTO "COURSE_TO_TIME"("COURSE_ID","DAY_OF_WEEK","NO") VALUES (8,'WED',3);
INSERT INTO "COURSE_TO_TIME"("COURSE_ID","DAY_OF_WEEK","NO") VALUES (9,'FRI',2);
INSERT INTO "COURSE_TO_TIME"("COURSE_ID","DAY_OF_WEEK","NO") VALUES (9,'SAT',2);
INSERT INTO "COURSE_TO_TIME"("COURSE_ID","DAY_OF_WEEK","NO") VALUES (9,'SAT',5);
INSERT INTO "COURSE_TO_TIME"("COURSE_ID","DAY_OF_WEEK","NO") VALUES (10,'SUN',6);
INSERT INTO "COURSE_TO_TIME"("COURSE_ID","DAY_OF_WEEK","NO") VALUES (10,'FRI',9);
INSERT INTO "COURSE_TO_TIME"("COURSE_ID","DAY_OF_WEEK","NO") VALUES (10,'WED',8);
INSERT INTO "COURSE_TO_TIME"("COURSE_ID","DAY_OF_WEEK","NO") VALUES (11,'SUN',1);
INSERT INTO "COURSE_TO_TIME"("COURSE_ID","DAY_OF_WEEK","NO") VALUES (11,'WED',0);
INSERT INTO "COURSE_TO_TIME"("COURSE_ID","DAY_OF_WEEK","NO") VALUES (11,'THU',2);
INSERT INTO "COURSE_TO_TIME"("COURSE_ID","DAY_OF_WEEK","NO") VALUES (12,'MON',3);
INSERT INTO "COURSE_TO_TIME"("COURSE_ID","DAY_OF_WEEK","NO") VALUES (12,'SUN',3);
INSERT INTO "COURSE_TO_TIME"("COURSE_ID","DAY_OF_WEEK","NO") VALUES (12,'WED',9);
INSERT INTO "COURSE_TO_TIME"("COURSE_ID","DAY_OF_WEEK","NO") VALUES (13,'SUN',3);
INSERT INTO "COURSE_TO_TIME"("COURSE_ID","DAY_OF_WEEK","NO") VALUES (13,'MON',7);
INSERT INTO "COURSE_TO_TIME"("COURSE_ID","DAY_OF_WEEK","NO") VALUES (13,'SUN',8);
INSERT INTO "COURSE_TO_TIME"("COURSE_ID","DAY_OF_WEEK","NO") VALUES (14,'FRI',5);
INSERT INTO "COURSE_TO_TIME"("COURSE_ID","DAY_OF_WEEK","NO") VALUES (14,'SAT',2);
INSERT INTO "COURSE_TO_TIME"("COURSE_ID","DAY_OF_WEEK","NO") VALUES (14,'FRI',8);
INSERT INTO "COURSE_TO_TIME"("COURSE_ID","DAY_OF_WEEK","NO") VALUES (15,'WED',0);
INSERT INTO "COURSE_TO_TIME"("COURSE_ID","DAY_OF_WEEK","NO") VALUES (15,'SAT',7);
INSERT INTO "COURSE_TO_TIME"("COURSE_ID","DAY_OF_WEEK","NO") VALUES (15,'TUE',4);
INSERT INTO "COURSE_TO_TIME"("COURSE_ID","DAY_OF_WEEK","NO") VALUES (16,'SUN',7);
INSERT INTO "COURSE_TO_TIME"("COURSE_ID","DAY_OF_WEEK","NO") VALUES (16,'FRI',7);
INSERT INTO "COURSE_TO_TIME"("COURSE_ID","DAY_OF_WEEK","NO") VALUES (16,'MON',4);
INSERT INTO "COURSE_TO_TIME"("COURSE_ID","DAY_OF_WEEK","NO") VALUES (17,'FRI',1);
INSERT INTO "COURSE_TO_TIME"("COURSE_ID","DAY_OF_WEEK","NO") VALUES (17,'TUE',9);
INSERT INTO "COURSE_TO_TIME"("COURSE_ID","DAY_OF_WEEK","NO") VALUES (17,'THU',3);
INSERT INTO "COURSE_TO_TIME"("COURSE_ID","DAY_OF_WEEK","NO") VALUES (18,'THU',1);
INSERT INTO "COURSE_TO_TIME"("COURSE_ID","DAY_OF_WEEK","NO") VALUES (18,'SUN',5);
INSERT INTO "COURSE_TO_TIME"("COURSE_ID","DAY_OF_WEEK","NO") VALUES (18,'SAT',5);
INSERT INTO "COURSE_TO_TIME"("COURSE_ID","DAY_OF_WEEK","NO") VALUES (19,'SAT',1);
INSERT INTO "COURSE_TO_TIME"("COURSE_ID","DAY_OF_WEEK","NO") VALUES (19,'FRI',9);
INSERT INTO "COURSE_TO_TIME"("COURSE_ID","DAY_OF_WEEK","NO") VALUES (19,'TUE',2);
INSERT INTO "COURSE_TO_TIME"("COURSE_ID","DAY_OF_WEEK","NO") VALUES (20,'TUE',1);
INSERT INTO "COURSE_TO_TIME"("COURSE_ID","DAY_OF_WEEK","NO") VALUES (20,'MON',0);
INSERT INTO "COURSE_TO_TIME"("COURSE_ID","DAY_OF_WEEK","NO") VALUES (20,'WED',10);
INSERT INTO "COURSE_TO_TIME"("COURSE_ID","DAY_OF_WEEK","NO") VALUES (21,'MON',1);
INSERT INTO "COURSE_TO_TIME"("COURSE_ID","DAY_OF_WEEK","NO") VALUES (21,'THU',1);
INSERT INTO "COURSE_TO_TIME"("COURSE_ID","DAY_OF_WEEK","NO") VALUES (21,'TUE',6);
INSERT INTO "COURSE_TO_TIME"("COURSE_ID","DAY_OF_WEEK","NO") VALUES (22,'MON',9);
INSERT INTO "COURSE_TO_TIME"("COURSE_ID","DAY_OF_WEEK","NO") VALUES (23,'FRI',4);
INSERT INTO "COURSE_TO_TIME"("COURSE_ID","DAY_OF_WEEK","NO") VALUES (24,'WED',4);
INSERT INTO "COURSE_TO_TIME"("COURSE_ID","DAY_OF_WEEK","NO") VALUES (25,'MON',10);
INSERT INTO "COURSE_TO_TIME"("COURSE_ID","DAY_OF_WEEK","NO") VALUES (26,'TUE',6);
INSERT INTO "COURSE_TO_TIME"("COURSE_ID","DAY_OF_WEEK","NO") VALUES (26,'THU',1);
INSERT INTO "COURSE_TO_TIME"("COURSE_ID","DAY_OF_WEEK","NO") VALUES (26,'TUE',2);
INSERT INTO "COURSE_TO_TIME"("COURSE_ID","DAY_OF_WEEK","NO") VALUES (27,'SUN',1);
INSERT INTO "COURSE_TO_TIME"("COURSE_ID","DAY_OF_WEEK","NO") VALUES (27,'SAT',5);
INSERT INTO "COURSE_TO_TIME"("COURSE_ID","DAY_OF_WEEK","NO") VALUES (28,'SAT',9);
INSERT INTO "COURSE_TO_TIME"("COURSE_ID","DAY_OF_WEEK","NO") VALUES (28,'SUN',7);
INSERT INTO "COURSE_TO_TIME"("COURSE_ID","DAY_OF_WEEK","NO") VALUES (29,'SAT',7);
INSERT INTO "COURSE_TO_TIME"("COURSE_ID","DAY_OF_WEEK","NO") VALUES (30,'THU',8);
INSERT INTO "COURSE_TO_TIME"("COURSE_ID","DAY_OF_WEEK","NO") VALUES (31,'WED',3);
INSERT INTO "COURSE_TO_TIME"("COURSE_ID","DAY_OF_WEEK","NO") VALUES (31,'FRI',1);
INSERT INTO "COURSE_TO_TIME"("COURSE_ID","DAY_OF_WEEK","NO") VALUES (32,'TUE',2);
INSERT INTO "COURSE_TO_TIME"("COURSE_ID","DAY_OF_WEEK","NO") VALUES (32,'FRI',7);
INSERT INTO "COURSE_TO_TIME"("COURSE_ID","DAY_OF_WEEK","NO") VALUES (33,'SAT',8);
INSERT INTO "COURSE_TO_TIME"("COURSE_ID","DAY_OF_WEEK","NO") VALUES (33,'TUE',10);
INSERT INTO "COURSE_TO_TIME"("COURSE_ID","DAY_OF_WEEK","NO") VALUES (33,'MON',6);
INSERT INTO "COURSE_TO_TIME"("COURSE_ID","DAY_OF_WEEK","NO") VALUES (34,'FRI',4);
INSERT INTO "COURSE_TO_TIME"("COURSE_ID","DAY_OF_WEEK","NO") VALUES (34,'WED',9);
INSERT INTO "COURSE_TO_TIME"("COURSE_ID","DAY_OF_WEEK","NO") VALUES (34,'THU',6);
INSERT INTO "COURSE_TO_TIME"("COURSE_ID","DAY_OF_WEEK","NO") VALUES (35,'FRI',4);
INSERT INTO "COURSE_TO_TIME"("COURSE_ID","DAY_OF_WEEK","NO") VALUES (35,'MON',9);
INSERT INTO "COURSE_TO_TIME"("COURSE_ID","DAY_OF_WEEK","NO") VALUES (35,'SUN',3);
INSERT INTO "COURSE_TO_TIME"("COURSE_ID","DAY_OF_WEEK","NO") VALUES (36,'THU',4);
INSERT INTO "COURSE_TO_TIME"("COURSE_ID","DAY_OF_WEEK","NO") VALUES (36,'FRI',7);
INSERT INTO "COURSE_TO_TIME"("COURSE_ID","DAY_OF_WEEK","NO") VALUES (36,'TUE',8);
INSERT INTO "COURSE_TO_TIME"("COURSE_ID","DAY_OF_WEEK","NO") VALUES (37,'MON',2);
INSERT INTO "COURSE_TO_TIME"("COURSE_ID","DAY_OF_WEEK","NO") VALUES (37,'FRI',8);
INSERT INTO "COURSE_TO_TIME"("COURSE_ID","DAY_OF_WEEK","NO") VALUES (37,'MON',1);
INSERT INTO "COURSE_TO_TIME"("COURSE_ID","DAY_OF_WEEK","NO") VALUES (38,'SAT',4);
INSERT INTO "COURSE_TO_TIME"("COURSE_ID","DAY_OF_WEEK","NO") VALUES (38,'WED',6);
INSERT INTO "COURSE_TO_TIME"("COURSE_ID","DAY_OF_WEEK","NO") VALUES (38,'THU',9);
INSERT INTO "COURSE_TO_TIME"("COURSE_ID","DAY_OF_WEEK","NO") VALUES (39,'THU',10);
INSERT INTO "COURSE_TO_TIME"("COURSE_ID","DAY_OF_WEEK","NO") VALUES (39,'SUN',0);
INSERT INTO "COURSE_TO_TIME"("COURSE_ID","DAY_OF_WEEK","NO") VALUES (39,'WED',3);
INSERT INTO "COURSE_TO_TIME"("COURSE_ID","DAY_OF_WEEK","NO") VALUES (40,'THU',2);
INSERT INTO "COURSE_TO_TIME"("COURSE_ID","DAY_OF_WEEK","NO") VALUES (40,'WED',2);
INSERT INTO "COURSE_TO_TIME"("COURSE_ID","DAY_OF_WEEK","NO") VALUES (40,'FRI',6);
INSERT INTO "COURSE_TO_TIME"("COURSE_ID","DAY_OF_WEEK","NO") VALUES (41,'TUE',2);
INSERT INTO "COURSE_TO_TIME"("COURSE_ID","DAY_OF_WEEK","NO") VALUES (41,'SUN',4);
INSERT INTO "COURSE_TO_TIME"("COURSE_ID","DAY_OF_WEEK","NO") VALUES (41,'SAT',4);
INSERT INTO "COURSE_TO_TIME"("COURSE_ID","DAY_OF_WEEK","NO") VALUES (42,'WED',8);
INSERT INTO "COURSE_TO_TIME"("COURSE_ID","DAY_OF_WEEK","NO") VALUES (42,'TUE',4);
INSERT INTO "COURSE_TO_TIME"("COURSE_ID","DAY_OF_WEEK","NO") VALUES (42,'SAT',1);
INSERT INTO "COURSE_TO_TIME"("COURSE_ID","DAY_OF_WEEK","NO") VALUES (43,'FRI',3);
INSERT INTO "COURSE_TO_TIME"("COURSE_ID","DAY_OF_WEEK","NO") VALUES (43,'WED',8);
INSERT INTO "COURSE_TO_TIME"("COURSE_ID","DAY_OF_WEEK","NO") VALUES (43,'THU',2);
INSERT INTO "COURSE_TO_TIME"("COURSE_ID","DAY_OF_WEEK","NO") VALUES (44,'SUN',8);
INSERT INTO "COURSE_TO_TIME"("COURSE_ID","DAY_OF_WEEK","NO") VALUES (44,'FRI',7);
INSERT INTO "COURSE_TO_TIME"("COURSE_ID","DAY_OF_WEEK","NO") VALUES (44,'WED',9);
INSERT INTO "COURSE_TO_TIME"("COURSE_ID","DAY_OF_WEEK","NO") VALUES (45,'SAT',8);
INSERT INTO "COURSE_TO_TIME"("COURSE_ID","DAY_OF_WEEK","NO") VALUES (45,'SAT',2);
INSERT INTO "COURSE_TO_TIME"("COURSE_ID","DAY_OF_WEEK","NO") VALUES (45,'TUE',2);
INSERT INTO "COURSE_TO_TIME"("COURSE_ID","DAY_OF_WEEK","NO") VALUES (46,'FRI',3);
INSERT INTO "COURSE_TO_TIME"("COURSE_ID","DAY_OF_WEEK","NO") VALUES (46,'SAT',4);
INSERT INTO "COURSE_TO_TIME"("COURSE_ID","DAY_OF_WEEK","NO") VALUES (46,'MON',5);
INSERT INTO "COURSE_TO_TIME"("COURSE_ID","DAY_OF_WEEK","NO") VALUES (47,'SUN',1);
INSERT INTO "COURSE_TO_TIME"("COURSE_ID","DAY_OF_WEEK","NO") VALUES (47,'SAT',3);
INSERT INTO "COURSE_TO_TIME"("COURSE_ID","DAY_OF_WEEK","NO") VALUES (47,'WED',10);
INSERT INTO "COURSE_TO_TIME"("COURSE_ID","DAY_OF_WEEK","NO") VALUES (48,'SUN',1);
INSERT INTO "COURSE_TO_TIME"("COURSE_ID","DAY_OF_WEEK","NO") VALUES (48,'TUE',6);
INSERT INTO "COURSE_TO_TIME"("COURSE_ID","DAY_OF_WEEK","NO") VALUES (48,'SUN',8);
INSERT INTO "COURSE_TO_TIME"("COURSE_ID","DAY_OF_WEEK","NO") VALUES (49,'SUN',7);
INSERT INTO "COURSE_TO_TIME"("COURSE_ID","DAY_OF_WEEK","NO") VALUES (49,'SAT',10);
INSERT INTO "COURSE_TO_TIME"("COURSE_ID","DAY_OF_WEEK","NO") VALUES (49,'SAT',7);
INSERT INTO "COURSE_TO_TIME"("COURSE_ID","DAY_OF_WEEK","NO") VALUES (50,'FRI',4);
INSERT INTO "COURSE_TO_TIME"("COURSE_ID","DAY_OF_WEEK","NO") VALUES (50,'THU',3);
INSERT INTO "COURSE_TO_TIME"("COURSE_ID","DAY_OF_WEEK","NO") VALUES (50,'MON',6);
INSERT INTO "COURSE_TO_TIME"("COURSE_ID","DAY_OF_WEEK","NO") VALUES (51,'WED',0);
INSERT INTO "COURSE_TO_TIME"("COURSE_ID","DAY_OF_WEEK","NO") VALUES (51,'THU',4);
INSERT INTO "COURSE_TO_TIME"("COURSE_ID","DAY_OF_WEEK","NO") VALUES (51,'TUE',8);
INSERT INTO "COURSE_TO_TIME"("COURSE_ID","DAY_OF_WEEK","NO") VALUES (52,'WED',8);
INSERT INTO "COURSE_TO_TIME"("COURSE_ID","DAY_OF_WEEK","NO") VALUES (52,'TUE',6);
INSERT INTO "COURSE_TO_TIME"("COURSE_ID","DAY_OF_WEEK","NO") VALUES (52,'THU',2);
INSERT INTO "COURSE_TO_TIME"("COURSE_ID","DAY_OF_WEEK","NO") VALUES (53,'TUE',0);
INSERT INTO "COURSE_TO_TIME"("COURSE_ID","DAY_OF_WEEK","NO") VALUES (53,'MON',1);
INSERT INTO "COURSE_TO_TIME"("COURSE_ID","DAY_OF_WEEK","NO") VALUES (53,'THU',1);
INSERT INTO "COURSE_TO_TIME"("COURSE_ID","DAY_OF_WEEK","NO") VALUES (54,'SAT',6);
INSERT INTO "COURSE_TO_TIME"("COURSE_ID","DAY_OF_WEEK","NO") VALUES (54,'MON',1);
INSERT INTO "COURSE_TO_TIME"("COURSE_ID","DAY_OF_WEEK","NO") VALUES (54,'THU',0);
INSERT INTO "COURSE_TO_TIME"("COURSE_ID","DAY_OF_WEEK","NO") VALUES (55,'SUN',5);
INSERT INTO "COURSE_TO_TIME"("COURSE_ID","DAY_OF_WEEK","NO") VALUES (55,'THU',8);
INSERT INTO "COURSE_TO_TIME"("COURSE_ID","DAY_OF_WEEK","NO") VALUES (55,'SAT',10);
INSERT INTO "COURSE_TO_TIME"("COURSE_ID","DAY_OF_WEEK","NO") VALUES (56,'MON',2);
INSERT INTO "COURSE_TO_TIME"("COURSE_ID","DAY_OF_WEEK","NO") VALUES (56,'SUN',6);
INSERT INTO "COURSE_TO_TIME"("COURSE_ID","DAY_OF_WEEK","NO") VALUES (56,'FRI',6);
INSERT INTO "COURSE_TO_TIME"("COURSE_ID","DAY_OF_WEEK","NO") VALUES (57,'MON',8);
INSERT INTO "COURSE_TO_TIME"("COURSE_ID","DAY_OF_WEEK","NO") VALUES (57,'THU',9);
INSERT INTO "COURSE_TO_TIME"("COURSE_ID","DAY_OF_WEEK","NO") VALUES (57,'FRI',8);
INSERT INTO "COURSE_TO_TIME"("COURSE_ID","DAY_OF_WEEK","NO") VALUES (58,'WED',2);
INSERT INTO "COURSE_TO_TIME"("COURSE_ID","DAY_OF_WEEK","NO") VALUES (58,'THU',3);
INSERT INTO "COURSE_TO_TIME"("COURSE_ID","DAY_OF_WEEK","NO") VALUES (58,'THU',10);
INSERT INTO "COURSE_TO_TIME"("COURSE_ID","DAY_OF_WEEK","NO") VALUES (59,'THU',4);
INSERT INTO "COURSE_TO_TIME"("COURSE_ID","DAY_OF_WEEK","NO") VALUES (59,'SAT',9);
INSERT INTO "COURSE_TO_TIME"("COURSE_ID","DAY_OF_WEEK","NO") VALUES (59,'SUN',5);
INSERT INTO "COURSE_TO_TIME"("COURSE_ID","DAY_OF_WEEK","NO") VALUES (60,'WED',9);
INSERT INTO "COURSE_TO_TIME"("COURSE_ID","DAY_OF_WEEK","NO") VALUES (60,'SAT',3);
INSERT INTO "COURSE_TO_TIME"("COURSE_ID","DAY_OF_WEEK","NO") VALUES (60,'FRI',4);
INSERT INTO "COURSE_TO_TIME"("COURSE_ID","DAY_OF_WEEK","NO") VALUES (61,'WED',0);
INSERT INTO "COURSE_TO_TIME"("COURSE_ID","DAY_OF_WEEK","NO") VALUES (61,'MON',0);
INSERT INTO "COURSE_TO_TIME"("COURSE_ID","DAY_OF_WEEK","NO") VALUES (61,'THU',9);
INSERT INTO "COURSE_TO_TIME"("COURSE_ID","DAY_OF_WEEK","NO") VALUES (62,'TUE',4);
INSERT INTO "COURSE_TO_TIME"("COURSE_ID","DAY_OF_WEEK","NO") VALUES (62,'FRI',8);
INSERT INTO "COURSE_TO_TIME"("COURSE_ID","DAY_OF_WEEK","NO") VALUES (62,'TUE',10);
INSERT INTO "COURSE_TO_TIME"("COURSE_ID","DAY_OF_WEEK","NO") VALUES (63,'THU',6);
INSERT INTO "COURSE_TO_TIME"("COURSE_ID","DAY_OF_WEEK","NO") VALUES (63,'MON',0);
INSERT INTO "COURSE_TO_TIME"("COURSE_ID","DAY_OF_WEEK","NO") VALUES (63,'THU',3);
INSERT INTO "COURSE_TO_TIME"("COURSE_ID","DAY_OF_WEEK","NO") VALUES (64,'THU',3);
INSERT INTO "COURSE_TO_TIME"("COURSE_ID","DAY_OF_WEEK","NO") VALUES (64,'MON',10);
INSERT INTO "COURSE_TO_TIME"("COURSE_ID","DAY_OF_WEEK","NO") VALUES (64,'SUN',0);
INSERT INTO "COURSE_TO_TIME"("COURSE_ID","DAY_OF_WEEK","NO") VALUES (65,'WED',2);
INSERT INTO "COURSE_TO_TIME"("COURSE_ID","DAY_OF_WEEK","NO") VALUES (65,'FRI',4);
INSERT INTO "COURSE_TO_TIME"("COURSE_ID","DAY_OF_WEEK","NO") VALUES (65,'MON',1);
INSERT INTO "COURSE_TO_TIME"("COURSE_ID","DAY_OF_WEEK","NO") VALUES (66,'WED',2);
INSERT INTO "COURSE_TO_TIME"("COURSE_ID","DAY_OF_WEEK","NO") VALUES (66,'WED',3);
INSERT INTO "COURSE_TO_TIME"("COURSE_ID","DAY_OF_WEEK","NO") VALUES (66,'FRI',1);
INSERT INTO "COURSE_TO_TIME"("COURSE_ID","DAY_OF_WEEK","NO") VALUES (67,'SUN',7);
INSERT INTO "COURSE_TO_TIME"("COURSE_ID","DAY_OF_WEEK","NO") VALUES (67,'FRI',9);
INSERT INTO "COURSE_TO_TIME"("COURSE_ID","DAY_OF_WEEK","NO") VALUES (67,'TUE',7);
INSERT INTO "COURSE_TO_TIME"("COURSE_ID","DAY_OF_WEEK","NO") VALUES (68,'SAT',8);
INSERT INTO "COURSE_TO_TIME"("COURSE_ID","DAY_OF_WEEK","NO") VALUES (68,'WED',8);
INSERT INTO "COURSE_TO_TIME"("COURSE_ID","DAY_OF_WEEK","NO") VALUES (68,'SAT',0);
INSERT INTO "COURSE_TO_TIME"("COURSE_ID","DAY_OF_WEEK","NO") VALUES (69,'TUE',4);
INSERT INTO "COURSE_TO_TIME"("COURSE_ID","DAY_OF_WEEK","NO") VALUES (69,'MON',2);
INSERT INTO "COURSE_TO_TIME"("COURSE_ID","DAY_OF_WEEK","NO") VALUES (69,'FRI',6);
INSERT INTO "COURSE_TO_TIME"("COURSE_ID","DAY_OF_WEEK","NO") VALUES (70,'FRI',2);
INSERT INTO "COURSE_TO_TIME"("COURSE_ID","DAY_OF_WEEK","NO") VALUES (70,'MON',10);
INSERT INTO "COURSE_TO_TIME"("COURSE_ID","DAY_OF_WEEK","NO") VALUES (70,'SAT',6);
INSERT INTO "COURSE_TO_TIME"("COURSE_ID","DAY_OF_WEEK","NO") VALUES (71,'SAT',0);
INSERT INTO "COURSE_TO_TIME"("COURSE_ID","DAY_OF_WEEK","NO") VALUES (71,'MON',2);
INSERT INTO "COURSE_TO_TIME"("COURSE_ID","DAY_OF_WEEK","NO") VALUES (71,'WED',7);
INSERT INTO "COURSE_TO_TIME"("COURSE_ID","DAY_OF_WEEK","NO") VALUES (72,'THU',1);
INSERT INTO "COURSE_TO_TIME"("COURSE_ID","DAY_OF_WEEK","NO") VALUES (72,'THU',0);
INSERT INTO "COURSE_TO_TIME"("COURSE_ID","DAY_OF_WEEK","NO") VALUES (72,'SUN',5);
INSERT INTO "COURSE_TO_TIME"("COURSE_ID","DAY_OF_WEEK","NO") VALUES (73,'THU',6);
INSERT INTO "COURSE_TO_TIME"("COURSE_ID","DAY_OF_WEEK","NO") VALUES (73,'WED',6);
INSERT INTO "COURSE_TO_TIME"("COURSE_ID","DAY_OF_WEEK","NO") VALUES (74,'THU',7);
INSERT INTO "COURSE_TO_TIME"("COURSE_ID","DAY_OF_WEEK","NO") VALUES (74,'WED',4);
INSERT INTO "COURSE_REGISTRATION"("COURSE_ID","STUDENT_ID") VALUES (67,'2015826516');
INSERT INTO "COURSE_REGISTRATION"("COURSE_ID","STUDENT_ID") VALUES (18,'2019038282');
INSERT INTO "COURSE_REGISTRATION"("COURSE_ID","STUDENT_ID") VALUES (68,'2019270655');
INSERT INTO "COURSE_REGISTRATION"("COURSE_ID","STUDENT_ID") VALUES (56,'2017790956');
INSERT INTO "COURSE_REGISTRATION"("COURSE_ID","STUDENT_ID") VALUES (15,'2017412721');
INSERT INTO "COURSE_REGISTRATION"("COURSE_ID","STUDENT_ID") VALUES (40,'2017790956');
INSERT INTO "COURSE_REGISTRATION"("COURSE_ID","STUDENT_ID") VALUES (71,'2017588712');
INSERT INTO "COURSE_REGISTRATION"("COURSE_ID","STUDENT_ID") VALUES (64,'2018400622');
INSERT INTO "COURSE_REGISTRATION"("COURSE_ID","STUDENT_ID") VALUES (52,'2019234555');
INSERT INTO "COURSE_REGISTRATION"("COURSE_ID","STUDENT_ID") VALUES (32,'2015527683');
INSERT INTO "COURSE_REGISTRATION"("COURSE_ID","STUDENT_ID") VALUES (41,'2015527683');
INSERT INTO "COURSE_REGISTRATION"("COURSE_ID","STUDENT_ID") VALUES (4,'2018400622');
INSERT INTO "COURSE_REGISTRATION"("COURSE_ID","STUDENT_ID") VALUES (43,'2015527683');
INSERT INTO "COURSE_REGISTRATION"("COURSE_ID","STUDENT_ID") VALUES (2,'2018400622');
INSERT INTO "COURSE_REGISTRATION"("COURSE_ID","STUDENT_ID") VALUES (20,'2015826516');
INSERT INTO "COURSE_REGISTRATION"("COURSE_ID","STUDENT_ID") VALUES (61,'2017359985');
INSERT INTO "COURSE_REGISTRATION"("COURSE_ID","STUDENT_ID") VALUES (38,'2018761812');
INSERT INTO "COURSE_REGISTRATION"("COURSE_ID","STUDENT_ID") VALUES (59,'2019525328');
INSERT INTO "COURSE_REGISTRATION"("COURSE_ID","STUDENT_ID") VALUES (8,'2019076372');
INSERT INTO "COURSE_REGISTRATION"("COURSE_ID","STUDENT_ID") VALUES (54,'2019628534');
INSERT INTO "COURSE_REGISTRATION"("COURSE_ID","STUDENT_ID") VALUES (1,'2015826516');
INSERT INTO "COURSE_REGISTRATION"("COURSE_ID","STUDENT_ID") VALUES (59,'2018400622');
INSERT INTO "COURSE_REGISTRATION"("COURSE_ID","STUDENT_ID") VALUES (2,'2016572581');
INSERT INTO "COURSE_REGISTRATION"("COURSE_ID","STUDENT_ID") VALUES (56,'2019628534');
INSERT INTO "COURSE_REGISTRATION"("COURSE_ID","STUDENT_ID") VALUES (44,'2016596487');
INSERT INTO "COURSE_REGISTRATION"("COURSE_ID","STUDENT_ID") VALUES (61,'2018761812');
INSERT INTO "COURSE_REGISTRATION"("COURSE_ID","STUDENT_ID") VALUES (20,'2015161973');
INSERT INTO "COURSE_REGISTRATION"("COURSE_ID","STUDENT_ID") VALUES (8,'2017359985');
INSERT INTO "COURSE_REGISTRATION"("COURSE_ID","STUDENT_ID") VALUES (69,'2017597496');
INSERT INTO "COURSE_REGISTRATION"("COURSE_ID","STUDENT_ID") VALUES (4,'2019814089');
INSERT INTO "COURSE_REGISTRATION"("COURSE_ID","STUDENT_ID") VALUES (23,'2017597496');
INSERT INTO "COURSE_REGISTRATION"("COURSE_ID","STUDENT_ID") VALUES (48,'2016635486');
INSERT INTO "COURSE_REGISTRATION"("COURSE_ID","STUDENT_ID") VALUES (48,'2017580180');
INSERT INTO "COURSE_REGISTRATION"("COURSE_ID","STUDENT_ID") VALUES (12,'2015384178');
INSERT INTO "COURSE_REGISTRATION"("COURSE_ID","STUDENT_ID") VALUES (59,'2017359985');
INSERT INTO "COURSE_REGISTRATION"("COURSE_ID","STUDENT_ID") VALUES (53,'2015985825');
INSERT INTO "COURSE_REGISTRATION"("COURSE_ID","STUDENT_ID") VALUES (41,'2017412721');
INSERT INTO "COURSE_REGISTRATION"("COURSE_ID","STUDENT_ID") VALUES (36,'2017597496');
INSERT INTO "COURSE_REGISTRATION"("COURSE_ID","STUDENT_ID") VALUES (14,'2019270655');
INSERT INTO "COURSE_REGISTRATION"("COURSE_ID","STUDENT_ID") VALUES (35,'2016572581');
INSERT INTO "COURSE_REGISTRATION"("COURSE_ID","STUDENT_ID") VALUES (35,'2017359985');
INSERT INTO "COURSE_REGISTRATION"("COURSE_ID","STUDENT_ID") VALUES (13,'2019076372');
INSERT INTO "COURSE_REGISTRATION"("COURSE_ID","STUDENT_ID") VALUES (6,'2017294854');
INSERT INTO "COURSE_REGISTRATION"("COURSE_ID","STUDENT_ID") VALUES (60,'2018671463');
INSERT INTO "COURSE_REGISTRATION"("COURSE_ID","STUDENT_ID") VALUES (69,'2018853865');
INSERT INTO "COURSE_REGISTRATION"("COURSE_ID","STUDENT_ID") VALUES (70,'2017580180');
INSERT INTO "COURSE_REGISTRATION"("COURSE_ID","STUDENT_ID") VALUES (68,'2018761812');
INSERT INTO "COURSE_REGISTRATION"("COURSE_ID","STUDENT_ID") VALUES (56,'2015384178');
INSERT INTO "COURSE_REGISTRATION"("COURSE_ID","STUDENT_ID") VALUES (73,'2019628534');
INSERT INTO "COURSE_REGISTRATION"("COURSE_ID","STUDENT_ID") VALUES (23,'2019234555');
INSERT INTO "COURSE_REGISTRATION"("COURSE_ID","STUDENT_ID") VALUES (46,'2015826516');
INSERT INTO "COURSE_REGISTRATION"("COURSE_ID","STUDENT_ID") VALUES (71,'2015826516');
INSERT INTO "COURSE_REGISTRATION"("COURSE_ID","STUDENT_ID") VALUES (50,'2017359985');
INSERT INTO "COURSE_REGISTRATION"("COURSE_ID","STUDENT_ID") VALUES (22,'2015826516');
INSERT INTO "COURSE_REGISTRATION"("COURSE_ID","STUDENT_ID") VALUES (71,'2019234555');
INSERT INTO "COURSE_REGISTRATION"("COURSE_ID","STUDENT_ID") VALUES (41,'2018761812');
INSERT INTO "COURSE_REGISTRATION"("COURSE_ID","STUDENT_ID") VALUES (55,'2019076372');
INSERT INTO "COURSE_REGISTRATION"("COURSE_ID","STUDENT_ID") VALUES (69,'2016596487');
INSERT INTO "COURSE_REGISTRATION"("COURSE_ID","STUDENT_ID") VALUES (9,'2019076372');
INSERT INTO "COURSE_REGISTRATION"("COURSE_ID","STUDENT_ID") VALUES (48,'2018853865');
INSERT INTO "COURSE_REGISTRATION"("COURSE_ID","STUDENT_ID") VALUES (28,'2018671463');
INSERT INTO "COURSE_REGISTRATION"("COURSE_ID","STUDENT_ID") VALUES (47,'2015985825');
INSERT INTO "COURSE_REGISTRATION"("COURSE_ID","STUDENT_ID") VALUES (50,'2019628534');
INSERT INTO "COURSE_REGISTRATION"("COURSE_ID","STUDENT_ID") VALUES (39,'2017121281');
INSERT INTO "COURSE_REGISTRATION"("COURSE_ID","STUDENT_ID") VALUES (64,'2016900865');
INSERT INTO "COURSE_REGISTRATION"("COURSE_ID","STUDENT_ID") VALUES (58,'2015384178');
INSERT INTO "COURSE_REGISTRATION"("COURSE_ID","STUDENT_ID") VALUES (56,'2019814089');
INSERT INTO "COURSE_REGISTRATION"("COURSE_ID","STUDENT_ID") VALUES (56,'2019525328');
INSERT INTO "COURSE_REGISTRATION"("COURSE_ID","STUDENT_ID") VALUES (74,'2019234555');
INSERT INTO "COURSE_REGISTRATION"("COURSE_ID","STUDENT_ID") VALUES (31,'2015312913');
INSERT INTO "COURSE_REGISTRATION"("COURSE_ID","STUDENT_ID") VALUES (10,'2018164815');
INSERT INTO "COURSE_REGISTRATION"("COURSE_ID","STUDENT_ID") VALUES (42,'2018761812');
INSERT INTO "COURSE_REGISTRATION"("COURSE_ID","STUDENT_ID") VALUES (46,'2017790956');
INSERT INTO "COURSE_REGISTRATION"("COURSE_ID","STUDENT_ID") VALUES (30,'2019270655');
INSERT INTO "COURSE_REGISTRATION"("COURSE_ID","STUDENT_ID") VALUES (27,'2018853865');
INSERT INTO "COURSE_REGISTRATION"("COURSE_ID","STUDENT_ID") VALUES (25,'2015826516');
INSERT INTO "COURSE_REGISTRATION"("COURSE_ID","STUDENT_ID") VALUES (13,'2017790956');
INSERT INTO "COURSE_REGISTRATION"("COURSE_ID","STUDENT_ID") VALUES (61,'2019234555');
INSERT INTO "COURSE_REGISTRATION"("COURSE_ID","STUDENT_ID") VALUES (13,'2017121281');
INSERT INTO "COURSE_REGISTRATION"("COURSE_ID","STUDENT_ID") VALUES (44,'2017359985');
INSERT INTO "COURSE_REGISTRATION"("COURSE_ID","STUDENT_ID") VALUES (59,'2016635486');
INSERT INTO "COURSE_REGISTRATION"("COURSE_ID","STUDENT_ID") VALUES (73,'2017597496');
INSERT INTO "COURSE_REGISTRATION"("COURSE_ID","STUDENT_ID") VALUES (26,'2019076372');
INSERT INTO "COURSE_REGISTRATION"("COURSE_ID","STUDENT_ID") VALUES (53,'2015161973');
INSERT INTO "COURSE_REGISTRATION"("COURSE_ID","STUDENT_ID") VALUES (50,'2017121281');
INSERT INTO "COURSE_REGISTRATION"("COURSE_ID","STUDENT_ID") VALUES (1,'2015384178');
INSERT INTO "COURSE_REGISTRATION"("COURSE_ID","STUDENT_ID") VALUES (9,'2017597496');
INSERT INTO "COURSE_REGISTRATION"("COURSE_ID","STUDENT_ID") VALUES (28,'2016635486');
INSERT INTO "COURSE_REGISTRATION"("COURSE_ID","STUDENT_ID") VALUES (7,'2015826516');
INSERT INTO "COURSE_REGISTRATION"("COURSE_ID","STUDENT_ID") VALUES (66,'2015985825');
INSERT INTO "COURSE_REGISTRATION"("COURSE_ID","STUDENT_ID") VALUES (39,'2017580180');
INSERT INTO "COURSE_REGISTRATION"("COURSE_ID","STUDENT_ID") VALUES (65,'2018853865');
INSERT INTO "COURSE_REGISTRATION"("COURSE_ID","STUDENT_ID") VALUES (8,'2017597496');
INSERT INTO "COURSE_REGISTRATION"("COURSE_ID","STUDENT_ID") VALUES (57,'2017294854');
INSERT INTO "COURSE_REGISTRATION"("COURSE_ID","STUDENT_ID") VALUES (64,'2015384178');
INSERT INTO "COURSE_REGISTRATION"("COURSE_ID","STUDENT_ID") VALUES (3,'2017294854');
INSERT INTO "COURSE_REGISTRATION"("COURSE_ID","STUDENT_ID") VALUES (19,'2019525328');
INSERT INTO "COURSE_REGISTRATION"("COURSE_ID","STUDENT_ID") VALUES (72,'2019814089');
INSERT INTO "COURSE_REGISTRATION"("COURSE_ID","STUDENT_ID") VALUES (23,'2019814089');
INSERT INTO "COURSE_REGISTRATION"("COURSE_ID","STUDENT_ID") VALUES (23,'2017121281');
INSERT INTO "COURSE_REGISTRATION"("COURSE_ID","STUDENT_ID") VALUES (20,'2018164815');
INSERT INTO "COURSE_REGISTRATION"("COURSE_ID","STUDENT_ID") VALUES (54,'2017790956');
INSERT INTO "COURSE_REGISTRATION"("COURSE_ID","STUDENT_ID") VALUES (39,'2015384178');
INSERT INTO "COURSE_REGISTRATION"("COURSE_ID","STUDENT_ID") VALUES (21,'2016900865');
INSERT INTO "COURSE_REGISTRATION"("COURSE_ID","STUDENT_ID") VALUES (16,'2017121281');
INSERT INTO "COURSE_REGISTRATION"("COURSE_ID","STUDENT_ID") VALUES (37,'2017790956');
INSERT INTO "COURSE_REGISTRATION"("COURSE_ID","STUDENT_ID") VALUES (48,'2019270655');
INSERT INTO "COURSE_REGISTRATION"("COURSE_ID","STUDENT_ID") VALUES (7,'2019270655');
INSERT INTO "COURSE_REGISTRATION"("COURSE_ID","STUDENT_ID") VALUES (26,'2015826516');
INSERT INTO "COURSE_REGISTRATION"("COURSE_ID","STUDENT_ID") VALUES (0,'2016635486');
INSERT INTO "COURSE_REGISTRATION"("COURSE_ID","STUDENT_ID") VALUES (5,'2015985825');
INSERT INTO "COURSE_REGISTRATION"("COURSE_ID","STUDENT_ID") VALUES (62,'2017359985');
INSERT INTO "COURSE_REGISTRATION"("COURSE_ID","STUDENT_ID") VALUES (28,'2017597496');
INSERT INTO "COURSE_REGISTRATION"("COURSE_ID","STUDENT_ID") VALUES (56,'2018853865');
INSERT INTO "COURSE_REGISTRATION"("COURSE_ID","STUDENT_ID") VALUES (17,'2017597496');
INSERT INTO "COURSE_REGISTRATION"("COURSE_ID","STUDENT_ID") VALUES (5,'2015384178');
INSERT INTO "COURSE_REGISTRATION"("COURSE_ID","STUDENT_ID") VALUES (30,'2018400622');
INSERT INTO "COURSE_REGISTRATION"("COURSE_ID","STUDENT_ID") VALUES (28,'2016596487');
INSERT INTO "COURSE_REGISTRATION"("COURSE_ID","STUDENT_ID") VALUES (14,'2018853865');
INSERT INTO "COURSE_REGISTRATION"("COURSE_ID","STUDENT_ID") VALUES (66,'2017121281');
INSERT INTO "COURSE_REGISTRATION"("COURSE_ID","STUDENT_ID") VALUES (65,'2017580180');
INSERT INTO "COURSE_REGISTRATION"("COURSE_ID","STUDENT_ID") VALUES (31,'2017121281');
INSERT INTO "COURSE_REGISTRATION"("COURSE_ID","STUDENT_ID") VALUES (63,'2019814089');
INSERT INTO "COURSE_REGISTRATION"("COURSE_ID","STUDENT_ID") VALUES (50,'2015985825');
INSERT INTO "COURSE_REGISTRATION"("COURSE_ID","STUDENT_ID") VALUES (46,'2018164815');
INSERT INTO "COURSE_REGISTRATION"("COURSE_ID","STUDENT_ID") VALUES (13,'2015527683');
INSERT INTO "COURSE_REGISTRATION"("COURSE_ID","STUDENT_ID") VALUES (58,'2015312913');
INSERT INTO "COURSE_REGISTRATION"("COURSE_ID","STUDENT_ID") VALUES (12,'2018400622');
INSERT INTO "COURSE_REGISTRATION"("COURSE_ID","STUDENT_ID") VALUES (51,'2016572581');
INSERT INTO "COURSE_REGISTRATION"("COURSE_ID","STUDENT_ID") VALUES (18,'2019270655');
INSERT INTO "COURSE_REGISTRATION"("COURSE_ID","STUDENT_ID") VALUES (45,'2017294854');
INSERT INTO "COURSE_REGISTRATION"("COURSE_ID","STUDENT_ID") VALUES (27,'2017580180');
INSERT INTO "COURSE_REGISTRATION"("COURSE_ID","STUDENT_ID") VALUES (65,'2015161973');
INSERT INTO "COURSE_REGISTRATION"("COURSE_ID","STUDENT_ID") VALUES (33,'2016596487');
INSERT INTO "COURSE_REGISTRATION"("COURSE_ID","STUDENT_ID") VALUES (37,'2015384178');
INSERT INTO "COURSE_REGISTRATION"("COURSE_ID","STUDENT_ID") VALUES (22,'2015985825');
INSERT INTO "COURSE_REGISTRATION"("COURSE_ID","STUDENT_ID") VALUES (52,'2015985825');
INSERT INTO "COURSE_REGISTRATION"("COURSE_ID","STUDENT_ID") VALUES (58,'2017580180');
INSERT INTO "COURSE_REGISTRATION"("COURSE_ID","STUDENT_ID") VALUES (64,'2017588712');
INSERT INTO "COURSE_REGISTRATION"("COURSE_ID","STUDENT_ID") VALUES (32,'2015985825');
INSERT INTO "COURSE_REGISTRATION"("COURSE_ID","STUDENT_ID") VALUES (56,'2018671463');
INSERT INTO "COURSE_REGISTRATION"("COURSE_ID","STUDENT_ID") VALUES (66,'2017294854');
INSERT INTO "COURSE_REGISTRATION"("COURSE_ID","STUDENT_ID") VALUES (1,'2017121281');
INSERT INTO "COURSE_REGISTRATION"("COURSE_ID","STUDENT_ID") VALUES (12,'2017412721');
INSERT INTO "COURSE_REGISTRATION"("COURSE_ID","STUDENT_ID") VALUES (57,'2015312913');
INSERT INTO "COURSE_REGISTRATION"("COURSE_ID","STUDENT_ID") VALUES (15,'2019076372');
INSERT INTO "COURSE_REGISTRATION"("COURSE_ID","STUDENT_ID") VALUES (66,'2015161973');
INSERT INTO "COURSE_REGISTRATION"("COURSE_ID","STUDENT_ID") VALUES (24,'2016596487');
INSERT INTO "COURSE_REGISTRATION"("COURSE_ID","STUDENT_ID") VALUES (52,'2019525328');
INSERT INTO "COURSE_REGISTRATION"("COURSE_ID","STUDENT_ID") VALUES (68,'2015161973');
INSERT INTO "COURSE_REGISTRATION"("COURSE_ID","STUDENT_ID") VALUES (35,'2016635486');
INSERT INTO "COURSE_REGISTRATION"("COURSE_ID","STUDENT_ID") VALUES (42,'2015826516');
INSERT INTO "COURSE_REGISTRATION"("COURSE_ID","STUDENT_ID") VALUES (65,'2019234555');
INSERT INTO "COURSE_REGISTRATION"("COURSE_ID","STUDENT_ID") VALUES (50,'2019270655');
INSERT INTO "COURSE_REGISTRATION"("COURSE_ID","STUDENT_ID") VALUES (15,'2015312913');
INSERT INTO "COURSE_REGISTRATION"("COURSE_ID","STUDENT_ID") VALUES (28,'2018853865');
INSERT INTO "COURSE_REGISTRATION"("COURSE_ID","STUDENT_ID") VALUES (5,'2016635486');
INSERT INTO "COURSE_REGISTRATION"("COURSE_ID","STUDENT_ID") VALUES (64,'2018853865');
INSERT INTO "COURSE_REGISTRATION"("COURSE_ID","STUDENT_ID") VALUES (36,'2017790956');
INSERT INTO "COURSE_REGISTRATION"("COURSE_ID","STUDENT_ID") VALUES (7,'2017294854');
INSERT INTO "COURSE_REGISTRATION"("COURSE_ID","STUDENT_ID") VALUES (35,'2017790956');
INSERT INTO "COURSE_REGISTRATION"("COURSE_ID","STUDENT_ID") VALUES (36,'2019628534');
INSERT INTO "COURSE_REGISTRATION"("COURSE_ID","STUDENT_ID") VALUES (34,'2016596487');
INSERT INTO "COURSE_REGISTRATION"("COURSE_ID","STUDENT_ID") VALUES (60,'2015826516');
INSERT INTO "COURSE_REGISTRATION"("COURSE_ID","STUDENT_ID") VALUES (2,'2019525328');
INSERT INTO "COURSE_REGISTRATION"("COURSE_ID","STUDENT_ID") VALUES (12,'2018671463');
INSERT INTO "COURSE_REGISTRATION"("COURSE_ID","STUDENT_ID") VALUES (18,'2017121281');
INSERT INTO "COURSE_REGISTRATION"("COURSE_ID","STUDENT_ID") VALUES (45,'2016635486');
INSERT INTO "COURSE_REGISTRATION"("COURSE_ID","STUDENT_ID") VALUES (0,'2019814089');
INSERT INTO "COURSE_REGISTRATION"("COURSE_ID","STUDENT_ID") VALUES (74,'2018400622');
INSERT INTO "COURSE_REGISTRATION"("COURSE_ID","STUDENT_ID") VALUES (19,'2016596487');
INSERT INTO "COURSE_REGISTRATION"("COURSE_ID","STUDENT_ID") VALUES (48,'2015312913');
INSERT INTO "COURSE_REGISTRATION"("COURSE_ID","STUDENT_ID") VALUES (58,'2019038282');
INSERT INTO "COURSE_REGISTRATION"("COURSE_ID","STUDENT_ID") VALUES (33,'2019628534');
INSERT INTO "COURSE_REGISTRATION"("COURSE_ID","STUDENT_ID") VALUES (19,'2015384178');
INSERT INTO "COURSE_REGISTRATION"("COURSE_ID","STUDENT_ID") VALUES (71,'2018164815');
INSERT INTO "COURSE_REGISTRATION"("COURSE_ID","STUDENT_ID") VALUES (36,'2019038282');
INSERT INTO "COURSE_REGISTRATION"("COURSE_ID","STUDENT_ID") VALUES (53,'2018761812');
INSERT INTO "COURSE_REGISTRATION"("COURSE_ID","STUDENT_ID") VALUES (46,'2016572581');
INSERT INTO "COURSE_REGISTRATION"("COURSE_ID","STUDENT_ID") VALUES (3,'2017121281');
INSERT INTO "COURSE_REGISTRATION"("COURSE_ID","STUDENT_ID") VALUES (35,'2016900865');
INSERT INTO "COURSE_REGISTRATION"("COURSE_ID","STUDENT_ID") VALUES (43,'2017121281');
INSERT INTO "COURSE_REGISTRATION"("COURSE_ID","STUDENT_ID") VALUES (13,'2015161973');
INSERT INTO "COURSE_REGISTRATION"("COURSE_ID","STUDENT_ID") VALUES (28,'2017790956');
INSERT INTO "COURSE_REGISTRATION"("COURSE_ID","STUDENT_ID") VALUES (35,'2015826516');
INSERT INTO "COURSE_REGISTRATION"("COURSE_ID","STUDENT_ID") VALUES (0,'2015384178');
INSERT INTO "COURSE_REGISTRATION"("COURSE_ID","STUDENT_ID") VALUES (12,'2019814089');
INSERT INTO "COURSE_REGISTRATION"("COURSE_ID","STUDENT_ID") VALUES (51,'2017588712');
INSERT INTO "COURSE_REGISTRATION"("COURSE_ID","STUDENT_ID") VALUES (30,'2018761812');
INSERT INTO "COURSE_REGISTRATION"("COURSE_ID","STUDENT_ID") VALUES (4,'2019525328');
INSERT INTO "COURSE_REGISTRATION"("COURSE_ID","STUDENT_ID") VALUES (55,'2017294854');
INSERT INTO "COURSE_REGISTRATION"("COURSE_ID","STUDENT_ID") VALUES (14,'2019628534');
INSERT INTO "COURSE_REGISTRATION"("COURSE_ID","STUDENT_ID") VALUES (7,'2017588712');
INSERT INTO "COURSE_REGISTRATION"("COURSE_ID","STUDENT_ID") VALUES (23,'2017790956');
INSERT INTO "COURSE_REGISTRATION"("COURSE_ID","STUDENT_ID") VALUES (22,'2016900865');
INSERT INTO "COURSE_REGISTRATION"("COURSE_ID","STUDENT_ID") VALUES (9,'2018853865');
INSERT INTO "COURSE_REGISTRATION"("COURSE_ID","STUDENT_ID") VALUES (70,'2015161973');
INSERT INTO "COURSE_REGISTRATION"("COURSE_ID","STUDENT_ID") VALUES (47,'2018400622');
INSERT INTO "COURSE_REGISTRATION"("COURSE_ID","STUDENT_ID") VALUES (27,'2019234555');
INSERT INTO "COURSE_REGISTRATION"("COURSE_ID","STUDENT_ID") VALUES (73,'2016635486');
INSERT INTO "COURSE_REGISTRATION"("COURSE_ID","STUDENT_ID") VALUES (62,'2018853865');
INSERT INTO "COURSE_REGISTRATION"("COURSE_ID","STUDENT_ID") VALUES (73,'2016900865');
INSERT INTO "COURSE_REGISTRATION"("COURSE_ID","STUDENT_ID") VALUES (1,'2016596487');
INSERT INTO "COURSE_REGISTRATION"("COURSE_ID","STUDENT_ID") VALUES (56,'2015312913');
INSERT INTO "COURSE_REGISTRATION"("COURSE_ID","STUDENT_ID") VALUES (51,'2018671463');
INSERT INTO "COURSE_REGISTRATION"("COURSE_ID","STUDENT_ID") VALUES (8,'2016635486');
INSERT INTO "COURSE_REGISTRATION"("COURSE_ID","STUDENT_ID") VALUES (13,'2019038282');
INSERT INTO "COURSE_REGISTRATION"("COURSE_ID","STUDENT_ID") VALUES (53,'2015527683');
INSERT INTO "COURSE_REGISTRATION"("COURSE_ID","STUDENT_ID") VALUES (3,'2018164815');
INSERT INTO "COURSE_REGISTRATION"("COURSE_ID","STUDENT_ID") VALUES (56,'2015826516');
INSERT INTO "COURSE_REGISTRATION"("COURSE_ID","STUDENT_ID") VALUES (51,'2018164815');
INSERT INTO "COURSE_REGISTRATION"("COURSE_ID","STUDENT_ID") VALUES (39,'2016572581');
INSERT INTO "COURSE_REGISTRATION"("COURSE_ID","STUDENT_ID") VALUES (15,'2019525328');
INSERT INTO "COURSE_REGISTRATION"("COURSE_ID","STUDENT_ID") VALUES (62,'2018400622');
INSERT INTO "COURSE_REGISTRATION"("COURSE_ID","STUDENT_ID") VALUES (1,'2018761812');
INSERT INTO "COURSE_REGISTRATION"("COURSE_ID","STUDENT_ID") VALUES (46,'2019076372');
INSERT INTO "COURSE_REGISTRATION"("COURSE_ID","STUDENT_ID") VALUES (34,'2015826516');
INSERT INTO "COURSE_REGISTRATION"("COURSE_ID","STUDENT_ID") VALUES (65,'2017597496');
INSERT INTO "COURSE_REGISTRATION"("COURSE_ID","STUDENT_ID") VALUES (72,'2015985825');
INSERT INTO "COURSE_REGISTRATION"("COURSE_ID","STUDENT_ID") VALUES (49,'2019814089');
INSERT INTO "COURSE_REGISTRATION"("COURSE_ID","STUDENT_ID") VALUES (26,'2019234555');
INSERT INTO "COURSE_REGISTRATION"("COURSE_ID","STUDENT_ID") VALUES (7,'2015985825');
INSERT INTO "COURSE_REGISTRATION"("COURSE_ID","STUDENT_ID") VALUES (18,'2015826516');
INSERT INTO "COURSE_REGISTRATION"("COURSE_ID","STUDENT_ID") VALUES (4,'2016596487');
INSERT INTO "COURSE_REGISTRATION"("COURSE_ID","STUDENT_ID") VALUES (22,'2019270655');
INSERT INTO "COURSE_REGISTRATION"("COURSE_ID","STUDENT_ID") VALUES (49,'2019270655');
INSERT INTO "COURSE_REGISTRATION"("COURSE_ID","STUDENT_ID") VALUES (29,'2017597496');
INSERT INTO "COURSE_REGISTRATION"("COURSE_ID","STUDENT_ID") VALUES (10,'2016635486');
INSERT INTO "COURSE_REGISTRATION"("COURSE_ID","STUDENT_ID") VALUES (5,'2019234555');
INSERT INTO "COURSE_REGISTRATION"("COURSE_ID","STUDENT_ID") VALUES (6,'2017359985');
INSERT INTO "COURSE_REGISTRATION"("COURSE_ID","STUDENT_ID") VALUES (63,'2017597496');
INSERT INTO "COURSE_REGISTRATION"("COURSE_ID","STUDENT_ID") VALUES (4,'2019270655');
INSERT INTO "COURSE_REGISTRATION"("COURSE_ID","STUDENT_ID") VALUES (65,'2019814089');
INSERT INTO "COURSE_REGISTRATION"("COURSE_ID","STUDENT_ID") VALUES (7,'2018400622');
INSERT INTO "COURSE_REGISTRATION"("COURSE_ID","STUDENT_ID") VALUES (29,'2019270655');
INSERT INTO "COURSE_REGISTRATION"("COURSE_ID","STUDENT_ID") VALUES (26,'2016900865');
INSERT INTO "COURSE_REGISTRATION"("COURSE_ID","STUDENT_ID") VALUES (40,'2019270655');
INSERT INTO "COURSE_REGISTRATION"("COURSE_ID","STUDENT_ID") VALUES (25,'2017412721');
INSERT INTO "COURSE_REGISTRATION"("COURSE_ID","STUDENT_ID") VALUES (6,'2019814089');
INSERT INTO "COURSE_REGISTRATION"("COURSE_ID","STUDENT_ID") VALUES (56,'2018164815');
INSERT INTO "COURSE_REGISTRATION"("COURSE_ID","STUDENT_ID") VALUES (41,'2015985825');
INSERT INTO "COURSE_REGISTRATION"("COURSE_ID","STUDENT_ID") VALUES (10,'2017790956');
INSERT INTO "COURSE_REGISTRATION"("COURSE_ID","STUDENT_ID") VALUES (43,'2019628534');
INSERT INTO "COURSE_REGISTRATION"("COURSE_ID","STUDENT_ID") VALUES (51,'2015826516');
INSERT INTO "COURSE_REGISTRATION"("COURSE_ID","STUDENT_ID") VALUES (64,'2019234555');
INSERT INTO "COURSE_REGISTRATION"("COURSE_ID","STUDENT_ID") VALUES (50,'2015161973');
INSERT INTO "COURSE_REGISTRATION"("COURSE_ID","STUDENT_ID") VALUES (61,'2017121281');
INSERT INTO "COURSE_REGISTRATION"("COURSE_ID","STUDENT_ID") VALUES (14,'2017412721');
INSERT INTO "COURSE_REGISTRATION"("COURSE_ID","STUDENT_ID") VALUES (7,'2015161973');
INSERT INTO "COURSE_REGISTRATION"("COURSE_ID","STUDENT_ID") VALUES (45,'2015826516');
INSERT INTO "COURSE_REGISTRATION"("COURSE_ID","STUDENT_ID") VALUES (22,'2017588712');
INSERT INTO "COURSE_REGISTRATION"("COURSE_ID","STUDENT_ID") VALUES (24,'2017588712');
INSERT INTO "COURSE_REGISTRATION"("COURSE_ID","STUDENT_ID") VALUES (67,'2017359985');
INSERT INTO "COURSE_REGISTRATION"("COURSE_ID","STUDENT_ID") VALUES (22,'2019814089');
INSERT INTO "COURSE_REGISTRATION"("COURSE_ID","STUDENT_ID") VALUES (18,'2017588712');
INSERT INTO "COURSE_REGISTRATION"("COURSE_ID","STUDENT_ID") VALUES (50,'2017790956');
INSERT INTO "COURSE_REGISTRATION"("COURSE_ID","STUDENT_ID") VALUES (29,'2017412721');
INSERT INTO "COURSE_REGISTRATION"("COURSE_ID","STUDENT_ID") VALUES (22,'2017121281');
INSERT INTO "COURSE_REGISTRATION"("COURSE_ID","STUDENT_ID") VALUES (44,'2017790956');
INSERT INTO "COURSE_REGISTRATION"("COURSE_ID","STUDENT_ID") VALUES (37,'2019076372');
INSERT INTO "COURSE_REGISTRATION"("COURSE_ID","STUDENT_ID") VALUES (30,'2019525328');
INSERT INTO "COURSE_REGISTRATION"("COURSE_ID","STUDENT_ID") VALUES (9,'2017588712');
INSERT INTO "COURSE_REGISTRATION"("COURSE_ID","STUDENT_ID") VALUES (52,'2017121281');
INSERT INTO "COURSE_REGISTRATION"("COURSE_ID","STUDENT_ID") VALUES (44,'2019814089');
INSERT INTO "COURSE_REGISTRATION"("COURSE_ID","STUDENT_ID") VALUES (56,'2017597496');
INSERT INTO "COURSE_REGISTRATION"("COURSE_ID","STUDENT_ID") VALUES (26,'2017121281');
INSERT INTO "COURSE_REGISTRATION"("COURSE_ID","STUDENT_ID") VALUES (32,'2019234555');
INSERT INTO "COURSE_REGISTRATION"("COURSE_ID","STUDENT_ID") VALUES (55,'2019628534');
INSERT INTO "COURSE_REGISTRATION"("COURSE_ID","STUDENT_ID") VALUES (38,'2017412721');
INSERT INTO "COURSE_REGISTRATION"("COURSE_ID","STUDENT_ID") VALUES (13,'2018761812');
INSERT INTO "COURSE_REGISTRATION"("COURSE_ID","STUDENT_ID") VALUES (39,'2018761812');
INSERT INTO "COURSE_REGISTRATION"("COURSE_ID","STUDENT_ID") VALUES (16,'2017790956');
INSERT INTO "COURSE_REGISTRATION"("COURSE_ID","STUDENT_ID") VALUES (12,'2017580180');
INSERT INTO "COURSE_REGISTRATION"("COURSE_ID","STUDENT_ID") VALUES (52,'2016635486');
INSERT INTO "COURSE_REGISTRATION"("COURSE_ID","STUDENT_ID") VALUES (48,'2015384178');
INSERT INTO "COURSE_REGISTRATION"("COURSE_ID","STUDENT_ID") VALUES (67,'2018400622');
INSERT INTO "COURSE_REGISTRATION"("COURSE_ID","STUDENT_ID") VALUES (63,'2015384178');
INSERT INTO "COURSE_REGISTRATION"("COURSE_ID","STUDENT_ID") VALUES (43,'2015826516');
INSERT INTO "COURSE_REGISTRATION"("COURSE_ID","STUDENT_ID") VALUES (13,'2019525328');
INSERT INTO "COURSE_REGISTRATION"("COURSE_ID","STUDENT_ID") VALUES (12,'2017294854');
INSERT INTO "COURSE_REGISTRATION"("COURSE_ID","STUDENT_ID") VALUES (37,'2018164815');
INSERT INTO "COURSE_REGISTRATION"("COURSE_ID","STUDENT_ID") VALUES (18,'2018671463');
INSERT INTO "COURSE_REGISTRATION"("COURSE_ID","STUDENT_ID") VALUES (16,'2015527683');
INSERT INTO "COURSE_REGISTRATION"("COURSE_ID","STUDENT_ID") VALUES (74,'2017597496');
INSERT INTO "COURSE_REGISTRATION"("COURSE_ID","STUDENT_ID") VALUES (12,'2015161973');
INSERT INTO "COURSE_REGISTRATION"("COURSE_ID","STUDENT_ID") VALUES (11,'2019628534');
INSERT INTO "COURSE_REGISTRATION"("COURSE_ID","STUDENT_ID") VALUES (5,'2017359985');
INSERT INTO "COURSE_REGISTRATION"("COURSE_ID","STUDENT_ID") VALUES (32,'2017121281');
INSERT INTO "COURSE_REGISTRATION"("COURSE_ID","STUDENT_ID") VALUES (49,'2015985825');
INSERT INTO "COURSE_REGISTRATION"("COURSE_ID","STUDENT_ID") VALUES (23,'2018400622');
INSERT INTO "COURSE_REGISTRATION"("COURSE_ID","STUDENT_ID") VALUES (16,'2019234555');
INSERT INTO "COURSE_REGISTRATION"("COURSE_ID","STUDENT_ID") VALUES (31,'2015527683');
INSERT INTO "COURSE_REGISTRATION"("COURSE_ID","STUDENT_ID") VALUES (32,'2017359985');
INSERT INTO "COURSE_REGISTRATION"("COURSE_ID","STUDENT_ID") VALUES (42,'2015384178');
INSERT INTO "COURSE_REGISTRATION"("COURSE_ID","STUDENT_ID") VALUES (21,'2015985825');
INSERT INTO "COURSE_REGISTRATION"("COURSE_ID","STUDENT_ID") VALUES (45,'2019234555');
INSERT INTO "COURSE_REGISTRATION"("COURSE_ID","STUDENT_ID") VALUES (16,'2018671463');
INSERT INTO "COURSE_REGISTRATION"("COURSE_ID","STUDENT_ID") VALUES (8,'2018164815');
INSERT INTO "COURSE_REGISTRATION"("COURSE_ID","STUDENT_ID") VALUES (73,'2019525328');
INSERT INTO "COURSE_REGISTRATION"("COURSE_ID","STUDENT_ID") VALUES (15,'2017588712');
INSERT INTO "COURSE_REGISTRATION"("COURSE_ID","STUDENT_ID") VALUES (49,'2017412721');
INSERT INTO "COURSE_REGISTRATION"("COURSE_ID","STUDENT_ID") VALUES (20,'2019628534');
INSERT INTO "COURSE_REGISTRATION"("COURSE_ID","STUDENT_ID") VALUES (52,'2016596487');
INSERT INTO "COURSE_REGISTRATION"("COURSE_ID","STUDENT_ID") VALUES (2,'2015826516');
INSERT INTO "COURSE_REGISTRATION"("COURSE_ID","STUDENT_ID") VALUES (57,'2019038282');
INSERT INTO "COURSE_REGISTRATION"("COURSE_ID","STUDENT_ID") VALUES (74,'2016596487');
INSERT INTO "COURSE_REGISTRATION"("COURSE_ID","STUDENT_ID") VALUES (41,'2016900865');
INSERT INTO "COURSE_REGISTRATION"("COURSE_ID","STUDENT_ID") VALUES (10,'2017412721');
INSERT INTO "COURSE_REGISTRATION"("COURSE_ID","STUDENT_ID") VALUES (20,'2019234555');
INSERT INTO "COURSE_REGISTRATION"("COURSE_ID","STUDENT_ID") VALUES (3,'2016596487');
INSERT INTO "COURSE_REGISTRATION"("COURSE_ID","STUDENT_ID") VALUES (50,'2019038282');
INSERT INTO "COURSE_REGISTRATION"("COURSE_ID","STUDENT_ID") VALUES (13,'2018400622');
INSERT INTO "COURSE_REGISTRATION"("COURSE_ID","STUDENT_ID") VALUES (49,'2017588712');
INSERT INTO "COURSE_REGISTRATION"("COURSE_ID","STUDENT_ID") VALUES (62,'2017588712');
INSERT INTO "COURSE_REGISTRATION"("COURSE_ID","STUDENT_ID") VALUES (72,'2015312913');
INSERT INTO "COURSE_REGISTRATION"("COURSE_ID","STUDENT_ID") VALUES (32,'2015312913');
INSERT INTO "COURSE_REGISTRATION"("COURSE_ID","STUDENT_ID") VALUES (46,'2018761812');
INSERT INTO "COURSE_REGISTRATION"("COURSE_ID","STUDENT_ID") VALUES (46,'2019814089');
INSERT INTO "COURSE_REGISTRATION"("COURSE_ID","STUDENT_ID") VALUES (7,'2016572581');
INSERT INTO "COURSE_REGISTRATION"("COURSE_ID","STUDENT_ID") VALUES (50,'2015384178');
INSERT INTO "COURSE_REGISTRATION"("COURSE_ID","STUDENT_ID") VALUES (51,'2017597496');
INSERT INTO "COURSE_REGISTRATION"("COURSE_ID","STUDENT_ID") VALUES (58,'2018164815');
INSERT INTO "COURSE_REGISTRATION"("COURSE_ID","STUDENT_ID") VALUES (52,'2017597496');
INSERT INTO "COURSE_REGISTRATION"("COURSE_ID","STUDENT_ID") VALUES (68,'2015826516');
INSERT INTO "COURSE_REGISTRATION"("COURSE_ID","STUDENT_ID") VALUES (31,'2018164815');
INSERT INTO "COURSE_REGISTRATION"("COURSE_ID","STUDENT_ID") VALUES (66,'2018761812');
INSERT INTO "COURSE_REGISTRATION"("COURSE_ID","STUDENT_ID") VALUES (27,'2018164815');
INSERT INTO "COURSE_REGISTRATION"("COURSE_ID","STUDENT_ID") VALUES (18,'2018853865');
INSERT INTO "COURSE_REGISTRATION"("COURSE_ID","STUDENT_ID") VALUES (58,'2016900865');
INSERT INTO "COURSE_REGISTRATION"("COURSE_ID","STUDENT_ID") VALUES (60,'2019076372');
INSERT INTO "COURSE_REGISTRATION"("COURSE_ID","STUDENT_ID") VALUES (6,'2015826516');
INSERT INTO "COURSE_REGISTRATION"("COURSE_ID","STUDENT_ID") VALUES (22,'2017359985');
INSERT INTO "COURSE_REGISTRATION"("COURSE_ID","STUDENT_ID") VALUES (54,'2019270655');
INSERT INTO "COURSE_REGISTRATION"("COURSE_ID","STUDENT_ID") VALUES (24,'2017412721');
INSERT INTO "COURSE_REGISTRATION"("COURSE_ID","STUDENT_ID") VALUES (15,'2015985825');
INSERT INTO "COURSE_REGISTRATION"("COURSE_ID","STUDENT_ID") VALUES (7,'2015312913');
INSERT INTO "COURSE_REGISTRATION"("COURSE_ID","STUDENT_ID") VALUES (24,'2016900865');
INSERT INTO "COURSE_REGISTRATION"("COURSE_ID","STUDENT_ID") VALUES (53,'2017588712');
INSERT INTO "COURSE_REGISTRATION"("COURSE_ID","STUDENT_ID") VALUES (52,'2017294854');
INSERT INTO "COURSE_REGISTRATION"("COURSE_ID","STUDENT_ID") VALUES (70,'2015384178');
INSERT INTO "COURSE_REGISTRATION"("COURSE_ID","STUDENT_ID") VALUES (17,'2015384178');
INSERT INTO "COURSE_REGISTRATION"("COURSE_ID","STUDENT_ID") VALUES (56,'2019234555');
INSERT INTO "COURSE_REGISTRATION"("COURSE_ID","STUDENT_ID") VALUES (44,'2016572581');
INSERT INTO "COURSE_REGISTRATION"("COURSE_ID","STUDENT_ID") VALUES (28,'2019628534');
INSERT INTO "COURSE_REGISTRATION"("COURSE_ID","STUDENT_ID") VALUES (68,'2017580180');
INSERT INTO "COURSE_REGISTRATION"("COURSE_ID","STUDENT_ID") VALUES (48,'2015527683');
INSERT INTO "COURSE_REGISTRATION"("COURSE_ID","STUDENT_ID") VALUES (36,'2018761812');
INSERT INTO "COURSE_REGISTRATION"("COURSE_ID","STUDENT_ID") VALUES (3,'2015312913');
INSERT INTO "COURSE_REGISTRATION"("COURSE_ID","STUDENT_ID") VALUES (13,'2015826516');
INSERT INTO "COURSE_REGISTRATION"("COURSE_ID","STUDENT_ID") VALUES (28,'2015527683');
INSERT INTO "COURSE_REGISTRATION"("COURSE_ID","STUDENT_ID") VALUES (63,'2016900865');
INSERT INTO "COURSE_REGISTRATION"("COURSE_ID","STUDENT_ID") VALUES (27,'2017359985');
INSERT INTO "COURSE_REGISTRATION"("COURSE_ID","STUDENT_ID") VALUES (4,'2018761812');
INSERT INTO "COURSE_REGISTRATION"("COURSE_ID","STUDENT_ID") VALUES (33,'2017359985');
INSERT INTO "COURSE_REGISTRATION"("COURSE_ID","STUDENT_ID") VALUES (21,'2019628534');
INSERT INTO "COURSE_REGISTRATION"("COURSE_ID","STUDENT_ID") VALUES (70,'2019038282');
INSERT INTO "COURSE_REGISTRATION"("COURSE_ID","STUDENT_ID") VALUES (44,'2017588712');
INSERT INTO "COURSE_REGISTRATION"("COURSE_ID","STUDENT_ID") VALUES (20,'2016596487');
INSERT INTO "COURSE_REGISTRATION"("COURSE_ID","STUDENT_ID") VALUES (74,'2017121281');
INSERT INTO "COURSE_REGISTRATION"("COURSE_ID","STUDENT_ID") VALUES (16,'2015312913');
INSERT INTO "COURSE_REGISTRATION"("COURSE_ID","STUDENT_ID") VALUES (47,'2017588712');
INSERT INTO "COURSE_REGISTRATION"("COURSE_ID","STUDENT_ID") VALUES (15,'2017790956');
INSERT INTO "COURSE_REGISTRATION"("COURSE_ID","STUDENT_ID") VALUES (15,'2017359985');
INSERT INTO "COURSE_REGISTRATION"("COURSE_ID","STUDENT_ID") VALUES (73,'2015384178');
INSERT INTO "COURSE_REGISTRATION"("COURSE_ID","STUDENT_ID") VALUES (65,'2018400622');
INSERT INTO "COURSE_REGISTRATION"("COURSE_ID","STUDENT_ID") VALUES (37,'2017580180');
INSERT INTO "COURSE_REGISTRATION"("COURSE_ID","STUDENT_ID") VALUES (44,'2017412721');
INSERT INTO "COURSE_REGISTRATION"("COURSE_ID","STUDENT_ID") VALUES (22,'2018853865');
INSERT INTO "COURSE_REGISTRATION"("COURSE_ID","STUDENT_ID") VALUES (29,'2015384178');
INSERT INTO "COURSE_REGISTRATION"("COURSE_ID","STUDENT_ID") VALUES (57,'2015985825');
INSERT INTO "COURSE_REGISTRATION"("COURSE_ID","STUDENT_ID") VALUES (4,'2015312913');
INSERT INTO "COURSE_REGISTRATION"("COURSE_ID","STUDENT_ID") VALUES (32,'2017597496');
INSERT INTO "COURSE_REGISTRATION"("COURSE_ID","STUDENT_ID") VALUES (38,'2019076372');
INSERT INTO "COURSE_REGISTRATION"("COURSE_ID","STUDENT_ID") VALUES (60,'2015161973');
INSERT INTO "COURSE_REGISTRATION"("COURSE_ID","STUDENT_ID") VALUES (17,'2019814089');
INSERT INTO "COURSE_REGISTRATION"("COURSE_ID","STUDENT_ID") VALUES (9,'2017359985');
INSERT INTO "COURSE_REGISTRATION"("COURSE_ID","STUDENT_ID") VALUES (72,'2019234555');
INSERT INTO "COURSE_REGISTRATION"("COURSE_ID","STUDENT_ID") VALUES (10,'2015384178');
INSERT INTO "COURSE_REGISTRATION"("COURSE_ID","STUDENT_ID") VALUES (1,'2019628534');
INSERT INTO "COURSE_REGISTRATION"("COURSE_ID","STUDENT_ID") VALUES (49,'2019038282');
INSERT INTO "COURSE_REGISTRATION"("COURSE_ID","STUDENT_ID") VALUES (26,'2018400622');
INSERT INTO "COURSE_REGISTRATION"("COURSE_ID","STUDENT_ID") VALUES (43,'2019270655');
INSERT INTO "COURSE_REGISTRATION"("COURSE_ID","STUDENT_ID") VALUES (11,'2015527683');
INSERT INTO "COURSE_REGISTRATION"("COURSE_ID","STUDENT_ID") VALUES (23,'2018853865');
INSERT INTO "COURSE_REGISTRATION"("COURSE_ID","STUDENT_ID") VALUES (73,'2015161973');
INSERT INTO "COURSE_REGISTRATION"("COURSE_ID","STUDENT_ID") VALUES (0,'2019270655');
INSERT INTO "COURSE_REGISTRATION"("COURSE_ID","STUDENT_ID") VALUES (62,'2017294854');
INSERT INTO "COURSE_REGISTRATION"("COURSE_ID","STUDENT_ID") VALUES (66,'2018853865');
INSERT INTO "COURSE_REGISTRATION"("COURSE_ID","STUDENT_ID") VALUES (41,'2019628534');
INSERT INTO "COURSE_REGISTRATION"("COURSE_ID","STUDENT_ID") VALUES (69,'2015312913');
INSERT INTO "COURSE_REGISTRATION"("COURSE_ID","STUDENT_ID") VALUES (41,'2017121281');
INSERT INTO "COURSE_REGISTRATION"("COURSE_ID","STUDENT_ID") VALUES (55,'2019270655');
INSERT INTO "COURSE_REGISTRATION"("COURSE_ID","STUDENT_ID") VALUES (9,'2017790956');
INSERT INTO "COURSE_REGISTRATION"("COURSE_ID","STUDENT_ID") VALUES (8,'2015527683');
INSERT INTO "COURSE_REGISTRATION"("COURSE_ID","STUDENT_ID") VALUES (3,'2019038282');
INSERT INTO "COURSE_REGISTRATION"("COURSE_ID","STUDENT_ID") VALUES (40,'2019234555');
INSERT INTO "COURSE_REGISTRATION"("COURSE_ID","STUDENT_ID") VALUES (55,'2018164815');
INSERT INTO "COURSE_REGISTRATION"("COURSE_ID","STUDENT_ID") VALUES (21,'2017790956');
INSERT INTO "COURSE_REGISTRATION"("COURSE_ID","STUDENT_ID") VALUES (59,'2019076372');
INSERT INTO "COURSE_REGISTRATION"("COURSE_ID","STUDENT_ID") VALUES (2,'2018853865');
INSERT INTO "COURSE_REGISTRATION"("COURSE_ID","STUDENT_ID") VALUES (66,'2015826516');
INSERT INTO "COURSE_REGISTRATION"("COURSE_ID","STUDENT_ID") VALUES (21,'2018164815');
INSERT INTO "COURSE_REGISTRATION"("COURSE_ID","STUDENT_ID") VALUES (16,'2018400622');
INSERT INTO "COURSE_REGISTRATION"("COURSE_ID","STUDENT_ID") VALUES (11,'2018164815');
INSERT INTO "COURSE_REGISTRATION"("COURSE_ID","STUDENT_ID") VALUES (26,'2019628534');
INSERT INTO "COURSE_REGISTRATION"("COURSE_ID","STUDENT_ID") VALUES (51,'2018400622');
INSERT INTO "COURSE_REGISTRATION"("COURSE_ID","STUDENT_ID") VALUES (27,'2017790956');
INSERT INTO "COURSE_REGISTRATION"("COURSE_ID","STUDENT_ID") VALUES (61,'2019628534');
INSERT INTO "COURSE_REGISTRATION"("COURSE_ID","STUDENT_ID") VALUES (30,'2018853865');
INSERT INTO "COURSE_REGISTRATION"("COURSE_ID","STUDENT_ID") VALUES (54,'2016900865');
INSERT INTO "COURSE_REGISTRATION"("COURSE_ID","STUDENT_ID") VALUES (6,'2015985825');
INSERT INTO "COURSE_REGISTRATION"("COURSE_ID","STUDENT_ID") VALUES (36,'2018164815');
INSERT INTO "COURSE_REGISTRATION"("COURSE_ID","STUDENT_ID") VALUES (39,'2017359985');
INSERT INTO "COURSE_REGISTRATION"("COURSE_ID","STUDENT_ID") VALUES (31,'2018400622');
INSERT INTO "COURSE_REGISTRATION"("COURSE_ID","STUDENT_ID") VALUES (30,'2016635486');
INSERT INTO "COURSE_REGISTRATION"("COURSE_ID","STUDENT_ID") VALUES (57,'2018400622');
INSERT INTO "COURSE_REGISTRATION"("COURSE_ID","STUDENT_ID") VALUES (3,'2018400622');
INSERT INTO "COURSE_REGISTRATION"("COURSE_ID","STUDENT_ID") VALUES (42,'2019076372');
INSERT INTO "COURSE_REGISTRATION"("COURSE_ID","STUDENT_ID") VALUES (34,'2016572581');
INSERT INTO "COURSE_REGISTRATION"("COURSE_ID","STUDENT_ID") VALUES (28,'2017359985');
INSERT INTO "COURSE_REGISTRATION"("COURSE_ID","STUDENT_ID") VALUES (15,'2018761812');
INSERT INTO "COURSE_REGISTRATION"("COURSE_ID","STUDENT_ID") VALUES (12,'2016596487');
INSERT INTO "COURSE_REGISTRATION"("COURSE_ID","STUDENT_ID") VALUES (16,'2015384178');
INSERT INTO "COURSE_REGISTRATION"("COURSE_ID","STUDENT_ID") VALUES (16,'2015985825');
INSERT INTO "COURSE_REGISTRATION"("COURSE_ID","STUDENT_ID") VALUES (35,'2017294854');
INSERT INTO "COURSE_REGISTRATION"("COURSE_ID","STUDENT_ID") VALUES (62,'2019628534');
INSERT INTO "COURSE_REGISTRATION"("COURSE_ID","STUDENT_ID") VALUES (61,'2017580180');
INSERT INTO "COURSE_REGISTRATION"("COURSE_ID","STUDENT_ID") VALUES (1,'2016635486');
INSERT INTO "COURSE_REGISTRATION"("COURSE_ID","STUDENT_ID") VALUES (59,'2017294854');
INSERT INTO "COURSE_REGISTRATION"("COURSE_ID","STUDENT_ID") VALUES (42,'2017588712');
INSERT INTO "COURSE_REGISTRATION"("COURSE_ID","STUDENT_ID") VALUES (34,'2015161973');
INSERT INTO "COURSE_REGISTRATION"("COURSE_ID","STUDENT_ID") VALUES (46,'2016900865');
INSERT INTO "COURSE_REGISTRATION"("COURSE_ID","STUDENT_ID") VALUES (39,'2019814089');
INSERT INTO "COURSE_REGISTRATION"("COURSE_ID","STUDENT_ID") VALUES (37,'2015312913');
INSERT INTO "COURSE_REGISTRATION"("COURSE_ID","STUDENT_ID") VALUES (19,'2017597496');
INSERT INTO "COURSE_REGISTRATION"("COURSE_ID","STUDENT_ID") VALUES (44,'2015985825');
INSERT INTO "COURSE_REGISTRATION"("COURSE_ID","STUDENT_ID") VALUES (73,'2018761812');
INSERT INTO "COURSE_REGISTRATION"("COURSE_ID","STUDENT_ID") VALUES (15,'2018164815');
INSERT INTO "COURSE_REGISTRATION"("COURSE_ID","STUDENT_ID") VALUES (50,'2017588712');
INSERT INTO "COURSE_REGISTRATION"("COURSE_ID","STUDENT_ID") VALUES (35,'2017580180');
INSERT INTO "COURSE_REGISTRATION"("COURSE_ID","STUDENT_ID") VALUES (59,'2016572581');
INSERT INTO "COURSE_REGISTRATION"("COURSE_ID","STUDENT_ID") VALUES (71,'2017412721');
INSERT INTO "COURSE_REGISTRATION"("COURSE_ID","STUDENT_ID") VALUES (47,'2016635486');
INSERT INTO "COURSE_REGISTRATION"("COURSE_ID","STUDENT_ID") VALUES (2,'2018671463');
INSERT INTO "COURSE_REGISTRATION"("COURSE_ID","STUDENT_ID") VALUES (68,'2019234555');
INSERT INTO "COURSE_REGISTRATION"("COURSE_ID","STUDENT_ID") VALUES (61,'2016635486');
INSERT INTO "COURSE_REGISTRATION"("COURSE_ID","STUDENT_ID") VALUES (55,'2019038282');
INSERT INTO "COURSE_REGISTRATION"("COURSE_ID","STUDENT_ID") VALUES (11,'2016572581');
INSERT INTO "COURSE_REGISTRATION"("COURSE_ID","STUDENT_ID") VALUES (63,'2018671463');
INSERT INTO "COURSE_REGISTRATION"("COURSE_ID","STUDENT_ID") VALUES (14,'2016596487');
INSERT INTO "COURSE_REGISTRATION"("COURSE_ID","STUDENT_ID") VALUES (42,'2018853865');
INSERT INTO "COURSE_REGISTRATION"("COURSE_ID","STUDENT_ID") VALUES (61,'2018671463');
INSERT INTO "COURSE_REGISTRATION"("COURSE_ID","STUDENT_ID") VALUES (24,'2017790956');
INSERT INTO "COURSE_REGISTRATION"("COURSE_ID","STUDENT_ID") VALUES (27,'2017121281');
INSERT INTO "COURSE_REGISTRATION"("COURSE_ID","STUDENT_ID") VALUES (66,'2016900865');
INSERT INTO "COURSE_REGISTRATION"("COURSE_ID","STUDENT_ID") VALUES (57,'2018761812');
INSERT INTO "COURSE_REGISTRATION"("COURSE_ID","STUDENT_ID") VALUES (63,'2018761812');
INSERT INTO "COURSE_REGISTRATION"("COURSE_ID","STUDENT_ID") VALUES (13,'2017580180');
INSERT INTO "COURSE_REGISTRATION"("COURSE_ID","STUDENT_ID") VALUES (67,'2019814089');
INSERT INTO "COURSE_REGISTRATION"("COURSE_ID","STUDENT_ID") VALUES (41,'2019525328');
INSERT INTO "COURSE_REGISTRATION"("COURSE_ID","STUDENT_ID") VALUES (72,'2017294854');
INSERT INTO "COURSE_REGISTRATION"("COURSE_ID","STUDENT_ID") VALUES (16,'2019814089');
INSERT INTO "COURSE_REGISTRATION"("COURSE_ID","STUDENT_ID") VALUES (64,'2019270655');
INSERT INTO "COURSE_REGISTRATION"("COURSE_ID","STUDENT_ID") VALUES (55,'2016635486');
INSERT INTO "COURSE_REGISTRATION"("COURSE_ID","STUDENT_ID") VALUES (54,'2015985825');
INSERT INTO "COURSE_REGISTRATION"("COURSE_ID","STUDENT_ID") VALUES (8,'2018761812');
INSERT INTO "COURSE_REGISTRATION"("COURSE_ID","STUDENT_ID") VALUES (4,'2016635486');
INSERT INTO "COURSE_REGISTRATION"("COURSE_ID","STUDENT_ID") VALUES (38,'2016900865');
INSERT INTO "COURSE_REGISTRATION"("COURSE_ID","STUDENT_ID") VALUES (31,'2015826516');
INSERT INTO "COURSE_REGISTRATION"("COURSE_ID","STUDENT_ID") VALUES (33,'2018164815');
INSERT INTO "COURSE_REGISTRATION"("COURSE_ID","STUDENT_ID") VALUES (65,'2017412721');
INSERT INTO "COURSE_REGISTRATION"("COURSE_ID","STUDENT_ID") VALUES (22,'2017790956');
INSERT INTO "COURSE_REGISTRATION"("COURSE_ID","STUDENT_ID") VALUES (37,'2019038282');
INSERT INTO "COURSE_REGISTRATION"("COURSE_ID","STUDENT_ID") VALUES (44,'2019628534');
INSERT INTO "COURSE_REGISTRATION"("COURSE_ID","STUDENT_ID") VALUES (17,'2016635486');
INSERT INTO "COURSE_REGISTRATION"("COURSE_ID","STUDENT_ID") VALUES (67,'2015985825');
INSERT INTO "COURSE_REGISTRATION"("COURSE_ID","STUDENT_ID") VALUES (29,'2016596487');
INSERT INTO "COURSE_REGISTRATION"("COURSE_ID","STUDENT_ID") VALUES (61,'2016596487');
INSERT INTO "COURSE_REGISTRATION"("COURSE_ID","STUDENT_ID") VALUES (10,'2018671463');
INSERT INTO "COURSE_REGISTRATION"("COURSE_ID","STUDENT_ID") VALUES (57,'2015384178');
INSERT INTO "COURSE_REGISTRATION"("COURSE_ID","STUDENT_ID") VALUES (29,'2017294854');
INSERT INTO "COURSE_REGISTRATION"("COURSE_ID","STUDENT_ID") VALUES (24,'2018853865');
INSERT INTO "COURSE_REGISTRATION"("COURSE_ID","STUDENT_ID") VALUES (72,'2019076372');
INSERT INTO "COURSE_REGISTRATION"("COURSE_ID","STUDENT_ID") VALUES (53,'2015312913');
INSERT INTO "COURSE_REGISTRATION"("COURSE_ID","STUDENT_ID") VALUES (66,'2017597496');
INSERT INTO "COURSE_REGISTRATION"("COURSE_ID","STUDENT_ID") VALUES (11,'2017121281');
INSERT INTO "COURSE_REGISTRATION"("COURSE_ID","STUDENT_ID") VALUES (40,'2015312913');
INSERT INTO "COURSE_REGISTRATION"("COURSE_ID","STUDENT_ID") VALUES (46,'2015384178');
INSERT INTO "COURSE_REGISTRATION"("COURSE_ID","STUDENT_ID") VALUES (52,'2019628534');
INSERT INTO "COURSE_REGISTRATION"("COURSE_ID","STUDENT_ID") VALUES (73,'2015312913');
INSERT INTO "COURSE_REGISTRATION"("COURSE_ID","STUDENT_ID") VALUES (21,'2016596487');
INSERT INTO "COURSE_REGISTRATION"("COURSE_ID","STUDENT_ID") VALUES (21,'2018853865');
INSERT INTO "COURSE_REGISTRATION"("COURSE_ID","STUDENT_ID") VALUES (56,'2016900865');
INSERT INTO "COURSE_REGISTRATION"("COURSE_ID","STUDENT_ID") VALUES (19,'2018671463');
INSERT INTO "COURSE_REGISTRATION"("COURSE_ID","STUDENT_ID") VALUES (57,'2017121281');
INSERT INTO "COURSE_REGISTRATION"("COURSE_ID","STUDENT_ID") VALUES (51,'2017580180');
INSERT INTO "COURSE_REGISTRATION"("COURSE_ID","STUDENT_ID") VALUES (24,'2019234555');
INSERT INTO "COURSE_REGISTRATION"("COURSE_ID","STUDENT_ID") VALUES (50,'2016596487');
INSERT INTO "COURSE_REGISTRATION"("COURSE_ID","STUDENT_ID") VALUES (71,'2016572581');
INSERT INTO "COURSE_REGISTRATION"("COURSE_ID","STUDENT_ID") VALUES (69,'2017790956');
INSERT INTO "COURSE_REGISTRATION"("COURSE_ID","STUDENT_ID") VALUES (39,'2015826516');
INSERT INTO "COURSE_REGISTRATION"("COURSE_ID","STUDENT_ID") VALUES (70,'2018671463');
INSERT INTO "COURSE_REGISTRATION"("COURSE_ID","STUDENT_ID") VALUES (2,'2015161973');
INSERT INTO "COURSE_REGISTRATION"("COURSE_ID","STUDENT_ID") VALUES (45,'2018164815');
INSERT INTO "COURSE_REGISTRATION"("COURSE_ID","STUDENT_ID") VALUES (48,'2019234555');
INSERT INTO "COURSE_REGISTRATION"("COURSE_ID","STUDENT_ID") VALUES (58,'2019628534');
INSERT INTO "COURSE_REGISTRATION"("COURSE_ID","STUDENT_ID") VALUES (34,'2017121281');
INSERT INTO "COURSE_REGISTRATION"("COURSE_ID","STUDENT_ID") VALUES (18,'2018761812');
INSERT INTO "COURSE_REGISTRATION"("COURSE_ID","STUDENT_ID") VALUES (10,'2016572581');
INSERT INTO "COURSE_REGISTRATION"("COURSE_ID","STUDENT_ID") VALUES (64,'2019525328');
INSERT INTO "COURSE_REGISTRATION"("COURSE_ID","STUDENT_ID") VALUES (34,'2017580180');
INSERT INTO "COURSE_REGISTRATION"("COURSE_ID","STUDENT_ID") VALUES (71,'2017359985');
INSERT INTO "COURSE_REGISTRATION"("COURSE_ID","STUDENT_ID") VALUES (60,'2018853865');
INSERT INTO "COURSE_REGISTRATION"("COURSE_ID","STUDENT_ID") VALUES (26,'2015527683');
INSERT INTO "COURSE_REGISTRATION"("COURSE_ID","STUDENT_ID") VALUES (58,'2017588712');
INSERT INTO "COURSE_REGISTRATION"("COURSE_ID","STUDENT_ID") VALUES (8,'2017121281');
INSERT INTO "COURSE_REGISTRATION"("COURSE_ID","STUDENT_ID") VALUES (8,'2019270655');
INSERT INTO "COURSE_REGISTRATION"("COURSE_ID","STUDENT_ID") VALUES (6,'2018853865');
INSERT INTO "COURSE_REGISTRATION"("COURSE_ID","STUDENT_ID") VALUES (58,'2017412721');
INSERT INTO "COURSE_REGISTRATION"("COURSE_ID","STUDENT_ID") VALUES (32,'2019076372');
INSERT INTO "COURSE_REGISTRATION"("COURSE_ID","STUDENT_ID") VALUES (70,'2017790956');
INSERT INTO "COURSE_REGISTRATION"("COURSE_ID","STUDENT_ID") VALUES (37,'2018400622');
INSERT INTO "COURSE_REGISTRATION"("COURSE_ID","STUDENT_ID") VALUES (36,'2019525328');
INSERT INTO "COURSE_REGISTRATION"("COURSE_ID","STUDENT_ID") VALUES (37,'2016900865');
INSERT INTO "COURSE_REGISTRATION"("COURSE_ID","STUDENT_ID") VALUES (18,'2019814089');
INSERT INTO "COURSE_REGISTRATION"("COURSE_ID","STUDENT_ID") VALUES (70,'2015312913');
INSERT INTO "COURSE_REGISTRATION"("COURSE_ID","STUDENT_ID") VALUES (40,'2017588712');
INSERT INTO "COURSE_REGISTRATION"("COURSE_ID","STUDENT_ID") VALUES (48,'2018400622');
INSERT INTO "COURSE_REGISTRATION"("COURSE_ID","STUDENT_ID") VALUES (35,'2017597496');
INSERT INTO "COURSE_REGISTRATION"("COURSE_ID","STUDENT_ID") VALUES (61,'2019270655');
INSERT INTO "COURSE_REGISTRATION"("COURSE_ID","STUDENT_ID") VALUES (5,'2017412721');
INSERT INTO "COURSE_REGISTRATION"("COURSE_ID","STUDENT_ID") VALUES (7,'2019038282');
INSERT INTO "COURSE_REGISTRATION"("COURSE_ID","STUDENT_ID") VALUES (64,'2017597496');
INSERT INTO "COURSE_REGISTRATION"("COURSE_ID","STUDENT_ID") VALUES (52,'2017790956');
INSERT INTO "COURSE_REGISTRATION"("COURSE_ID","STUDENT_ID") VALUES (74,'2015312913');
INSERT INTO "COURSE_REGISTRATION"("COURSE_ID","STUDENT_ID") VALUES (62,'2016596487');
INSERT INTO "COURSE_REGISTRATION"("COURSE_ID","STUDENT_ID") VALUES (0,'2018761812');
INSERT INTO "COURSE_REGISTRATION"("COURSE_ID","STUDENT_ID") VALUES (15,'2016596487');
INSERT INTO "COURSE_REGISTRATION"("COURSE_ID","STUDENT_ID") VALUES (14,'2017597496');
INSERT INTO "COURSE_REGISTRATION"("COURSE_ID","STUDENT_ID") VALUES (73,'2019038282');
INSERT INTO "COURSE_REGISTRATION"("COURSE_ID","STUDENT_ID") VALUES (21,'2017359985');
INSERT INTO "COURSE_REGISTRATION"("COURSE_ID","STUDENT_ID") VALUES (59,'2019270655');
INSERT INTO "COURSE_REGISTRATION"("COURSE_ID","STUDENT_ID") VALUES (23,'2016900865');
INSERT INTO "COURSE_REGISTRATION"("COURSE_ID","STUDENT_ID") VALUES (28,'2018400622');
INSERT INTO "COURSE_REGISTRATION"("COURSE_ID","STUDENT_ID") VALUES (53,'2017597496');
INSERT INTO "COURSE_REGISTRATION"("COURSE_ID","STUDENT_ID") VALUES (13,'2018164815');
INSERT INTO "COURSE_REGISTRATION"("COURSE_ID","STUDENT_ID") VALUES (32,'2017580180');
INSERT INTO "COURSE_REGISTRATION"("COURSE_ID","STUDENT_ID") VALUES (41,'2015384178');
INSERT INTO "COURSE_REGISTRATION"("COURSE_ID","STUDENT_ID") VALUES (59,'2015527683');
INSERT INTO "COURSE_REGISTRATION"("COURSE_ID","STUDENT_ID") VALUES (43,'2016900865');
INSERT INTO "COURSE_REGISTRATION"("COURSE_ID","STUDENT_ID") VALUES (40,'2019814089');
INSERT INTO "COURSE_REGISTRATION"("COURSE_ID","STUDENT_ID") VALUES (68,'2018853865');
INSERT INTO "COURSE_REGISTRATION"("COURSE_ID","STUDENT_ID") VALUES (47,'2019234555');
INSERT INTO "COURSE_REGISTRATION"("COURSE_ID","STUDENT_ID") VALUES (49,'2019628534');
INSERT INTO "COURSE_REGISTRATION"("COURSE_ID","STUDENT_ID") VALUES (15,'2016635486');
INSERT INTO "COURSE_REGISTRATION"("COURSE_ID","STUDENT_ID") VALUES (37,'2017597496');
INSERT INTO "COURSE_REGISTRATION"("COURSE_ID","STUDENT_ID") VALUES (2,'2016596487');
INSERT INTO "COURSE_REGISTRATION"("COURSE_ID","STUDENT_ID") VALUES (8,'2015384178');
INSERT INTO "COURSE_REGISTRATION"("COURSE_ID","STUDENT_ID") VALUES (69,'2015527683');
INSERT INTO "COURSE_REGISTRATION"("COURSE_ID","STUDENT_ID") VALUES (37,'2017294854');
INSERT INTO "COURSE_REGISTRATION"("COURSE_ID","STUDENT_ID") VALUES (26,'2016572581');
INSERT INTO "COURSE_REGISTRATION"("COURSE_ID","STUDENT_ID") VALUES (21,'2015384178');
INSERT INTO "COURSE_REGISTRATION"("COURSE_ID","STUDENT_ID") VALUES (71,'2016635486');
INSERT INTO "COURSE_REGISTRATION"("COURSE_ID","STUDENT_ID") VALUES (51,'2019270655');
INSERT INTO "COURSE_REGISTRATION"("COURSE_ID","STUDENT_ID") VALUES (28,'2017121281');
INSERT INTO "COURSE_REGISTRATION"("COURSE_ID","STUDENT_ID") VALUES (55,'2019814089');
INSERT INTO "COURSE_REGISTRATION"("COURSE_ID","STUDENT_ID") VALUES (62,'2019038282');
INSERT INTO "COURSE_REGISTRATION"("COURSE_ID","STUDENT_ID") VALUES (31,'2018853865');
INSERT INTO "COURSE_REGISTRATION"("COURSE_ID","STUDENT_ID") VALUES (64,'2017359985');
INSERT INTO "COURSE_REGISTRATION"("COURSE_ID","STUDENT_ID") VALUES (3,'2017412721');
INSERT INTO "COURSE_REGISTRATION"("COURSE_ID","STUDENT_ID") VALUES (3,'2016635486');
INSERT INTO "COURSE_REGISTRATION"("COURSE_ID","STUDENT_ID") VALUES (44,'2016900865');
INSERT INTO "COURSE_REGISTRATION"("COURSE_ID","STUDENT_ID") VALUES (14,'2015384178');
INSERT INTO "COURSE_REGISTRATION"("COURSE_ID","STUDENT_ID") VALUES (46,'2017588712');
INSERT INTO "COURSE_REGISTRATION"("COURSE_ID","STUDENT_ID") VALUES (63,'2018853865');
INSERT INTO "COURSE_REGISTRATION"("COURSE_ID","STUDENT_ID") VALUES (0,'2015826516');
INSERT INTO "COURSE_REGISTRATION"("COURSE_ID","STUDENT_ID") VALUES (60,'2019814089');
INSERT INTO "COURSE_REGISTRATION"("COURSE_ID","STUDENT_ID") VALUES (43,'2018164815');
INSERT INTO "COURSE_REGISTRATION"("COURSE_ID","STUDENT_ID") VALUES (56,'2016572581');
INSERT INTO "COURSE_REGISTRATION"("COURSE_ID","STUDENT_ID") VALUES (30,'2017580180');
INSERT INTO "COURSE_REGISTRATION"("COURSE_ID","STUDENT_ID") VALUES (56,'2015985825');
INSERT INTO "COURSE_REGISTRATION"("COURSE_ID","STUDENT_ID") VALUES (8,'2017588712');
INSERT INTO "COURSE_REGISTRATION"("COURSE_ID","STUDENT_ID") VALUES (38,'2015826516');
INSERT INTO "COURSE_REGISTRATION"("COURSE_ID","STUDENT_ID") VALUES (2,'2019628534');
INSERT INTO "COURSE_REGISTRATION"("COURSE_ID","STUDENT_ID") VALUES (52,'2018400622');
INSERT INTO "COURSE_REGISTRATION"("COURSE_ID","STUDENT_ID") VALUES (42,'2018671463');
INSERT INTO "COURSE_REGISTRATION"("COURSE_ID","STUDENT_ID") VALUES (57,'2018671463');
INSERT INTO "COURSE_REGISTRATION"("COURSE_ID","STUDENT_ID") VALUES (2,'2017580180');
INSERT INTO "COURSE_REGISTRATION"("COURSE_ID","STUDENT_ID") VALUES (46,'2017412721');
INSERT INTO "COURSE_REGISTRATION"("COURSE_ID","STUDENT_ID") VALUES (24,'2015826516');
INSERT INTO "COURSE_REGISTRATION"("COURSE_ID","STUDENT_ID") VALUES (57,'2019076372');
INSERT INTO "COURSE_REGISTRATION"("COURSE_ID","STUDENT_ID") VALUES (63,'2015826516');
INSERT INTO "COURSE_REGISTRATION"("COURSE_ID","STUDENT_ID") VALUES (16,'2017294854');
INSERT INTO "COURSE_REGISTRATION"("COURSE_ID","STUDENT_ID") VALUES (74,'2019628534');
INSERT INTO "COURSE_REGISTRATION"("COURSE_ID","STUDENT_ID") VALUES (27,'2016596487');
INSERT INTO "COURSE_REGISTRATION"("COURSE_ID","STUDENT_ID") VALUES (51,'2015312913');
INSERT INTO "COURSE_REGISTRATION"("COURSE_ID","STUDENT_ID") VALUES (56,'2017588712');
INSERT INTO "COURSE_REGISTRATION"("COURSE_ID","STUDENT_ID") VALUES (45,'2017412721');
INSERT INTO "COURSE_REGISTRATION"("COURSE_ID","STUDENT_ID") VALUES (27,'2019076372');
INSERT INTO "COURSE_REGISTRATION"("COURSE_ID","STUDENT_ID") VALUES (40,'2018853865');
INSERT INTO "COURSE_REGISTRATION"("COURSE_ID","STUDENT_ID") VALUES (21,'2019814089');
INSERT INTO "COURSE_REGISTRATION"("COURSE_ID","STUDENT_ID") VALUES (46,'2017294854');
INSERT INTO "COURSE_REGISTRATION"("COURSE_ID","STUDENT_ID") VALUES (58,'2016572581');
INSERT INTO "COURSE_REGISTRATION"("COURSE_ID","STUDENT_ID") VALUES (64,'2017121281');
INSERT INTO "COURSE_REGISTRATION"("COURSE_ID","STUDENT_ID") VALUES (30,'2019814089');
INSERT INTO "COURSE_REGISTRATION"("COURSE_ID","STUDENT_ID") VALUES (64,'2016635486');
INSERT INTO "COURSE_REGISTRATION"("COURSE_ID","STUDENT_ID") VALUES (13,'2016635486');
INSERT INTO "COURSE_REGISTRATION"("COURSE_ID","STUDENT_ID") VALUES (4,'2015527683');
INSERT INTO "COURSE_REGISTRATION"("COURSE_ID","STUDENT_ID") VALUES (35,'2019234555');
INSERT INTO "COURSE_REGISTRATION"("COURSE_ID","STUDENT_ID") VALUES (6,'2017597496');
INSERT INTO "COURSE_REGISTRATION"("COURSE_ID","STUDENT_ID") VALUES (33,'2017294854');
INSERT INTO "COURSE_REGISTRATION"("COURSE_ID","STUDENT_ID") VALUES (29,'2016900865');
INSERT INTO "COURSE_REGISTRATION"("COURSE_ID","STUDENT_ID") VALUES (55,'2018853865');
INSERT INTO "COURSE_REGISTRATION"("COURSE_ID","STUDENT_ID") VALUES (47,'2019525328');
INSERT INTO "COURSE_REGISTRATION"("COURSE_ID","STUDENT_ID") VALUES (30,'2019628534');
INSERT INTO "COURSE_REGISTRATION"("COURSE_ID","STUDENT_ID") VALUES (36,'2015384178');
INSERT INTO "COURSE_REGISTRATION"("COURSE_ID","STUDENT_ID") VALUES (71,'2016900865');
INSERT INTO "COURSE_REGISTRATION"("COURSE_ID","STUDENT_ID") VALUES (40,'2016900865');
INSERT INTO "COURSE_REGISTRATION"("COURSE_ID","STUDENT_ID") VALUES (37,'2017412721');
INSERT INTO "COURSE_REGISTRATION"("COURSE_ID","STUDENT_ID") VALUES (37,'2016596487');
INSERT INTO "COURSE_REGISTRATION"("COURSE_ID","STUDENT_ID") VALUES (62,'2017121281');
INSERT INTO "COURSE_REGISTRATION"("COURSE_ID","STUDENT_ID") VALUES (26,'2019814089');
INSERT INTO "COURSE_REGISTRATION"("COURSE_ID","STUDENT_ID") VALUES (3,'2017790956');
INSERT INTO "COURSE_REGISTRATION"("COURSE_ID","STUDENT_ID") VALUES (26,'2018853865');
INSERT INTO "COURSE_REGISTRATION"("COURSE_ID","STUDENT_ID") VALUES (74,'2015527683');
INSERT INTO "COURSE_REGISTRATION"("COURSE_ID","STUDENT_ID") VALUES (11,'2019076372');
INSERT INTO "COURSE_REGISTRATION"("COURSE_ID","STUDENT_ID") VALUES (9,'2015312913');
INSERT INTO "COURSE_REGISTRATION"("COURSE_ID","STUDENT_ID") VALUES (36,'2017412721');
INSERT INTO "COURSE_REGISTRATION"("COURSE_ID","STUDENT_ID") VALUES (21,'2017580180');
INSERT INTO "COURSE_REGISTRATION"("COURSE_ID","STUDENT_ID") VALUES (22,'2017294854');
INSERT INTO "COURSE_REGISTRATION"("COURSE_ID","STUDENT_ID") VALUES (9,'2015826516');
INSERT INTO "COURSE_REGISTRATION"("COURSE_ID","STUDENT_ID") VALUES (69,'2019628534');
INSERT INTO "COURSE_REGISTRATION"("COURSE_ID","STUDENT_ID") VALUES (6,'2019234555');
INSERT INTO "COURSE_REGISTRATION"("COURSE_ID","STUDENT_ID") VALUES (26,'2017359985');
INSERT INTO "COURSE_REGISTRATION"("COURSE_ID","STUDENT_ID") VALUES (41,'2019038282');
INSERT INTO "COURSE_REGISTRATION"("COURSE_ID","STUDENT_ID") VALUES (72,'2016596487');
INSERT INTO "COURSE_REGISTRATION"("COURSE_ID","STUDENT_ID") VALUES (2,'2019076372');
INSERT INTO "COURSE_REGISTRATION"("COURSE_ID","STUDENT_ID") VALUES (25,'2018671463');
INSERT INTO "COURSE_REGISTRATION"("COURSE_ID","STUDENT_ID") VALUES (38,'2017359985');
INSERT INTO "COURSE_REGISTRATION"("COURSE_ID","STUDENT_ID") VALUES (12,'2015826516');
INSERT INTO "COURSE_REGISTRATION"("COURSE_ID","STUDENT_ID") VALUES (12,'2017790956');
INSERT INTO "COURSE_REGISTRATION"("COURSE_ID","STUDENT_ID") VALUES (24,'2018671463');
INSERT INTO "COURSE_REGISTRATION"("COURSE_ID","STUDENT_ID") VALUES (5,'2018671463');
INSERT INTO "COURSE_REGISTRATION"("COURSE_ID","STUDENT_ID") VALUES (54,'2018853865');
INSERT INTO "COURSE_REGISTRATION"("COURSE_ID","STUDENT_ID") VALUES (70,'2016596487');
INSERT INTO "COURSE_REGISTRATION"("COURSE_ID","STUDENT_ID") VALUES (66,'2019234555');
INSERT INTO "COURSE_REGISTRATION"("COURSE_ID","STUDENT_ID") VALUES (53,'2019234555');
INSERT INTO "COURSE_REGISTRATION"("COURSE_ID","STUDENT_ID") VALUES (14,'2019525328');
INSERT INTO "COURSE_REGISTRATION"("COURSE_ID","STUDENT_ID") VALUES (13,'2017294854');
INSERT INTO "COURSE_REGISTRATION"("COURSE_ID","STUDENT_ID") VALUES (43,'2016596487');
INSERT INTO "COURSE_REGISTRATION"("COURSE_ID","STUDENT_ID") VALUES (49,'2018400622');
INSERT INTO "COURSE_REGISTRATION"("COURSE_ID","STUDENT_ID") VALUES (25,'2017359985');
INSERT INTO "COURSE_REGISTRATION"("COURSE_ID","STUDENT_ID") VALUES (67,'2016596487');
INSERT INTO "COURSE_REGISTRATION"("COURSE_ID","STUDENT_ID") VALUES (68,'2018671463');
INSERT INTO "COURSE_REGISTRATION"("COURSE_ID","STUDENT_ID") VALUES (42,'2017121281');
INSERT INTO "COURSE_REGISTRATION"("COURSE_ID","STUDENT_ID") VALUES (3,'2017359985');
INSERT INTO "COURSE_REGISTRATION"("COURSE_ID","STUDENT_ID") VALUES (38,'2017121281');
INSERT INTO "COURSE_REGISTRATION"("COURSE_ID","STUDENT_ID") VALUES (32,'2015161973');
INSERT INTO "COURSE_REGISTRATION"("COURSE_ID","STUDENT_ID") VALUES (62,'2019234555');
INSERT INTO "COURSE_REGISTRATION"("COURSE_ID","STUDENT_ID") VALUES (41,'2017294854');
INSERT INTO "COURSE_REGISTRATION"("COURSE_ID","STUDENT_ID") VALUES (21,'2015527683');
INSERT INTO "COURSE_REGISTRATION"("COURSE_ID","STUDENT_ID") VALUES (43,'2019234555');
INSERT INTO "COURSE_REGISTRATION"("COURSE_ID","STUDENT_ID") VALUES (5,'2016900865');
INSERT INTO "COURSE_REGISTRATION"("COURSE_ID","STUDENT_ID") VALUES (64,'2019814089');
INSERT INTO "COURSE_REGISTRATION"("COURSE_ID","STUDENT_ID") VALUES (56,'2015161973');
INSERT INTO "COURSE_REGISTRATION"("COURSE_ID","STUDENT_ID") VALUES (11,'2015161973');
INSERT INTO "COURSE_REGISTRATION"("COURSE_ID","STUDENT_ID") VALUES (7,'2019628534');
INSERT INTO "COURSE_REGISTRATION"("COURSE_ID","STUDENT_ID") VALUES (10,'2019525328');
INSERT INTO "COURSE_REGISTRATION"("COURSE_ID","STUDENT_ID") VALUES (15,'2019628534');
INSERT INTO "COURSE_REGISTRATION"("COURSE_ID","STUDENT_ID") VALUES (11,'2015312913');
INSERT INTO "COURSE_REGISTRATION"("COURSE_ID","STUDENT_ID") VALUES (54,'2017580180');
INSERT INTO "COURSE_REGISTRATION"("COURSE_ID","STUDENT_ID") VALUES (44,'2017597496');
INSERT INTO "COURSE_REGISTRATION"("COURSE_ID","STUDENT_ID") VALUES (9,'2018671463');
INSERT INTO "COURSE_REGISTRATION"("COURSE_ID","STUDENT_ID") VALUES (6,'2017412721');
INSERT INTO "COURSE_REGISTRATION"("COURSE_ID","STUDENT_ID") VALUES (63,'2017588712');
INSERT INTO "COURSE_REGISTRATION"("COURSE_ID","STUDENT_ID") VALUES (54,'2017294854');
INSERT INTO "COURSE_REGISTRATION"("COURSE_ID","STUDENT_ID") VALUES (33,'2019814089');
INSERT INTO "COURSE_REGISTRATION"("COURSE_ID","STUDENT_ID") VALUES (17,'2019038282');
INSERT INTO "COURSE_REGISTRATION"("COURSE_ID","STUDENT_ID") VALUES (27,'2019038282');
INSERT INTO "COURSE_REGISTRATION"("COURSE_ID","STUDENT_ID") VALUES (14,'2015826516');
INSERT INTO "COURSE_REGISTRATION"("COURSE_ID","STUDENT_ID") VALUES (30,'2015312913');
INSERT INTO "COURSE_REGISTRATION"("COURSE_ID","STUDENT_ID") VALUES (62,'2019076372');
INSERT INTO "COURSE_REGISTRATION"("COURSE_ID","STUDENT_ID") VALUES (29,'2019234555');
INSERT INTO "COURSE_REGISTRATION"("COURSE_ID","STUDENT_ID") VALUES (66,'2019038282');
INSERT INTO "COURSE_REGISTRATION"("COURSE_ID","STUDENT_ID") VALUES (62,'2019270655');
INSERT INTO "COURSE_REGISTRATION"("COURSE_ID","STUDENT_ID") VALUES (5,'2019814089');
INSERT INTO "COURSE_REGISTRATION"("COURSE_ID","STUDENT_ID") VALUES (24,'2018400622');
INSERT INTO "COURSE_REGISTRATION"("COURSE_ID","STUDENT_ID") VALUES (27,'2017412721');
INSERT INTO "COURSE_REGISTRATION"("COURSE_ID","STUDENT_ID") VALUES (14,'2015161973');
INSERT INTO "COURSE_REGISTRATION"("COURSE_ID","STUDENT_ID") VALUES (66,'2015312913');
INSERT INTO "COURSE_REGISTRATION"("COURSE_ID","STUDENT_ID") VALUES (31,'2019525328');
INSERT INTO "COURSE_REGISTRATION"("COURSE_ID","STUDENT_ID") VALUES (22,'2017597496');
INSERT INTO "COURSE_REGISTRATION"("COURSE_ID","STUDENT_ID") VALUES (43,'2017790956');
INSERT INTO "COURSE_REGISTRATION"("COURSE_ID","STUDENT_ID") VALUES (53,'2015826516');
INSERT INTO "COURSE_REGISTRATION"("COURSE_ID","STUDENT_ID") VALUES (54,'2019038282');
INSERT INTO "COURSE_REGISTRATION"("COURSE_ID","STUDENT_ID") VALUES (55,'2018671463');
INSERT INTO "COURSE_REGISTRATION"("COURSE_ID","STUDENT_ID") VALUES (49,'2019525328');
INSERT INTO "COURSE_REGISTRATION"("COURSE_ID","STUDENT_ID") VALUES (35,'2018164815');
INSERT INTO "COURSE_REGISTRATION"("COURSE_ID","STUDENT_ID") VALUES (35,'2015161973');
INSERT INTO "COURSE_REGISTRATION"("COURSE_ID","STUDENT_ID") VALUES (17,'2016900865');
INSERT INTO "COURSE_REGISTRATION"("COURSE_ID","STUDENT_ID") VALUES (40,'2018164815');
INSERT INTO "COURSE_REGISTRATION"("COURSE_ID","STUDENT_ID") VALUES (47,'2015527683');
INSERT INTO "COURSE_REGISTRATION"("COURSE_ID","STUDENT_ID") VALUES (23,'2017580180');
INSERT INTO "COURSE_REGISTRATION"("COURSE_ID","STUDENT_ID") VALUES (30,'2019076372');
INSERT INTO "COURSE_REGISTRATION"("COURSE_ID","STUDENT_ID") VALUES (70,'2018400622');
INSERT INTO "COURSE_REGISTRATION"("COURSE_ID","STUDENT_ID") VALUES (40,'2017121281');
INSERT INTO "COURSE_REGISTRATION"("COURSE_ID","STUDENT_ID") VALUES (54,'2015312913');
INSERT INTO "COURSE_REGISTRATION"("COURSE_ID","STUDENT_ID") VALUES (65,'2016900865');
INSERT INTO "COURSE_REGISTRATION"("COURSE_ID","STUDENT_ID") VALUES (48,'2019525328');
INSERT INTO "COURSE_REGISTRATION"("COURSE_ID","STUDENT_ID") VALUES (51,'2016596487');
INSERT INTO "COURSE_REGISTRATION"("COURSE_ID","STUDENT_ID") VALUES (8,'2019525328');
INSERT INTO "COURSE_REGISTRATION"("COURSE_ID","STUDENT_ID") VALUES (27,'2019270655');
INSERT INTO "COURSE_REGISTRATION"("COURSE_ID","STUDENT_ID") VALUES (15,'2017580180');
INSERT INTO "COURSE_REGISTRATION"("COURSE_ID","STUDENT_ID") VALUES (2,'2017121281');
INSERT INTO "COURSE_REGISTRATION"("COURSE_ID","STUDENT_ID") VALUES (33,'2019270655');
INSERT INTO "COURSE_REGISTRATION"("COURSE_ID","STUDENT_ID") VALUES (28,'2019270655');
INSERT INTO "COURSE_REGISTRATION"("COURSE_ID","STUDENT_ID") VALUES (67,'2019270655');
INSERT INTO "COURSE_REGISTRATION"("COURSE_ID","STUDENT_ID") VALUES (13,'2019814089');
INSERT INTO "COURSE_REGISTRATION"("COURSE_ID","STUDENT_ID") VALUES (19,'2015312913');
INSERT INTO "COURSE_REGISTRATION"("COURSE_ID","STUDENT_ID") VALUES (64,'2015527683');
INSERT INTO "COURSE_REGISTRATION"("COURSE_ID","STUDENT_ID") VALUES (18,'2017580180');
INSERT INTO "COURSE_REGISTRATION"("COURSE_ID","STUDENT_ID") VALUES (32,'2017588712');
INSERT INTO "COURSE_REGISTRATION"("COURSE_ID","STUDENT_ID") VALUES (60,'2017597496');
INSERT INTO "COURSE_REGISTRATION"("COURSE_ID","STUDENT_ID") VALUES (16,'2017597496');
INSERT INTO "COURSE_REGISTRATION"("COURSE_ID","STUDENT_ID") VALUES (27,'2015312913');
INSERT INTO "COURSE_REGISTRATION"("COURSE_ID","STUDENT_ID") VALUES (60,'2017580180');
INSERT INTO "COURSE_REGISTRATION"("COURSE_ID","STUDENT_ID") VALUES (12,'2019038282');
INSERT INTO "COURSE_REGISTRATION"("COURSE_ID","STUDENT_ID") VALUES (53,'2019270655');
INSERT INTO "COURSE_REGISTRATION"("COURSE_ID","STUDENT_ID") VALUES (33,'2018671463');
INSERT INTO "COURSE_REGISTRATION"("COURSE_ID","STUDENT_ID") VALUES (6,'2017588712');
INSERT INTO "COURSE_REGISTRATION"("COURSE_ID","STUDENT_ID") VALUES (32,'2017294854');
INSERT INTO "COURSE_REGISTRATION"("COURSE_ID","STUDENT_ID") VALUES (31,'2019234555');
INSERT INTO "COURSE_REGISTRATION"("COURSE_ID","STUDENT_ID") VALUES (59,'2017580180');
INSERT INTO "COURSE_REGISTRATION"("COURSE_ID","STUDENT_ID") VALUES (57,'2016635486');
INSERT INTO "COURSE_REGISTRATION"("COURSE_ID","STUDENT_ID") VALUES (35,'2015384178');
INSERT INTO "COURSE_REGISTRATION"("COURSE_ID","STUDENT_ID") VALUES (52,'2016900865');
INSERT INTO "COURSE_REGISTRATION"("COURSE_ID","STUDENT_ID") VALUES (48,'2015826516');
INSERT INTO "COURSE_REGISTRATION"("COURSE_ID","STUDENT_ID") VALUES (29,'2015161973');
INSERT INTO "COURSE_REGISTRATION"("COURSE_ID","STUDENT_ID") VALUES (72,'2017359985');
INSERT INTO "COURSE_REGISTRATION"("COURSE_ID","STUDENT_ID") VALUES (40,'2018400622');
INSERT INTO "COURSE_REGISTRATION"("COURSE_ID","STUDENT_ID") VALUES (11,'2019270655');
INSERT INTO "COURSE_REGISTRATION"("COURSE_ID","STUDENT_ID") VALUES (63,'2015312913');
INSERT INTO "COURSE_REGISTRATION"("COURSE_ID","STUDENT_ID") VALUES (43,'2015161973');
INSERT INTO "COURSE_REGISTRATION"("COURSE_ID","STUDENT_ID") VALUES (44,'2017580180');
INSERT INTO "COURSE_REGISTRATION"("COURSE_ID","STUDENT_ID") VALUES (34,'2017359985');
INSERT INTO "COURSE_REGISTRATION"("COURSE_ID","STUDENT_ID") VALUES (58,'2019525328');
INSERT INTO "COURSE_REGISTRATION"("COURSE_ID","STUDENT_ID") VALUES (4,'2016900865');
INSERT INTO "COURSE_REGISTRATION"("COURSE_ID","STUDENT_ID") VALUES (24,'2019628534');
INSERT INTO "COURSE_REGISTRATION"("COURSE_ID","STUDENT_ID") VALUES (44,'2016635486');
INSERT INTO "COURSE_REGISTRATION"("COURSE_ID","STUDENT_ID") VALUES (6,'2018761812');
INSERT INTO "COURSE_REGISTRATION"("COURSE_ID","STUDENT_ID") VALUES (19,'2017412721');
INSERT INTO "COURSE_REGISTRATION"("COURSE_ID","STUDENT_ID") VALUES (14,'2016572581');
INSERT INTO "COURSE_REGISTRATION"("COURSE_ID","STUDENT_ID") VALUES (36,'2019814089');
INSERT INTO "COURSE_REGISTRATION"("COURSE_ID","STUDENT_ID") VALUES (33,'2017588712');
INSERT INTO "COURSE_REGISTRATION"("COURSE_ID","STUDENT_ID") VALUES (9,'2015161973');
INSERT INTO "COURSE_REGISTRATION"("COURSE_ID","STUDENT_ID") VALUES (56,'2016596487');
INSERT INTO "COURSE_REGISTRATION"("COURSE_ID","STUDENT_ID") VALUES (65,'2017790956');
INSERT INTO "COURSE_REGISTRATION"("COURSE_ID","STUDENT_ID") VALUES (10,'2018761812');
INSERT INTO "COURSE_REGISTRATION"("COURSE_ID","STUDENT_ID") VALUES (25,'2018164815');
INSERT INTO "COURSE_REGISTRATION"("COURSE_ID","STUDENT_ID") VALUES (36,'2016900865');
INSERT INTO "COURSE_REGISTRATION"("COURSE_ID","STUDENT_ID") VALUES (62,'2015161973');
INSERT INTO "COURSE_REGISTRATION"("COURSE_ID","STUDENT_ID") VALUES (6,'2019038282');
INSERT INTO "COURSE_REGISTRATION"("COURSE_ID","STUDENT_ID") VALUES (51,'2017294854');
INSERT INTO "COURSE_REGISTRATION"("COURSE_ID","STUDENT_ID") VALUES (0,'2017359985');
INSERT INTO "COURSE_REGISTRATION"("COURSE_ID","STUDENT_ID") VALUES (71,'2019270655');
INSERT INTO "COURSE_REGISTRATION"("COURSE_ID","STUDENT_ID") VALUES (55,'2017580180');
INSERT INTO "COURSE_REGISTRATION"("COURSE_ID","STUDENT_ID") VALUES (21,'2017412721');
INSERT INTO "COURSE_REGISTRATION"("COURSE_ID","STUDENT_ID") VALUES (43,'2019814089');
INSERT INTO "COURSE_REGISTRATION"("COURSE_ID","STUDENT_ID") VALUES (68,'2019814089');
INSERT INTO "COURSE_REGISTRATION"("COURSE_ID","STUDENT_ID") VALUES (36,'2015312913');
INSERT INTO "COURSE_REGISTRATION"("COURSE_ID","STUDENT_ID") VALUES (34,'2019038282');
INSERT INTO "COURSE_REGISTRATION"("COURSE_ID","STUDENT_ID") VALUES (4,'2019234555');
INSERT INTO "COURSE_REGISTRATION"("COURSE_ID","STUDENT_ID") VALUES (0,'2017588712');
INSERT INTO "COURSE_REGISTRATION"("COURSE_ID","STUDENT_ID") VALUES (43,'2017597496');
INSERT INTO "COURSE_REGISTRATION"("COURSE_ID","STUDENT_ID") VALUES (59,'2017412721');
INSERT INTO "COURSE_REGISTRATION"("COURSE_ID","STUDENT_ID") VALUES (69,'2015384178');
INSERT INTO "COURSE_REGISTRATION"("COURSE_ID","STUDENT_ID") VALUES (69,'2017580180');
INSERT INTO "COURSE_REGISTRATION"("COURSE_ID","STUDENT_ID") VALUES (4,'2019628534');
INSERT INTO "COURSE_REGISTRATION"("COURSE_ID","STUDENT_ID") VALUES (18,'2019525328');
INSERT INTO "COURSE_REGISTRATION"("COURSE_ID","STUDENT_ID") VALUES (53,'2019076372');
INSERT INTO "COURSE_REGISTRATION"("COURSE_ID","STUDENT_ID") VALUES (21,'2019270655');
INSERT INTO "COURSE_REGISTRATION"("COURSE_ID","STUDENT_ID") VALUES (5,'2017597496');
INSERT INTO "COURSE_REGISTRATION"("COURSE_ID","STUDENT_ID") VALUES (11,'2018671463');
INSERT INTO "COURSE_REGISTRATION"("COURSE_ID","STUDENT_ID") VALUES (26,'2017588712');
INSERT INTO "COURSE_REGISTRATION"("COURSE_ID","STUDENT_ID") VALUES (50,'2015527683');
INSERT INTO "COURSE_REGISTRATION"("COURSE_ID","STUDENT_ID") VALUES (63,'2016635486');
INSERT INTO "COURSE_REGISTRATION"("COURSE_ID","STUDENT_ID") VALUES (26,'2017580180');
INSERT INTO "COURSE_REGISTRATION"("COURSE_ID","STUDENT_ID") VALUES (26,'2015161973');
INSERT INTO "COURSE_REGISTRATION"("COURSE_ID","STUDENT_ID") VALUES (11,'2017294854');
INSERT INTO "COURSE_REGISTRATION"("COURSE_ID","STUDENT_ID") VALUES (10,'2016900865');
INSERT INTO "COURSE_REGISTRATION"("COURSE_ID","STUDENT_ID") VALUES (47,'2016596487');
INSERT INTO "COURSE_REGISTRATION"("COURSE_ID","STUDENT_ID") VALUES (47,'2015384178');
INSERT INTO "COURSE_REGISTRATION"("COURSE_ID","STUDENT_ID") VALUES (60,'2017359985');
INSERT INTO "COURSE_REGISTRATION"("COURSE_ID","STUDENT_ID") VALUES (6,'2019525328');
INSERT INTO "COURSE_REGISTRATION"("COURSE_ID","STUDENT_ID") VALUES (12,'2018164815');
INSERT INTO "COURSE_REGISTRATION"("COURSE_ID","STUDENT_ID") VALUES (54,'2017597496');
INSERT INTO "COURSE_REGISTRATION"("COURSE_ID","STUDENT_ID") VALUES (24,'2017294854');
INSERT INTO "COURSE_REGISTRATION"("COURSE_ID","STUDENT_ID") VALUES (66,'2019076372');
INSERT INTO "COURSE_REGISTRATION"("COURSE_ID","STUDENT_ID") VALUES (74,'2018164815');
INSERT INTO "COURSE_REGISTRATION"("COURSE_ID","STUDENT_ID") VALUES (17,'2018671463');
INSERT INTO "COURSE_REGISTRATION"("COURSE_ID","STUDENT_ID") VALUES (61,'2019076372');
INSERT INTO "COURSE_REGISTRATION"("COURSE_ID","STUDENT_ID") VALUES (61,'2019525328');
INSERT INTO "COURSE_REGISTRATION"("COURSE_ID","STUDENT_ID") VALUES (57,'2017790956');
INSERT INTO "COURSE_REGISTRATION"("COURSE_ID","STUDENT_ID") VALUES (48,'2019076372');
INSERT INTO "COURSE_REGISTRATION"("COURSE_ID","STUDENT_ID") VALUES (34,'2015312913');
INSERT INTO "COURSE_REGISTRATION"("COURSE_ID","STUDENT_ID") VALUES (31,'2019076372');
INSERT INTO "COURSE_REGISTRATION"("COURSE_ID","STUDENT_ID") VALUES (30,'2017588712');
INSERT INTO "COURSE_REGISTRATION"("COURSE_ID","STUDENT_ID") VALUES (26,'2019038282');
INSERT INTO "COURSE_REGISTRATION"("COURSE_ID","STUDENT_ID") VALUES (57,'2017359985');
INSERT INTO "COURSE_REGISTRATION"("COURSE_ID","STUDENT_ID") VALUES (21,'2016572581');
INSERT INTO "COURSE_REGISTRATION"("COURSE_ID","STUDENT_ID") VALUES (66,'2015527683');
INSERT INTO "COURSE_REGISTRATION"("COURSE_ID","STUDENT_ID") VALUES (41,'2019270655');
INSERT INTO "COURSE_REGISTRATION"("COURSE_ID","STUDENT_ID") VALUES (9,'2018400622');
INSERT INTO "COURSE_REGISTRATION"("COURSE_ID","STUDENT_ID") VALUES (43,'2017580180');
INSERT INTO "COURSE_REGISTRATION"("COURSE_ID","STUDENT_ID") VALUES (35,'2019628534');
INSERT INTO "COURSE_REGISTRATION"("COURSE_ID","STUDENT_ID") VALUES (58,'2018853865');
INSERT INTO "COURSE_REGISTRATION"("COURSE_ID","STUDENT_ID") VALUES (25,'2017121281');
INSERT INTO "COURSE_REGISTRATION"("COURSE_ID","STUDENT_ID") VALUES (29,'2018164815');
INSERT INTO "COURSE_REGISTRATION"("COURSE_ID","STUDENT_ID") VALUES (29,'2019814089');
INSERT INTO "COURSE_REGISTRATION"("COURSE_ID","STUDENT_ID") VALUES (16,'2016596487');
INSERT INTO "COURSE_REGISTRATION"("COURSE_ID","STUDENT_ID") VALUES (58,'2017597496');
INSERT INTO "COURSE_REGISTRATION"("COURSE_ID","STUDENT_ID") VALUES (68,'2018164815');
INSERT INTO "COURSE_REGISTRATION"("COURSE_ID","STUDENT_ID") VALUES (31,'2016900865');
INSERT INTO "COURSE_REGISTRATION"("COURSE_ID","STUDENT_ID") VALUES (12,'2017597496');
INSERT INTO "COURSE_REGISTRATION"("COURSE_ID","STUDENT_ID") VALUES (35,'2018853865');
INSERT INTO "COURSE_REGISTRATION"("COURSE_ID","STUDENT_ID") VALUES (34,'2019076372');
INSERT INTO "COURSE_REGISTRATION"("COURSE_ID","STUDENT_ID") VALUES (51,'2018761812');
INSERT INTO "COURSE_REGISTRATION"("COURSE_ID","STUDENT_ID") VALUES (73,'2015527683');
INSERT INTO "COURSE_REGISTRATION"("COURSE_ID","STUDENT_ID") VALUES (60,'2018400622');
INSERT INTO "COURSE_REGISTRATION"("COURSE_ID","STUDENT_ID") VALUES (60,'2015985825');
INSERT INTO "COURSE_REGISTRATION"("COURSE_ID","STUDENT_ID") VALUES (69,'2018671463');
INSERT INTO "COURSE_REGISTRATION"("COURSE_ID","STUDENT_ID") VALUES (50,'2019814089');
INSERT INTO "COURSE_REGISTRATION"("COURSE_ID","STUDENT_ID") VALUES (16,'2017588712');
INSERT INTO "COURSE_REGISTRATION"("COURSE_ID","STUDENT_ID") VALUES (40,'2015527683');
INSERT INTO "COURSE_REGISTRATION"("COURSE_ID","STUDENT_ID") VALUES (66,'2015384178');
INSERT INTO "COURSE_REGISTRATION"("COURSE_ID","STUDENT_ID") VALUES (8,'2015826516');
INSERT INTO "COURSE_REGISTRATION"("COURSE_ID","STUDENT_ID") VALUES (45,'2018671463');
INSERT INTO "COURSE_REGISTRATION"("COURSE_ID","STUDENT_ID") VALUES (4,'2015826516');
INSERT INTO "COURSE_REGISTRATION"("COURSE_ID","STUDENT_ID") VALUES (18,'2019076372');
INSERT INTO "COURSE_REGISTRATION"("COURSE_ID","STUDENT_ID") VALUES (43,'2015384178');
INSERT INTO "COURSE_REGISTRATION"("COURSE_ID","STUDENT_ID") VALUES (34,'2018761812');
INSERT INTO "COURSE_REGISTRATION"("COURSE_ID","STUDENT_ID") VALUES (38,'2017294854');
INSERT INTO "COURSE_REGISTRATION"("COURSE_ID","STUDENT_ID") VALUES (40,'2017412721');
INSERT INTO "COURSE_REGISTRATION"("COURSE_ID","STUDENT_ID") VALUES (70,'2017588712');
INSERT INTO "COURSE_REGISTRATION"("COURSE_ID","STUDENT_ID") VALUES (41,'2019814089');
INSERT INTO "COURSE_REGISTRATION"("COURSE_ID","STUDENT_ID") VALUES (63,'2017359985');
INSERT INTO "COURSE_REGISTRATION"("COURSE_ID","STUDENT_ID") VALUES (53,'2019038282');
INSERT INTO "COURSE_REGISTRATION"("COURSE_ID","STUDENT_ID") VALUES (73,'2019076372');
INSERT INTO "COURSE_REGISTRATION"("COURSE_ID","STUDENT_ID") VALUES (60,'2016635486');
INSERT INTO "COURSE_REGISTRATION"("COURSE_ID","STUDENT_ID") VALUES (74,'2017294854');
INSERT INTO "COURSE_REGISTRATION"("COURSE_ID","STUDENT_ID") VALUES (36,'2018671463');
INSERT INTO "COURSE_REGISTRATION"("COURSE_ID","STUDENT_ID") VALUES (59,'2015826516');
INSERT INTO "COURSE_REGISTRATION"("COURSE_ID","STUDENT_ID") VALUES (71,'2019525328');
INSERT INTO "COURSE_REGISTRATION"("COURSE_ID","STUDENT_ID") VALUES (0,'2017597496');
INSERT INTO "COURSE_REGISTRATION"("COURSE_ID","STUDENT_ID") VALUES (73,'2015985825');
INSERT INTO "COURSE_REGISTRATION"("COURSE_ID","STUDENT_ID") VALUES (66,'2019525328');
INSERT INTO "COURSE_REGISTRATION"("COURSE_ID","STUDENT_ID") VALUES (35,'2018761812');
INSERT INTO "COURSE_REGISTRATION"("COURSE_ID","STUDENT_ID") VALUES (4,'2016572581');
INSERT INTO "COURSE_REGISTRATION"("COURSE_ID","STUDENT_ID") VALUES (31,'2019038282');
INSERT INTO "COURSE_REGISTRATION"("COURSE_ID","STUDENT_ID") VALUES (11,'2017588712');
INSERT INTO "COURSE_REGISTRATION"("COURSE_ID","STUDENT_ID") VALUES (27,'2019628534');
INSERT INTO "COURSE_REGISTRATION"("COURSE_ID","STUDENT_ID") VALUES (73,'2019234555');
INSERT INTO "COURSE_REGISTRATION"("COURSE_ID","STUDENT_ID") VALUES (58,'2015527683');
INSERT INTO "COURSE_REGISTRATION"("COURSE_ID","STUDENT_ID") VALUES (0,'2015527683');
INSERT INTO "COURSE_REGISTRATION"("COURSE_ID","STUDENT_ID") VALUES (58,'2018761812');
INSERT INTO "COURSE_REGISTRATION"("COURSE_ID","STUDENT_ID") VALUES (50,'2017580180');
INSERT INTO "COURSE_REGISTRATION"("COURSE_ID","STUDENT_ID") VALUES (44,'2019038282');
INSERT INTO "COURSE_REGISTRATION"("COURSE_ID","STUDENT_ID") VALUES (50,'2019234555');
INSERT INTO "COURSE_REGISTRATION"("COURSE_ID","STUDENT_ID") VALUES (25,'2015384178');
INSERT INTO "COURSE_REGISTRATION"("COURSE_ID","STUDENT_ID") VALUES (46,'2019234555');
INSERT INTO "COURSE_REGISTRATION"("COURSE_ID","STUDENT_ID") VALUES (23,'2017359985');
INSERT INTO "COURSE_REGISTRATION"("COURSE_ID","STUDENT_ID") VALUES (52,'2017359985');
INSERT INTO "COURSE_REGISTRATION"("COURSE_ID","STUDENT_ID") VALUES (60,'2017588712');
INSERT INTO "COURSE_REGISTRATION"("COURSE_ID","STUDENT_ID") VALUES (14,'2019076372');
INSERT INTO "COURSE_REGISTRATION"("COURSE_ID","STUDENT_ID") VALUES (63,'2019076372');
INSERT INTO "COURSE_REGISTRATION"("COURSE_ID","STUDENT_ID") VALUES (67,'2018761812');
INSERT INTO "COURSE_REGISTRATION"("COURSE_ID","STUDENT_ID") VALUES (36,'2015161973');
INSERT INTO "COURSE_REGISTRATION"("COURSE_ID","STUDENT_ID") VALUES (48,'2016572581');
INSERT INTO "COURSE_REGISTRATION"("COURSE_ID","STUDENT_ID") VALUES (36,'2015826516');
INSERT INTO "COURSE_REGISTRATION"("COURSE_ID","STUDENT_ID") VALUES (20,'2018853865');
INSERT INTO "COURSE_REGISTRATION"("COURSE_ID","STUDENT_ID") VALUES (49,'2016572581');
INSERT INTO "COURSE_REGISTRATION"("COURSE_ID","STUDENT_ID") VALUES (29,'2015985825');
INSERT INTO "COURSE_REGISTRATION"("COURSE_ID","STUDENT_ID") VALUES (55,'2019234555');
INSERT INTO "COURSE_REGISTRATION"("COURSE_ID","STUDENT_ID") VALUES (6,'2019270655');
INSERT INTO "COURSE_REGISTRATION"("COURSE_ID","STUDENT_ID") VALUES (24,'2018761812');
INSERT INTO "COURSE_REGISTRATION"("COURSE_ID","STUDENT_ID") VALUES (35,'2019038282');
INSERT INTO "ATTENDANCE"("COURSE_ID","STUDENT_ID","ABSENCE_TIME") VALUES (67,'2015826516',0);
INSERT INTO "ATTENDANCE"("COURSE_ID","STUDENT_ID","ABSENCE_TIME") VALUES (18,'2019038282',0);
INSERT INTO "ATTENDANCE"("COURSE_ID","STUDENT_ID","ABSENCE_TIME") VALUES (68,'2019270655',0);
INSERT INTO "ATTENDANCE"("COURSE_ID","STUDENT_ID","ABSENCE_TIME") VALUES (56,'2017790956',0);
INSERT INTO "ATTENDANCE"("COURSE_ID","STUDENT_ID","ABSENCE_TIME") VALUES (15,'2017412721',0);
INSERT INTO "ATTENDANCE"("COURSE_ID","STUDENT_ID","ABSENCE_TIME") VALUES (40,'2017790956',0);
INSERT INTO "ATTENDANCE"("COURSE_ID","STUDENT_ID","ABSENCE_TIME") VALUES (71,'2017588712',9);
INSERT INTO "ATTENDANCE"("COURSE_ID","STUDENT_ID","ABSENCE_TIME") VALUES (64,'2018400622',0);
INSERT INTO "ATTENDANCE"("COURSE_ID","STUDENT_ID","ABSENCE_TIME") VALUES (52,'2019234555',0);
INSERT INTO "ATTENDANCE"("COURSE_ID","STUDENT_ID","ABSENCE_TIME") VALUES (32,'2015527683',0);
INSERT INTO "ATTENDANCE"("COURSE_ID","STUDENT_ID","ABSENCE_TIME") VALUES (41,'2015527683',48);
INSERT INTO "ATTENDANCE"("COURSE_ID","STUDENT_ID","ABSENCE_TIME") VALUES (4,'2018400622',9);
INSERT INTO "ATTENDANCE"("COURSE_ID","STUDENT_ID","ABSENCE_TIME") VALUES (43,'2015527683',0);
INSERT INTO "ATTENDANCE"("COURSE_ID","STUDENT_ID","ABSENCE_TIME") VALUES (2,'2018400622',0);
INSERT INTO "ATTENDANCE"("COURSE_ID","STUDENT_ID","ABSENCE_TIME") VALUES (20,'2015826516',0);
INSERT INTO "ATTENDANCE"("COURSE_ID","STUDENT_ID","ABSENCE_TIME") VALUES (61,'2017359985',19);
INSERT INTO "ATTENDANCE"("COURSE_ID","STUDENT_ID","ABSENCE_TIME") VALUES (38,'2018761812',0);
INSERT INTO "ATTENDANCE"("COURSE_ID","STUDENT_ID","ABSENCE_TIME") VALUES (59,'2019525328',0);
INSERT INTO "ATTENDANCE"("COURSE_ID","STUDENT_ID","ABSENCE_TIME") VALUES (8,'2019076372',0);
INSERT INTO "ATTENDANCE"("COURSE_ID","STUDENT_ID","ABSENCE_TIME") VALUES (54,'2019628534',0);
INSERT INTO "ATTENDANCE"("COURSE_ID","STUDENT_ID","ABSENCE_TIME") VALUES (1,'2015826516',0);
INSERT INTO "ATTENDANCE"("COURSE_ID","STUDENT_ID","ABSENCE_TIME") VALUES (59,'2018400622',0);
INSERT INTO "ATTENDANCE"("COURSE_ID","STUDENT_ID","ABSENCE_TIME") VALUES (2,'2016572581',0);
INSERT INTO "ATTENDANCE"("COURSE_ID","STUDENT_ID","ABSENCE_TIME") VALUES (56,'2019628534',0);
INSERT INTO "ATTENDANCE"("COURSE_ID","STUDENT_ID","ABSENCE_TIME") VALUES (44,'2016596487',0);
INSERT INTO "ATTENDANCE"("COURSE_ID","STUDENT_ID","ABSENCE_TIME") VALUES (61,'2018761812',9);
INSERT INTO "ATTENDANCE"("COURSE_ID","STUDENT_ID","ABSENCE_TIME") VALUES (20,'2015161973',0);
INSERT INTO "ATTENDANCE"("COURSE_ID","STUDENT_ID","ABSENCE_TIME") VALUES (8,'2017359985',0);
INSERT INTO "ATTENDANCE"("COURSE_ID","STUDENT_ID","ABSENCE_TIME") VALUES (69,'2017597496',0);
INSERT INTO "ATTENDANCE"("COURSE_ID","STUDENT_ID","ABSENCE_TIME") VALUES (4,'2019814089',0);
INSERT INTO "ATTENDANCE"("COURSE_ID","STUDENT_ID","ABSENCE_TIME") VALUES (23,'2017597496',0);
INSERT INTO "ATTENDANCE"("COURSE_ID","STUDENT_ID","ABSENCE_TIME") VALUES (48,'2016635486',0);
INSERT INTO "ATTENDANCE"("COURSE_ID","STUDENT_ID","ABSENCE_TIME") VALUES (48,'2017580180',0);
INSERT INTO "ATTENDANCE"("COURSE_ID","STUDENT_ID","ABSENCE_TIME") VALUES (12,'2015384178',0);
INSERT INTO "ATTENDANCE"("COURSE_ID","STUDENT_ID","ABSENCE_TIME") VALUES (59,'2017359985',0);
INSERT INTO "ATTENDANCE"("COURSE_ID","STUDENT_ID","ABSENCE_TIME") VALUES (53,'2015985825',19);
INSERT INTO "ATTENDANCE"("COURSE_ID","STUDENT_ID","ABSENCE_TIME") VALUES (41,'2017412721',0);
INSERT INTO "ATTENDANCE"("COURSE_ID","STUDENT_ID","ABSENCE_TIME") VALUES (36,'2017597496',0);
INSERT INTO "ATTENDANCE"("COURSE_ID","STUDENT_ID","ABSENCE_TIME") VALUES (14,'2019270655',0);
INSERT INTO "ATTENDANCE"("COURSE_ID","STUDENT_ID","ABSENCE_TIME") VALUES (35,'2016572581',19);
INSERT INTO "ATTENDANCE"("COURSE_ID","STUDENT_ID","ABSENCE_TIME") VALUES (35,'2017359985',0);
INSERT INTO "ATTENDANCE"("COURSE_ID","STUDENT_ID","ABSENCE_TIME") VALUES (13,'2019076372',9);
INSERT INTO "ATTENDANCE"("COURSE_ID","STUDENT_ID","ABSENCE_TIME") VALUES (6,'2017294854',0);
INSERT INTO "ATTENDANCE"("COURSE_ID","STUDENT_ID","ABSENCE_TIME") VALUES (60,'2018671463',0);
INSERT INTO "ATTENDANCE"("COURSE_ID","STUDENT_ID","ABSENCE_TIME") VALUES (69,'2018853865',0);
INSERT INTO "ATTENDANCE"("COURSE_ID","STUDENT_ID","ABSENCE_TIME") VALUES (70,'2017580180',9);
INSERT INTO "ATTENDANCE"("COURSE_ID","STUDENT_ID","ABSENCE_TIME") VALUES (68,'2018761812',0);
INSERT INTO "ATTENDANCE"("COURSE_ID","STUDENT_ID","ABSENCE_TIME") VALUES (56,'2015384178',0);
INSERT INTO "ATTENDANCE"("COURSE_ID","STUDENT_ID","ABSENCE_TIME") VALUES (73,'2019628534',0);
INSERT INTO "ATTENDANCE"("COURSE_ID","STUDENT_ID","ABSENCE_TIME") VALUES (23,'2019234555',0);
INSERT INTO "ATTENDANCE"("COURSE_ID","STUDENT_ID","ABSENCE_TIME") VALUES (46,'2015826516',0);
INSERT INTO "ATTENDANCE"("COURSE_ID","STUDENT_ID","ABSENCE_TIME") VALUES (71,'2015826516',0);
INSERT INTO "ATTENDANCE"("COURSE_ID","STUDENT_ID","ABSENCE_TIME") VALUES (50,'2017359985',0);
INSERT INTO "ATTENDANCE"("COURSE_ID","STUDENT_ID","ABSENCE_TIME") VALUES (22,'2015826516',0);
INSERT INTO "ATTENDANCE"("COURSE_ID","STUDENT_ID","ABSENCE_TIME") VALUES (71,'2019234555',9);
INSERT INTO "ATTENDANCE"("COURSE_ID","STUDENT_ID","ABSENCE_TIME") VALUES (41,'2018761812',0);
INSERT INTO "ATTENDANCE"("COURSE_ID","STUDENT_ID","ABSENCE_TIME") VALUES (55,'2019076372',0);
INSERT INTO "ATTENDANCE"("COURSE_ID","STUDENT_ID","ABSENCE_TIME") VALUES (69,'2016596487',0);
INSERT INTO "ATTENDANCE"("COURSE_ID","STUDENT_ID","ABSENCE_TIME") VALUES (9,'2019076372',9);
INSERT INTO "ATTENDANCE"("COURSE_ID","STUDENT_ID","ABSENCE_TIME") VALUES (48,'2018853865',0);
INSERT INTO "ATTENDANCE"("COURSE_ID","STUDENT_ID","ABSENCE_TIME") VALUES (28,'2018671463',0);
INSERT INTO "ATTENDANCE"("COURSE_ID","STUDENT_ID","ABSENCE_TIME") VALUES (47,'2015985825',0);
INSERT INTO "ATTENDANCE"("COURSE_ID","STUDENT_ID","ABSENCE_TIME") VALUES (50,'2019628534',0);
INSERT INTO "ATTENDANCE"("COURSE_ID","STUDENT_ID","ABSENCE_TIME") VALUES (39,'2017121281',0);
INSERT INTO "ATTENDANCE"("COURSE_ID","STUDENT_ID","ABSENCE_TIME") VALUES (64,'2016900865',0);
INSERT INTO "ATTENDANCE"("COURSE_ID","STUDENT_ID","ABSENCE_TIME") VALUES (58,'2015384178',0);
INSERT INTO "ATTENDANCE"("COURSE_ID","STUDENT_ID","ABSENCE_TIME") VALUES (56,'2019814089',0);
INSERT INTO "ATTENDANCE"("COURSE_ID","STUDENT_ID","ABSENCE_TIME") VALUES (56,'2019525328',0);
INSERT INTO "ATTENDANCE"("COURSE_ID","STUDENT_ID","ABSENCE_TIME") VALUES (74,'2019234555',0);
INSERT INTO "ATTENDANCE"("COURSE_ID","STUDENT_ID","ABSENCE_TIME") VALUES (31,'2015312913',0);
INSERT INTO "ATTENDANCE"("COURSE_ID","STUDENT_ID","ABSENCE_TIME") VALUES (10,'2018164815',0);
INSERT INTO "ATTENDANCE"("COURSE_ID","STUDENT_ID","ABSENCE_TIME") VALUES (42,'2018761812',0);
INSERT INTO "ATTENDANCE"("COURSE_ID","STUDENT_ID","ABSENCE_TIME") VALUES (46,'2017790956',0);
INSERT INTO "ATTENDANCE"("COURSE_ID","STUDENT_ID","ABSENCE_TIME") VALUES (30,'2019270655',0);
INSERT INTO "ATTENDANCE"("COURSE_ID","STUDENT_ID","ABSENCE_TIME") VALUES (27,'2018853865',0);
INSERT INTO "ATTENDANCE"("COURSE_ID","STUDENT_ID","ABSENCE_TIME") VALUES (25,'2015826516',16);
INSERT INTO "ATTENDANCE"("COURSE_ID","STUDENT_ID","ABSENCE_TIME") VALUES (13,'2017790956',0);
INSERT INTO "ATTENDANCE"("COURSE_ID","STUDENT_ID","ABSENCE_TIME") VALUES (61,'2019234555',0);
INSERT INTO "ATTENDANCE"("COURSE_ID","STUDENT_ID","ABSENCE_TIME") VALUES (13,'2017121281',0);
INSERT INTO "ATTENDANCE"("COURSE_ID","STUDENT_ID","ABSENCE_TIME") VALUES (44,'2017359985',0);
INSERT INTO "ATTENDANCE"("COURSE_ID","STUDENT_ID","ABSENCE_TIME") VALUES (59,'2016635486',38);
INSERT INTO "ATTENDANCE"("COURSE_ID","STUDENT_ID","ABSENCE_TIME") VALUES (73,'2017597496',0);
INSERT INTO "ATTENDANCE"("COURSE_ID","STUDENT_ID","ABSENCE_TIME") VALUES (26,'2019076372',0);
INSERT INTO "ATTENDANCE"("COURSE_ID","STUDENT_ID","ABSENCE_TIME") VALUES (53,'2015161973',19);
INSERT INTO "ATTENDANCE"("COURSE_ID","STUDENT_ID","ABSENCE_TIME") VALUES (50,'2017121281',0);
INSERT INTO "ATTENDANCE"("COURSE_ID","STUDENT_ID","ABSENCE_TIME") VALUES (1,'2015384178',0);
INSERT INTO "ATTENDANCE"("COURSE_ID","STUDENT_ID","ABSENCE_TIME") VALUES (9,'2017597496',19);
INSERT INTO "ATTENDANCE"("COURSE_ID","STUDENT_ID","ABSENCE_TIME") VALUES (28,'2016635486',6);
INSERT INTO "ATTENDANCE"("COURSE_ID","STUDENT_ID","ABSENCE_TIME") VALUES (7,'2015826516',0);
INSERT INTO "ATTENDANCE"("COURSE_ID","STUDENT_ID","ABSENCE_TIME") VALUES (66,'2015985825',0);
INSERT INTO "ATTENDANCE"("COURSE_ID","STUDENT_ID","ABSENCE_TIME") VALUES (39,'2017580180',0);
INSERT INTO "ATTENDANCE"("COURSE_ID","STUDENT_ID","ABSENCE_TIME") VALUES (65,'2018853865',9);
INSERT INTO "ATTENDANCE"("COURSE_ID","STUDENT_ID","ABSENCE_TIME") VALUES (8,'2017597496',38);
INSERT INTO "ATTENDANCE"("COURSE_ID","STUDENT_ID","ABSENCE_TIME") VALUES (57,'2017294854',0);
INSERT INTO "ATTENDANCE"("COURSE_ID","STUDENT_ID","ABSENCE_TIME") VALUES (64,'2015384178',0);
INSERT INTO "ATTENDANCE"("COURSE_ID","STUDENT_ID","ABSENCE_TIME") VALUES (3,'2017294854',0);
INSERT INTO "ATTENDANCE"("COURSE_ID","STUDENT_ID","ABSENCE_TIME") VALUES (19,'2019525328',0);
INSERT INTO "ATTENDANCE"("COURSE_ID","STUDENT_ID","ABSENCE_TIME") VALUES (72,'2019814089',0);
INSERT INTO "ATTENDANCE"("COURSE_ID","STUDENT_ID","ABSENCE_TIME") VALUES (23,'2019814089',0);
INSERT INTO "ATTENDANCE"("COURSE_ID","STUDENT_ID","ABSENCE_TIME") VALUES (23,'2017121281',0);
INSERT INTO "ATTENDANCE"("COURSE_ID","STUDENT_ID","ABSENCE_TIME") VALUES (20,'2018164815',0);
INSERT INTO "ATTENDANCE"("COURSE_ID","STUDENT_ID","ABSENCE_TIME") VALUES (54,'2017790956',0);
INSERT INTO "ATTENDANCE"("COURSE_ID","STUDENT_ID","ABSENCE_TIME") VALUES (39,'2015384178',0);
INSERT INTO "ATTENDANCE"("COURSE_ID","STUDENT_ID","ABSENCE_TIME") VALUES (21,'2016900865',0);
INSERT INTO "ATTENDANCE"("COURSE_ID","STUDENT_ID","ABSENCE_TIME") VALUES (16,'2017121281',0);
INSERT INTO "ATTENDANCE"("COURSE_ID","STUDENT_ID","ABSENCE_TIME") VALUES (37,'2017790956',28);
INSERT INTO "ATTENDANCE"("COURSE_ID","STUDENT_ID","ABSENCE_TIME") VALUES (48,'2019270655',0);
INSERT INTO "ATTENDANCE"("COURSE_ID","STUDENT_ID","ABSENCE_TIME") VALUES (7,'2019270655',0);
INSERT INTO "ATTENDANCE"("COURSE_ID","STUDENT_ID","ABSENCE_TIME") VALUES (26,'2015826516',0);
INSERT INTO "ATTENDANCE"("COURSE_ID","STUDENT_ID","ABSENCE_TIME") VALUES (0,'2016635486',0);
INSERT INTO "ATTENDANCE"("COURSE_ID","STUDENT_ID","ABSENCE_TIME") VALUES (5,'2015985825',9);
INSERT INTO "ATTENDANCE"("COURSE_ID","STUDENT_ID","ABSENCE_TIME") VALUES (62,'2017359985',9);
INSERT INTO "ATTENDANCE"("COURSE_ID","STUDENT_ID","ABSENCE_TIME") VALUES (28,'2017597496',0);
INSERT INTO "ATTENDANCE"("COURSE_ID","STUDENT_ID","ABSENCE_TIME") VALUES (56,'2018853865',0);
INSERT INTO "ATTENDANCE"("COURSE_ID","STUDENT_ID","ABSENCE_TIME") VALUES (17,'2017597496',0);
INSERT INTO "ATTENDANCE"("COURSE_ID","STUDENT_ID","ABSENCE_TIME") VALUES (5,'2015384178',0);
INSERT INTO "ATTENDANCE"("COURSE_ID","STUDENT_ID","ABSENCE_TIME") VALUES (30,'2018400622',3);
INSERT INTO "ATTENDANCE"("COURSE_ID","STUDENT_ID","ABSENCE_TIME") VALUES (28,'2016596487',0);
INSERT INTO "ATTENDANCE"("COURSE_ID","STUDENT_ID","ABSENCE_TIME") VALUES (14,'2018853865',0);
INSERT INTO "ATTENDANCE"("COURSE_ID","STUDENT_ID","ABSENCE_TIME") VALUES (66,'2017121281',0);
INSERT INTO "ATTENDANCE"("COURSE_ID","STUDENT_ID","ABSENCE_TIME") VALUES (65,'2017580180',0);
INSERT INTO "ATTENDANCE"("COURSE_ID","STUDENT_ID","ABSENCE_TIME") VALUES (31,'2017121281',0);
INSERT INTO "ATTENDANCE"("COURSE_ID","STUDENT_ID","ABSENCE_TIME") VALUES (63,'2019814089',0);
INSERT INTO "ATTENDANCE"("COURSE_ID","STUDENT_ID","ABSENCE_TIME") VALUES (50,'2015985825',9);
INSERT INTO "ATTENDANCE"("COURSE_ID","STUDENT_ID","ABSENCE_TIME") VALUES (46,'2018164815',0);
INSERT INTO "ATTENDANCE"("COURSE_ID","STUDENT_ID","ABSENCE_TIME") VALUES (13,'2015527683',0);
INSERT INTO "ATTENDANCE"("COURSE_ID","STUDENT_ID","ABSENCE_TIME") VALUES (58,'2015312913',0);
INSERT INTO "ATTENDANCE"("COURSE_ID","STUDENT_ID","ABSENCE_TIME") VALUES (12,'2018400622',19);
INSERT INTO "ATTENDANCE"("COURSE_ID","STUDENT_ID","ABSENCE_TIME") VALUES (51,'2016572581',0);
INSERT INTO "ATTENDANCE"("COURSE_ID","STUDENT_ID","ABSENCE_TIME") VALUES (18,'2019270655',0);
INSERT INTO "ATTENDANCE"("COURSE_ID","STUDENT_ID","ABSENCE_TIME") VALUES (45,'2017294854',0);
INSERT INTO "ATTENDANCE"("COURSE_ID","STUDENT_ID","ABSENCE_TIME") VALUES (27,'2017580180',0);
INSERT INTO "ATTENDANCE"("COURSE_ID","STUDENT_ID","ABSENCE_TIME") VALUES (65,'2015161973',38);
INSERT INTO "ATTENDANCE"("COURSE_ID","STUDENT_ID","ABSENCE_TIME") VALUES (33,'2016596487',0);
INSERT INTO "ATTENDANCE"("COURSE_ID","STUDENT_ID","ABSENCE_TIME") VALUES (37,'2015384178',28);
INSERT INTO "ATTENDANCE"("COURSE_ID","STUDENT_ID","ABSENCE_TIME") VALUES (22,'2015985825',0);
INSERT INTO "ATTENDANCE"("COURSE_ID","STUDENT_ID","ABSENCE_TIME") VALUES (52,'2015985825',0);
INSERT INTO "ATTENDANCE"("COURSE_ID","STUDENT_ID","ABSENCE_TIME") VALUES (58,'2017580180',9);
INSERT INTO "ATTENDANCE"("COURSE_ID","STUDENT_ID","ABSENCE_TIME") VALUES (64,'2017588712',0);
INSERT INTO "ATTENDANCE"("COURSE_ID","STUDENT_ID","ABSENCE_TIME") VALUES (32,'2015985825',0);
INSERT INTO "ATTENDANCE"("COURSE_ID","STUDENT_ID","ABSENCE_TIME") VALUES (56,'2018671463',0);
INSERT INTO "ATTENDANCE"("COURSE_ID","STUDENT_ID","ABSENCE_TIME") VALUES (66,'2017294854',0);
INSERT INTO "ATTENDANCE"("COURSE_ID","STUDENT_ID","ABSENCE_TIME") VALUES (1,'2017121281',0);
INSERT INTO "ATTENDANCE"("COURSE_ID","STUDENT_ID","ABSENCE_TIME") VALUES (12,'2017412721',0);
INSERT INTO "ATTENDANCE"("COURSE_ID","STUDENT_ID","ABSENCE_TIME") VALUES (57,'2015312913',0);
INSERT INTO "ATTENDANCE"("COURSE_ID","STUDENT_ID","ABSENCE_TIME") VALUES (15,'2019076372',0);
INSERT INTO "ATTENDANCE"("COURSE_ID","STUDENT_ID","ABSENCE_TIME") VALUES (66,'2015161973',0);
INSERT INTO "ATTENDANCE"("COURSE_ID","STUDENT_ID","ABSENCE_TIME") VALUES (24,'2016596487',0);
INSERT INTO "ATTENDANCE"("COURSE_ID","STUDENT_ID","ABSENCE_TIME") VALUES (52,'2019525328',19);
INSERT INTO "ATTENDANCE"("COURSE_ID","STUDENT_ID","ABSENCE_TIME") VALUES (68,'2015161973',0);
INSERT INTO "ATTENDANCE"("COURSE_ID","STUDENT_ID","ABSENCE_TIME") VALUES (35,'2016635486',9);
INSERT INTO "ATTENDANCE"("COURSE_ID","STUDENT_ID","ABSENCE_TIME") VALUES (42,'2015826516',0);
INSERT INTO "ATTENDANCE"("COURSE_ID","STUDENT_ID","ABSENCE_TIME") VALUES (65,'2019234555',19);
INSERT INTO "ATTENDANCE"("COURSE_ID","STUDENT_ID","ABSENCE_TIME") VALUES (50,'2019270655',0);
INSERT INTO "ATTENDANCE"("COURSE_ID","STUDENT_ID","ABSENCE_TIME") VALUES (15,'2015312913',0);
INSERT INTO "ATTENDANCE"("COURSE_ID","STUDENT_ID","ABSENCE_TIME") VALUES (28,'2018853865',0);
INSERT INTO "ATTENDANCE"("COURSE_ID","STUDENT_ID","ABSENCE_TIME") VALUES (5,'2016635486',0);
INSERT INTO "ATTENDANCE"("COURSE_ID","STUDENT_ID","ABSENCE_TIME") VALUES (64,'2018853865',0);
INSERT INTO "ATTENDANCE"("COURSE_ID","STUDENT_ID","ABSENCE_TIME") VALUES (36,'2017790956',0);
INSERT INTO "ATTENDANCE"("COURSE_ID","STUDENT_ID","ABSENCE_TIME") VALUES (7,'2017294854',0);
INSERT INTO "ATTENDANCE"("COURSE_ID","STUDENT_ID","ABSENCE_TIME") VALUES (35,'2017790956',0);
INSERT INTO "ATTENDANCE"("COURSE_ID","STUDENT_ID","ABSENCE_TIME") VALUES (36,'2019628534',0);
INSERT INTO "ATTENDANCE"("COURSE_ID","STUDENT_ID","ABSENCE_TIME") VALUES (34,'2016596487',0);
INSERT INTO "ATTENDANCE"("COURSE_ID","STUDENT_ID","ABSENCE_TIME") VALUES (60,'2015826516',0);
INSERT INTO "ATTENDANCE"("COURSE_ID","STUDENT_ID","ABSENCE_TIME") VALUES (2,'2019525328',0);
INSERT INTO "ATTENDANCE"("COURSE_ID","STUDENT_ID","ABSENCE_TIME") VALUES (12,'2018671463',0);
INSERT INTO "ATTENDANCE"("COURSE_ID","STUDENT_ID","ABSENCE_TIME") VALUES (18,'2017121281',0);
INSERT INTO "ATTENDANCE"("COURSE_ID","STUDENT_ID","ABSENCE_TIME") VALUES (45,'2016635486',0);
INSERT INTO "ATTENDANCE"("COURSE_ID","STUDENT_ID","ABSENCE_TIME") VALUES (0,'2019814089',0);
INSERT INTO "ATTENDANCE"("COURSE_ID","STUDENT_ID","ABSENCE_TIME") VALUES (74,'2018400622',0);
INSERT INTO "ATTENDANCE"("COURSE_ID","STUDENT_ID","ABSENCE_TIME") VALUES (19,'2016596487',0);
INSERT INTO "ATTENDANCE"("COURSE_ID","STUDENT_ID","ABSENCE_TIME") VALUES (48,'2015312913',0);
INSERT INTO "ATTENDANCE"("COURSE_ID","STUDENT_ID","ABSENCE_TIME") VALUES (58,'2019038282',0);
INSERT INTO "ATTENDANCE"("COURSE_ID","STUDENT_ID","ABSENCE_TIME") VALUES (33,'2019628534',0);
INSERT INTO "ATTENDANCE"("COURSE_ID","STUDENT_ID","ABSENCE_TIME") VALUES (19,'2015384178',0);
INSERT INTO "ATTENDANCE"("COURSE_ID","STUDENT_ID","ABSENCE_TIME") VALUES (71,'2018164815',0);
INSERT INTO "ATTENDANCE"("COURSE_ID","STUDENT_ID","ABSENCE_TIME") VALUES (36,'2019038282',0);
INSERT INTO "ATTENDANCE"("COURSE_ID","STUDENT_ID","ABSENCE_TIME") VALUES (53,'2018761812',0);
INSERT INTO "ATTENDANCE"("COURSE_ID","STUDENT_ID","ABSENCE_TIME") VALUES (46,'2016572581',0);
INSERT INTO "ATTENDANCE"("COURSE_ID","STUDENT_ID","ABSENCE_TIME") VALUES (3,'2017121281',0);
INSERT INTO "ATTENDANCE"("COURSE_ID","STUDENT_ID","ABSENCE_TIME") VALUES (35,'2016900865',9);
INSERT INTO "ATTENDANCE"("COURSE_ID","STUDENT_ID","ABSENCE_TIME") VALUES (43,'2017121281',0);
INSERT INTO "ATTENDANCE"("COURSE_ID","STUDENT_ID","ABSENCE_TIME") VALUES (13,'2015161973',0);
INSERT INTO "ATTENDANCE"("COURSE_ID","STUDENT_ID","ABSENCE_TIME") VALUES (28,'2017790956',0);
INSERT INTO "ATTENDANCE"("COURSE_ID","STUDENT_ID","ABSENCE_TIME") VALUES (35,'2015826516',0);
INSERT INTO "ATTENDANCE"("COURSE_ID","STUDENT_ID","ABSENCE_TIME") VALUES (0,'2015384178',0);
INSERT INTO "ATTENDANCE"("COURSE_ID","STUDENT_ID","ABSENCE_TIME") VALUES (12,'2019814089',0);
INSERT INTO "ATTENDANCE"("COURSE_ID","STUDENT_ID","ABSENCE_TIME") VALUES (51,'2017588712',0);
INSERT INTO "ATTENDANCE"("COURSE_ID","STUDENT_ID","ABSENCE_TIME") VALUES (30,'2018761812',9);
INSERT INTO "ATTENDANCE"("COURSE_ID","STUDENT_ID","ABSENCE_TIME") VALUES (4,'2019525328',0);
INSERT INTO "ATTENDANCE"("COURSE_ID","STUDENT_ID","ABSENCE_TIME") VALUES (55,'2017294854',0);
INSERT INTO "ATTENDANCE"("COURSE_ID","STUDENT_ID","ABSENCE_TIME") VALUES (14,'2019628534',0);
INSERT INTO "ATTENDANCE"("COURSE_ID","STUDENT_ID","ABSENCE_TIME") VALUES (7,'2017588712',0);
INSERT INTO "ATTENDANCE"("COURSE_ID","STUDENT_ID","ABSENCE_TIME") VALUES (23,'2017790956',12);
INSERT INTO "ATTENDANCE"("COURSE_ID","STUDENT_ID","ABSENCE_TIME") VALUES (22,'2016900865',0);
INSERT INTO "ATTENDANCE"("COURSE_ID","STUDENT_ID","ABSENCE_TIME") VALUES (9,'2018853865',0);
INSERT INTO "ATTENDANCE"("COURSE_ID","STUDENT_ID","ABSENCE_TIME") VALUES (70,'2015161973',28);
INSERT INTO "ATTENDANCE"("COURSE_ID","STUDENT_ID","ABSENCE_TIME") VALUES (47,'2018400622',0);
INSERT INTO "ATTENDANCE"("COURSE_ID","STUDENT_ID","ABSENCE_TIME") VALUES (27,'2019234555',12);
INSERT INTO "ATTENDANCE"("COURSE_ID","STUDENT_ID","ABSENCE_TIME") VALUES (73,'2016635486',0);
INSERT INTO "ATTENDANCE"("COURSE_ID","STUDENT_ID","ABSENCE_TIME") VALUES (62,'2018853865',0);
INSERT INTO "ATTENDANCE"("COURSE_ID","STUDENT_ID","ABSENCE_TIME") VALUES (73,'2016900865',6);
INSERT INTO "ATTENDANCE"("COURSE_ID","STUDENT_ID","ABSENCE_TIME") VALUES (1,'2016596487',0);
INSERT INTO "ATTENDANCE"("COURSE_ID","STUDENT_ID","ABSENCE_TIME") VALUES (56,'2015312913',0);
INSERT INTO "ATTENDANCE"("COURSE_ID","STUDENT_ID","ABSENCE_TIME") VALUES (51,'2018671463',19);
INSERT INTO "ATTENDANCE"("COURSE_ID","STUDENT_ID","ABSENCE_TIME") VALUES (8,'2016635486',0);
INSERT INTO "ATTENDANCE"("COURSE_ID","STUDENT_ID","ABSENCE_TIME") VALUES (13,'2019038282',9);
INSERT INTO "ATTENDANCE"("COURSE_ID","STUDENT_ID","ABSENCE_TIME") VALUES (53,'2015527683',0);
INSERT INTO "ATTENDANCE"("COURSE_ID","STUDENT_ID","ABSENCE_TIME") VALUES (3,'2018164815',0);
INSERT INTO "ATTENDANCE"("COURSE_ID","STUDENT_ID","ABSENCE_TIME") VALUES (56,'2015826516',0);
INSERT INTO "ATTENDANCE"("COURSE_ID","STUDENT_ID","ABSENCE_TIME") VALUES (51,'2018164815',0);
INSERT INTO "ATTENDANCE"("COURSE_ID","STUDENT_ID","ABSENCE_TIME") VALUES (39,'2016572581',0);
INSERT INTO "ATTENDANCE"("COURSE_ID","STUDENT_ID","ABSENCE_TIME") VALUES (15,'2019525328',0);
INSERT INTO "ATTENDANCE"("COURSE_ID","STUDENT_ID","ABSENCE_TIME") VALUES (62,'2018400622',0);
INSERT INTO "ATTENDANCE"("COURSE_ID","STUDENT_ID","ABSENCE_TIME") VALUES (1,'2018761812',0);
INSERT INTO "ATTENDANCE"("COURSE_ID","STUDENT_ID","ABSENCE_TIME") VALUES (46,'2019076372',0);
INSERT INTO "ATTENDANCE"("COURSE_ID","STUDENT_ID","ABSENCE_TIME") VALUES (34,'2015826516',0);
INSERT INTO "ATTENDANCE"("COURSE_ID","STUDENT_ID","ABSENCE_TIME") VALUES (65,'2017597496',0);
INSERT INTO "ATTENDANCE"("COURSE_ID","STUDENT_ID","ABSENCE_TIME") VALUES (72,'2015985825',28);
INSERT INTO "ATTENDANCE"("COURSE_ID","STUDENT_ID","ABSENCE_TIME") VALUES (49,'2019814089',0);
INSERT INTO "ATTENDANCE"("COURSE_ID","STUDENT_ID","ABSENCE_TIME") VALUES (26,'2019234555',0);
INSERT INTO "ATTENDANCE"("COURSE_ID","STUDENT_ID","ABSENCE_TIME") VALUES (7,'2015985825',0);
INSERT INTO "ATTENDANCE"("COURSE_ID","STUDENT_ID","ABSENCE_TIME") VALUES (18,'2015826516',0);
INSERT INTO "ATTENDANCE"("COURSE_ID","STUDENT_ID","ABSENCE_TIME") VALUES (4,'2016596487',9);
INSERT INTO "ATTENDANCE"("COURSE_ID","STUDENT_ID","ABSENCE_TIME") VALUES (22,'2019270655',9);
INSERT INTO "ATTENDANCE"("COURSE_ID","STUDENT_ID","ABSENCE_TIME") VALUES (49,'2019270655',0);
INSERT INTO "ATTENDANCE"("COURSE_ID","STUDENT_ID","ABSENCE_TIME") VALUES (29,'2017597496',0);
INSERT INTO "ATTENDANCE"("COURSE_ID","STUDENT_ID","ABSENCE_TIME") VALUES (10,'2016635486',0);
INSERT INTO "ATTENDANCE"("COURSE_ID","STUDENT_ID","ABSENCE_TIME") VALUES (5,'2019234555',0);
INSERT INTO "ATTENDANCE"("COURSE_ID","STUDENT_ID","ABSENCE_TIME") VALUES (6,'2017359985',0);
INSERT INTO "ATTENDANCE"("COURSE_ID","STUDENT_ID","ABSENCE_TIME") VALUES (63,'2017597496',0);
INSERT INTO "ATTENDANCE"("COURSE_ID","STUDENT_ID","ABSENCE_TIME") VALUES (4,'2019270655',0);
INSERT INTO "ATTENDANCE"("COURSE_ID","STUDENT_ID","ABSENCE_TIME") VALUES (65,'2019814089',19);
INSERT INTO "ATTENDANCE"("COURSE_ID","STUDENT_ID","ABSENCE_TIME") VALUES (7,'2018400622',0);
INSERT INTO "ATTENDANCE"("COURSE_ID","STUDENT_ID","ABSENCE_TIME") VALUES (29,'2019270655',0);
INSERT INTO "ATTENDANCE"("COURSE_ID","STUDENT_ID","ABSENCE_TIME") VALUES (26,'2016900865',0);
INSERT INTO "ATTENDANCE"("COURSE_ID","STUDENT_ID","ABSENCE_TIME") VALUES (40,'2019270655',0);
INSERT INTO "ATTENDANCE"("COURSE_ID","STUDENT_ID","ABSENCE_TIME") VALUES (25,'2017412721',0);
INSERT INTO "ATTENDANCE"("COURSE_ID","STUDENT_ID","ABSENCE_TIME") VALUES (6,'2019814089',0);
INSERT INTO "ATTENDANCE"("COURSE_ID","STUDENT_ID","ABSENCE_TIME") VALUES (56,'2018164815',0);
INSERT INTO "ATTENDANCE"("COURSE_ID","STUDENT_ID","ABSENCE_TIME") VALUES (41,'2015985825',0);
INSERT INTO "ATTENDANCE"("COURSE_ID","STUDENT_ID","ABSENCE_TIME") VALUES (10,'2017790956',0);
INSERT INTO "ATTENDANCE"("COURSE_ID","STUDENT_ID","ABSENCE_TIME") VALUES (43,'2019628534',0);
INSERT INTO "ATTENDANCE"("COURSE_ID","STUDENT_ID","ABSENCE_TIME") VALUES (51,'2015826516',0);
INSERT INTO "ATTENDANCE"("COURSE_ID","STUDENT_ID","ABSENCE_TIME") VALUES (64,'2019234555',0);
INSERT INTO "ATTENDANCE"("COURSE_ID","STUDENT_ID","ABSENCE_TIME") VALUES (50,'2015161973',0);
INSERT INTO "ATTENDANCE"("COURSE_ID","STUDENT_ID","ABSENCE_TIME") VALUES (61,'2017121281',0);
INSERT INTO "ATTENDANCE"("COURSE_ID","STUDENT_ID","ABSENCE_TIME") VALUES (14,'2017412721',0);
INSERT INTO "ATTENDANCE"("COURSE_ID","STUDENT_ID","ABSENCE_TIME") VALUES (7,'2015161973',0);
INSERT INTO "ATTENDANCE"("COURSE_ID","STUDENT_ID","ABSENCE_TIME") VALUES (45,'2015826516',0);
INSERT INTO "ATTENDANCE"("COURSE_ID","STUDENT_ID","ABSENCE_TIME") VALUES (22,'2017588712',16);
INSERT INTO "ATTENDANCE"("COURSE_ID","STUDENT_ID","ABSENCE_TIME") VALUES (24,'2017588712',0);
INSERT INTO "ATTENDANCE"("COURSE_ID","STUDENT_ID","ABSENCE_TIME") VALUES (67,'2017359985',0);
INSERT INTO "ATTENDANCE"("COURSE_ID","STUDENT_ID","ABSENCE_TIME") VALUES (22,'2019814089',3);
INSERT INTO "ATTENDANCE"("COURSE_ID","STUDENT_ID","ABSENCE_TIME") VALUES (18,'2017588712',0);
INSERT INTO "ATTENDANCE"("COURSE_ID","STUDENT_ID","ABSENCE_TIME") VALUES (50,'2017790956',0);
INSERT INTO "ATTENDANCE"("COURSE_ID","STUDENT_ID","ABSENCE_TIME") VALUES (29,'2017412721',0);
INSERT INTO "ATTENDANCE"("COURSE_ID","STUDENT_ID","ABSENCE_TIME") VALUES (22,'2017121281',0);
INSERT INTO "ATTENDANCE"("COURSE_ID","STUDENT_ID","ABSENCE_TIME") VALUES (44,'2017790956',0);
INSERT INTO "ATTENDANCE"("COURSE_ID","STUDENT_ID","ABSENCE_TIME") VALUES (37,'2019076372',0);
INSERT INTO "ATTENDANCE"("COURSE_ID","STUDENT_ID","ABSENCE_TIME") VALUES (30,'2019525328',0);
INSERT INTO "ATTENDANCE"("COURSE_ID","STUDENT_ID","ABSENCE_TIME") VALUES (9,'2017588712',0);
INSERT INTO "ATTENDANCE"("COURSE_ID","STUDENT_ID","ABSENCE_TIME") VALUES (52,'2017121281',0);
INSERT INTO "ATTENDANCE"("COURSE_ID","STUDENT_ID","ABSENCE_TIME") VALUES (44,'2019814089',0);
INSERT INTO "ATTENDANCE"("COURSE_ID","STUDENT_ID","ABSENCE_TIME") VALUES (56,'2017597496',9);
INSERT INTO "ATTENDANCE"("COURSE_ID","STUDENT_ID","ABSENCE_TIME") VALUES (26,'2017121281',0);
INSERT INTO "ATTENDANCE"("COURSE_ID","STUDENT_ID","ABSENCE_TIME") VALUES (32,'2019234555',0);
INSERT INTO "ATTENDANCE"("COURSE_ID","STUDENT_ID","ABSENCE_TIME") VALUES (55,'2019628534',0);
INSERT INTO "ATTENDANCE"("COURSE_ID","STUDENT_ID","ABSENCE_TIME") VALUES (38,'2017412721',0);
INSERT INTO "ATTENDANCE"("COURSE_ID","STUDENT_ID","ABSENCE_TIME") VALUES (13,'2018761812',0);
INSERT INTO "ATTENDANCE"("COURSE_ID","STUDENT_ID","ABSENCE_TIME") VALUES (39,'2018761812',9);
INSERT INTO "ATTENDANCE"("COURSE_ID","STUDENT_ID","ABSENCE_TIME") VALUES (16,'2017790956',0);
INSERT INTO "ATTENDANCE"("COURSE_ID","STUDENT_ID","ABSENCE_TIME") VALUES (12,'2017580180',0);
INSERT INTO "ATTENDANCE"("COURSE_ID","STUDENT_ID","ABSENCE_TIME") VALUES (52,'2016635486',0);
INSERT INTO "ATTENDANCE"("COURSE_ID","STUDENT_ID","ABSENCE_TIME") VALUES (48,'2015384178',0);
INSERT INTO "ATTENDANCE"("COURSE_ID","STUDENT_ID","ABSENCE_TIME") VALUES (67,'2018400622',0);
INSERT INTO "ATTENDANCE"("COURSE_ID","STUDENT_ID","ABSENCE_TIME") VALUES (63,'2015384178',0);
INSERT INTO "ATTENDANCE"("COURSE_ID","STUDENT_ID","ABSENCE_TIME") VALUES (43,'2015826516',0);
INSERT INTO "ATTENDANCE"("COURSE_ID","STUDENT_ID","ABSENCE_TIME") VALUES (13,'2019525328',0);
INSERT INTO "ATTENDANCE"("COURSE_ID","STUDENT_ID","ABSENCE_TIME") VALUES (12,'2017294854',0);
INSERT INTO "ATTENDANCE"("COURSE_ID","STUDENT_ID","ABSENCE_TIME") VALUES (37,'2018164815',0);
INSERT INTO "ATTENDANCE"("COURSE_ID","STUDENT_ID","ABSENCE_TIME") VALUES (18,'2018671463',0);
INSERT INTO "ATTENDANCE"("COURSE_ID","STUDENT_ID","ABSENCE_TIME") VALUES (16,'2015527683',0);
INSERT INTO "ATTENDANCE"("COURSE_ID","STUDENT_ID","ABSENCE_TIME") VALUES (74,'2017597496',0);
INSERT INTO "ATTENDANCE"("COURSE_ID","STUDENT_ID","ABSENCE_TIME") VALUES (12,'2015161973',0);
INSERT INTO "ATTENDANCE"("COURSE_ID","STUDENT_ID","ABSENCE_TIME") VALUES (11,'2019628534',0);
INSERT INTO "ATTENDANCE"("COURSE_ID","STUDENT_ID","ABSENCE_TIME") VALUES (5,'2017359985',0);
INSERT INTO "ATTENDANCE"("COURSE_ID","STUDENT_ID","ABSENCE_TIME") VALUES (32,'2017121281',0);
INSERT INTO "ATTENDANCE"("COURSE_ID","STUDENT_ID","ABSENCE_TIME") VALUES (49,'2015985825',0);
INSERT INTO "ATTENDANCE"("COURSE_ID","STUDENT_ID","ABSENCE_TIME") VALUES (23,'2018400622',0);
INSERT INTO "ATTENDANCE"("COURSE_ID","STUDENT_ID","ABSENCE_TIME") VALUES (16,'2019234555',0);
INSERT INTO "ATTENDANCE"("COURSE_ID","STUDENT_ID","ABSENCE_TIME") VALUES (31,'2015527683',0);
INSERT INTO "ATTENDANCE"("COURSE_ID","STUDENT_ID","ABSENCE_TIME") VALUES (32,'2017359985',0);
INSERT INTO "ATTENDANCE"("COURSE_ID","STUDENT_ID","ABSENCE_TIME") VALUES (42,'2015384178',0);
INSERT INTO "ATTENDANCE"("COURSE_ID","STUDENT_ID","ABSENCE_TIME") VALUES (21,'2015985825',0);
INSERT INTO "ATTENDANCE"("COURSE_ID","STUDENT_ID","ABSENCE_TIME") VALUES (45,'2019234555',0);
INSERT INTO "ATTENDANCE"("COURSE_ID","STUDENT_ID","ABSENCE_TIME") VALUES (16,'2018671463',0);
INSERT INTO "ATTENDANCE"("COURSE_ID","STUDENT_ID","ABSENCE_TIME") VALUES (8,'2018164815',0);
INSERT INTO "ATTENDANCE"("COURSE_ID","STUDENT_ID","ABSENCE_TIME") VALUES (73,'2019525328',6);
INSERT INTO "ATTENDANCE"("COURSE_ID","STUDENT_ID","ABSENCE_TIME") VALUES (15,'2017588712',0);
INSERT INTO "ATTENDANCE"("COURSE_ID","STUDENT_ID","ABSENCE_TIME") VALUES (49,'2017412721',0);
INSERT INTO "ATTENDANCE"("COURSE_ID","STUDENT_ID","ABSENCE_TIME") VALUES (20,'2019628534',0);
INSERT INTO "ATTENDANCE"("COURSE_ID","STUDENT_ID","ABSENCE_TIME") VALUES (52,'2016596487',0);
INSERT INTO "ATTENDANCE"("COURSE_ID","STUDENT_ID","ABSENCE_TIME") VALUES (2,'2015826516',0);
INSERT INTO "ATTENDANCE"("COURSE_ID","STUDENT_ID","ABSENCE_TIME") VALUES (57,'2019038282',0);
INSERT INTO "ATTENDANCE"("COURSE_ID","STUDENT_ID","ABSENCE_TIME") VALUES (74,'2016596487',0);
INSERT INTO "ATTENDANCE"("COURSE_ID","STUDENT_ID","ABSENCE_TIME") VALUES (41,'2016900865',0);
INSERT INTO "ATTENDANCE"("COURSE_ID","STUDENT_ID","ABSENCE_TIME") VALUES (10,'2017412721',0);
INSERT INTO "ATTENDANCE"("COURSE_ID","STUDENT_ID","ABSENCE_TIME") VALUES (20,'2019234555',0);
INSERT INTO "ATTENDANCE"("COURSE_ID","STUDENT_ID","ABSENCE_TIME") VALUES (3,'2016596487',0);
INSERT INTO "ATTENDANCE"("COURSE_ID","STUDENT_ID","ABSENCE_TIME") VALUES (50,'2019038282',0);
INSERT INTO "ATTENDANCE"("COURSE_ID","STUDENT_ID","ABSENCE_TIME") VALUES (13,'2018400622',0);
INSERT INTO "ATTENDANCE"("COURSE_ID","STUDENT_ID","ABSENCE_TIME") VALUES (49,'2017588712',0);
INSERT INTO "ATTENDANCE"("COURSE_ID","STUDENT_ID","ABSENCE_TIME") VALUES (62,'2017588712',0);
INSERT INTO "ATTENDANCE"("COURSE_ID","STUDENT_ID","ABSENCE_TIME") VALUES (72,'2015312913',0);
INSERT INTO "ATTENDANCE"("COURSE_ID","STUDENT_ID","ABSENCE_TIME") VALUES (32,'2015312913',0);
INSERT INTO "ATTENDANCE"("COURSE_ID","STUDENT_ID","ABSENCE_TIME") VALUES (46,'2018761812',0);
INSERT INTO "ATTENDANCE"("COURSE_ID","STUDENT_ID","ABSENCE_TIME") VALUES (46,'2019814089',0);
INSERT INTO "ATTENDANCE"("COURSE_ID","STUDENT_ID","ABSENCE_TIME") VALUES (7,'2016572581',9);
INSERT INTO "ATTENDANCE"("COURSE_ID","STUDENT_ID","ABSENCE_TIME") VALUES (50,'2015384178',0);
INSERT INTO "ATTENDANCE"("COURSE_ID","STUDENT_ID","ABSENCE_TIME") VALUES (51,'2017597496',0);
INSERT INTO "ATTENDANCE"("COURSE_ID","STUDENT_ID","ABSENCE_TIME") VALUES (58,'2018164815',0);
INSERT INTO "ATTENDANCE"("COURSE_ID","STUDENT_ID","ABSENCE_TIME") VALUES (52,'2017597496',0);
INSERT INTO "ATTENDANCE"("COURSE_ID","STUDENT_ID","ABSENCE_TIME") VALUES (68,'2015826516',0);
INSERT INTO "ATTENDANCE"("COURSE_ID","STUDENT_ID","ABSENCE_TIME") VALUES (31,'2018164815',0);
INSERT INTO "ATTENDANCE"("COURSE_ID","STUDENT_ID","ABSENCE_TIME") VALUES (66,'2018761812',19);
INSERT INTO "ATTENDANCE"("COURSE_ID","STUDENT_ID","ABSENCE_TIME") VALUES (27,'2018164815',0);
INSERT INTO "ATTENDANCE"("COURSE_ID","STUDENT_ID","ABSENCE_TIME") VALUES (18,'2018853865',0);
INSERT INTO "ATTENDANCE"("COURSE_ID","STUDENT_ID","ABSENCE_TIME") VALUES (58,'2016900865',0);
INSERT INTO "ATTENDANCE"("COURSE_ID","STUDENT_ID","ABSENCE_TIME") VALUES (60,'2019076372',0);
INSERT INTO "ATTENDANCE"("COURSE_ID","STUDENT_ID","ABSENCE_TIME") VALUES (6,'2015826516',9);
INSERT INTO "ATTENDANCE"("COURSE_ID","STUDENT_ID","ABSENCE_TIME") VALUES (22,'2017359985',0);
INSERT INTO "ATTENDANCE"("COURSE_ID","STUDENT_ID","ABSENCE_TIME") VALUES (54,'2019270655',0);
INSERT INTO "ATTENDANCE"("COURSE_ID","STUDENT_ID","ABSENCE_TIME") VALUES (24,'2017412721',0);
INSERT INTO "ATTENDANCE"("COURSE_ID","STUDENT_ID","ABSENCE_TIME") VALUES (15,'2015985825',0);
INSERT INTO "ATTENDANCE"("COURSE_ID","STUDENT_ID","ABSENCE_TIME") VALUES (7,'2015312913',0);
INSERT INTO "ATTENDANCE"("COURSE_ID","STUDENT_ID","ABSENCE_TIME") VALUES (24,'2016900865',0);
INSERT INTO "ATTENDANCE"("COURSE_ID","STUDENT_ID","ABSENCE_TIME") VALUES (53,'2017588712',0);
INSERT INTO "ATTENDANCE"("COURSE_ID","STUDENT_ID","ABSENCE_TIME") VALUES (52,'2017294854',0);
INSERT INTO "ATTENDANCE"("COURSE_ID","STUDENT_ID","ABSENCE_TIME") VALUES (70,'2015384178',0);
INSERT INTO "ATTENDANCE"("COURSE_ID","STUDENT_ID","ABSENCE_TIME") VALUES (17,'2015384178',9);
INSERT INTO "ATTENDANCE"("COURSE_ID","STUDENT_ID","ABSENCE_TIME") VALUES (56,'2019234555',0);
INSERT INTO "ATTENDANCE"("COURSE_ID","STUDENT_ID","ABSENCE_TIME") VALUES (44,'2016572581',0);
INSERT INTO "ATTENDANCE"("COURSE_ID","STUDENT_ID","ABSENCE_TIME") VALUES (28,'2019628534',0);
INSERT INTO "ATTENDANCE"("COURSE_ID","STUDENT_ID","ABSENCE_TIME") VALUES (68,'2017580180',0);
INSERT INTO "ATTENDANCE"("COURSE_ID","STUDENT_ID","ABSENCE_TIME") VALUES (48,'2015527683',9);
INSERT INTO "ATTENDANCE"("COURSE_ID","STUDENT_ID","ABSENCE_TIME") VALUES (36,'2018761812',9);
INSERT INTO "ATTENDANCE"("COURSE_ID","STUDENT_ID","ABSENCE_TIME") VALUES (3,'2015312913',0);
INSERT INTO "ATTENDANCE"("COURSE_ID","STUDENT_ID","ABSENCE_TIME") VALUES (13,'2015826516',9);
INSERT INTO "ATTENDANCE"("COURSE_ID","STUDENT_ID","ABSENCE_TIME") VALUES (28,'2015527683',12);
INSERT INTO "ATTENDANCE"("COURSE_ID","STUDENT_ID","ABSENCE_TIME") VALUES (63,'2016900865',0);
INSERT INTO "ATTENDANCE"("COURSE_ID","STUDENT_ID","ABSENCE_TIME") VALUES (27,'2017359985',0);
INSERT INTO "ATTENDANCE"("COURSE_ID","STUDENT_ID","ABSENCE_TIME") VALUES (4,'2018761812',0);
INSERT INTO "ATTENDANCE"("COURSE_ID","STUDENT_ID","ABSENCE_TIME") VALUES (33,'2017359985',0);
INSERT INTO "ATTENDANCE"("COURSE_ID","STUDENT_ID","ABSENCE_TIME") VALUES (21,'2019628534',0);
INSERT INTO "ATTENDANCE"("COURSE_ID","STUDENT_ID","ABSENCE_TIME") VALUES (70,'2019038282',0);
INSERT INTO "ATTENDANCE"("COURSE_ID","STUDENT_ID","ABSENCE_TIME") VALUES (44,'2017588712',0);
INSERT INTO "ATTENDANCE"("COURSE_ID","STUDENT_ID","ABSENCE_TIME") VALUES (20,'2016596487',0);
INSERT INTO "ATTENDANCE"("COURSE_ID","STUDENT_ID","ABSENCE_TIME") VALUES (74,'2017121281',6);
INSERT INTO "ATTENDANCE"("COURSE_ID","STUDENT_ID","ABSENCE_TIME") VALUES (16,'2015312913',19);
INSERT INTO "ATTENDANCE"("COURSE_ID","STUDENT_ID","ABSENCE_TIME") VALUES (47,'2017588712',0);
INSERT INTO "ATTENDANCE"("COURSE_ID","STUDENT_ID","ABSENCE_TIME") VALUES (15,'2017790956',0);
INSERT INTO "ATTENDANCE"("COURSE_ID","STUDENT_ID","ABSENCE_TIME") VALUES (15,'2017359985',0);
INSERT INTO "ATTENDANCE"("COURSE_ID","STUDENT_ID","ABSENCE_TIME") VALUES (73,'2015384178',0);
INSERT INTO "ATTENDANCE"("COURSE_ID","STUDENT_ID","ABSENCE_TIME") VALUES (65,'2018400622',0);
INSERT INTO "ATTENDANCE"("COURSE_ID","STUDENT_ID","ABSENCE_TIME") VALUES (37,'2017580180',0);
INSERT INTO "ATTENDANCE"("COURSE_ID","STUDENT_ID","ABSENCE_TIME") VALUES (44,'2017412721',0);
INSERT INTO "ATTENDANCE"("COURSE_ID","STUDENT_ID","ABSENCE_TIME") VALUES (22,'2018853865',0);
INSERT INTO "ATTENDANCE"("COURSE_ID","STUDENT_ID","ABSENCE_TIME") VALUES (29,'2015384178',0);
INSERT INTO "ATTENDANCE"("COURSE_ID","STUDENT_ID","ABSENCE_TIME") VALUES (57,'2015985825',0);
INSERT INTO "ATTENDANCE"("COURSE_ID","STUDENT_ID","ABSENCE_TIME") VALUES (4,'2015312913',0);
INSERT INTO "ATTENDANCE"("COURSE_ID","STUDENT_ID","ABSENCE_TIME") VALUES (32,'2017597496',12);
INSERT INTO "ATTENDANCE"("COURSE_ID","STUDENT_ID","ABSENCE_TIME") VALUES (38,'2019076372',0);
INSERT INTO "ATTENDANCE"("COURSE_ID","STUDENT_ID","ABSENCE_TIME") VALUES (60,'2015161973',0);
INSERT INTO "ATTENDANCE"("COURSE_ID","STUDENT_ID","ABSENCE_TIME") VALUES (17,'2019814089',0);
INSERT INTO "ATTENDANCE"("COURSE_ID","STUDENT_ID","ABSENCE_TIME") VALUES (9,'2017359985',0);
INSERT INTO "ATTENDANCE"("COURSE_ID","STUDENT_ID","ABSENCE_TIME") VALUES (72,'2019234555',38);
INSERT INTO "ATTENDANCE"("COURSE_ID","STUDENT_ID","ABSENCE_TIME") VALUES (10,'2015384178',9);
INSERT INTO "ATTENDANCE"("COURSE_ID","STUDENT_ID","ABSENCE_TIME") VALUES (1,'2019628534',12);
INSERT INTO "ATTENDANCE"("COURSE_ID","STUDENT_ID","ABSENCE_TIME") VALUES (49,'2019038282',0);
INSERT INTO "ATTENDANCE"("COURSE_ID","STUDENT_ID","ABSENCE_TIME") VALUES (26,'2018400622',0);
INSERT INTO "ATTENDANCE"("COURSE_ID","STUDENT_ID","ABSENCE_TIME") VALUES (43,'2019270655',0);
INSERT INTO "ATTENDANCE"("COURSE_ID","STUDENT_ID","ABSENCE_TIME") VALUES (11,'2015527683',0);
INSERT INTO "ATTENDANCE"("COURSE_ID","STUDENT_ID","ABSENCE_TIME") VALUES (23,'2018853865',0);
INSERT INTO "ATTENDANCE"("COURSE_ID","STUDENT_ID","ABSENCE_TIME") VALUES (73,'2015161973',0);
INSERT INTO "ATTENDANCE"("COURSE_ID","STUDENT_ID","ABSENCE_TIME") VALUES (0,'2019270655',6);
INSERT INTO "ATTENDANCE"("COURSE_ID","STUDENT_ID","ABSENCE_TIME") VALUES (62,'2017294854',9);
INSERT INTO "ATTENDANCE"("COURSE_ID","STUDENT_ID","ABSENCE_TIME") VALUES (66,'2018853865',0);
INSERT INTO "ATTENDANCE"("COURSE_ID","STUDENT_ID","ABSENCE_TIME") VALUES (41,'2019628534',0);
INSERT INTO "ATTENDANCE"("COURSE_ID","STUDENT_ID","ABSENCE_TIME") VALUES (69,'2015312913',0);
INSERT INTO "ATTENDANCE"("COURSE_ID","STUDENT_ID","ABSENCE_TIME") VALUES (41,'2017121281',0);
INSERT INTO "ATTENDANCE"("COURSE_ID","STUDENT_ID","ABSENCE_TIME") VALUES (55,'2019270655',9);
INSERT INTO "ATTENDANCE"("COURSE_ID","STUDENT_ID","ABSENCE_TIME") VALUES (9,'2017790956',0);
INSERT INTO "ATTENDANCE"("COURSE_ID","STUDENT_ID","ABSENCE_TIME") VALUES (8,'2015527683',0);
INSERT INTO "ATTENDANCE"("COURSE_ID","STUDENT_ID","ABSENCE_TIME") VALUES (3,'2019038282',0);
INSERT INTO "ATTENDANCE"("COURSE_ID","STUDENT_ID","ABSENCE_TIME") VALUES (40,'2019234555',0);
INSERT INTO "ATTENDANCE"("COURSE_ID","STUDENT_ID","ABSENCE_TIME") VALUES (55,'2018164815',0);
INSERT INTO "ATTENDANCE"("COURSE_ID","STUDENT_ID","ABSENCE_TIME") VALUES (21,'2017790956',0);
INSERT INTO "ATTENDANCE"("COURSE_ID","STUDENT_ID","ABSENCE_TIME") VALUES (59,'2019076372',0);
INSERT INTO "ATTENDANCE"("COURSE_ID","STUDENT_ID","ABSENCE_TIME") VALUES (2,'2018853865',0);
INSERT INTO "ATTENDANCE"("COURSE_ID","STUDENT_ID","ABSENCE_TIME") VALUES (66,'2015826516',0);
INSERT INTO "ATTENDANCE"("COURSE_ID","STUDENT_ID","ABSENCE_TIME") VALUES (21,'2018164815',0);
INSERT INTO "ATTENDANCE"("COURSE_ID","STUDENT_ID","ABSENCE_TIME") VALUES (16,'2018400622',0);
INSERT INTO "ATTENDANCE"("COURSE_ID","STUDENT_ID","ABSENCE_TIME") VALUES (11,'2018164815',0);
INSERT INTO "ATTENDANCE"("COURSE_ID","STUDENT_ID","ABSENCE_TIME") VALUES (26,'2019628534',0);
INSERT INTO "ATTENDANCE"("COURSE_ID","STUDENT_ID","ABSENCE_TIME") VALUES (51,'2018400622',9);
INSERT INTO "ATTENDANCE"("COURSE_ID","STUDENT_ID","ABSENCE_TIME") VALUES (27,'2017790956',0);
INSERT INTO "ATTENDANCE"("COURSE_ID","STUDENT_ID","ABSENCE_TIME") VALUES (61,'2019628534',0);
INSERT INTO "ATTENDANCE"("COURSE_ID","STUDENT_ID","ABSENCE_TIME") VALUES (30,'2018853865',6);
INSERT INTO "ATTENDANCE"("COURSE_ID","STUDENT_ID","ABSENCE_TIME") VALUES (54,'2016900865',0);
INSERT INTO "ATTENDANCE"("COURSE_ID","STUDENT_ID","ABSENCE_TIME") VALUES (6,'2015985825',0);
INSERT INTO "ATTENDANCE"("COURSE_ID","STUDENT_ID","ABSENCE_TIME") VALUES (36,'2018164815',0);
INSERT INTO "ATTENDANCE"("COURSE_ID","STUDENT_ID","ABSENCE_TIME") VALUES (39,'2017359985',0);
INSERT INTO "ATTENDANCE"("COURSE_ID","STUDENT_ID","ABSENCE_TIME") VALUES (31,'2018400622',0);
INSERT INTO "ATTENDANCE"("COURSE_ID","STUDENT_ID","ABSENCE_TIME") VALUES (30,'2016635486',0);
INSERT INTO "ATTENDANCE"("COURSE_ID","STUDENT_ID","ABSENCE_TIME") VALUES (57,'2018400622',9);
INSERT INTO "ATTENDANCE"("COURSE_ID","STUDENT_ID","ABSENCE_TIME") VALUES (3,'2018400622',0);
INSERT INTO "ATTENDANCE"("COURSE_ID","STUDENT_ID","ABSENCE_TIME") VALUES (42,'2019076372',0);
INSERT INTO "ATTENDANCE"("COURSE_ID","STUDENT_ID","ABSENCE_TIME") VALUES (34,'2016572581',0);
INSERT INTO "ATTENDANCE"("COURSE_ID","STUDENT_ID","ABSENCE_TIME") VALUES (28,'2017359985',0);
INSERT INTO "ATTENDANCE"("COURSE_ID","STUDENT_ID","ABSENCE_TIME") VALUES (15,'2018761812',9);
INSERT INTO "ATTENDANCE"("COURSE_ID","STUDENT_ID","ABSENCE_TIME") VALUES (12,'2016596487',0);
INSERT INTO "ATTENDANCE"("COURSE_ID","STUDENT_ID","ABSENCE_TIME") VALUES (16,'2015384178',9);
INSERT INTO "ATTENDANCE"("COURSE_ID","STUDENT_ID","ABSENCE_TIME") VALUES (16,'2015985825',19);
INSERT INTO "ATTENDANCE"("COURSE_ID","STUDENT_ID","ABSENCE_TIME") VALUES (35,'2017294854',0);
INSERT INTO "ATTENDANCE"("COURSE_ID","STUDENT_ID","ABSENCE_TIME") VALUES (62,'2019628534',0);
INSERT INTO "ATTENDANCE"("COURSE_ID","STUDENT_ID","ABSENCE_TIME") VALUES (61,'2017580180',0);
INSERT INTO "ATTENDANCE"("COURSE_ID","STUDENT_ID","ABSENCE_TIME") VALUES (1,'2016635486',25);
INSERT INTO "ATTENDANCE"("COURSE_ID","STUDENT_ID","ABSENCE_TIME") VALUES (59,'2017294854',0);
INSERT INTO "ATTENDANCE"("COURSE_ID","STUDENT_ID","ABSENCE_TIME") VALUES (42,'2017588712',0);
INSERT INTO "ATTENDANCE"("COURSE_ID","STUDENT_ID","ABSENCE_TIME") VALUES (34,'2015161973',0);
INSERT INTO "ATTENDANCE"("COURSE_ID","STUDENT_ID","ABSENCE_TIME") VALUES (46,'2016900865',0);
INSERT INTO "ATTENDANCE"("COURSE_ID","STUDENT_ID","ABSENCE_TIME") VALUES (39,'2019814089',0);
INSERT INTO "ATTENDANCE"("COURSE_ID","STUDENT_ID","ABSENCE_TIME") VALUES (37,'2015312913',9);
INSERT INTO "ATTENDANCE"("COURSE_ID","STUDENT_ID","ABSENCE_TIME") VALUES (19,'2017597496',9);
INSERT INTO "ATTENDANCE"("COURSE_ID","STUDENT_ID","ABSENCE_TIME") VALUES (44,'2015985825',0);
INSERT INTO "ATTENDANCE"("COURSE_ID","STUDENT_ID","ABSENCE_TIME") VALUES (73,'2018761812',0);
INSERT INTO "ATTENDANCE"("COURSE_ID","STUDENT_ID","ABSENCE_TIME") VALUES (15,'2018164815',38);
INSERT INTO "ATTENDANCE"("COURSE_ID","STUDENT_ID","ABSENCE_TIME") VALUES (50,'2017588712',0);
INSERT INTO "ATTENDANCE"("COURSE_ID","STUDENT_ID","ABSENCE_TIME") VALUES (35,'2017580180',0);
INSERT INTO "ATTENDANCE"("COURSE_ID","STUDENT_ID","ABSENCE_TIME") VALUES (59,'2016572581',0);
INSERT INTO "ATTENDANCE"("COURSE_ID","STUDENT_ID","ABSENCE_TIME") VALUES (71,'2017412721',0);
INSERT INTO "ATTENDANCE"("COURSE_ID","STUDENT_ID","ABSENCE_TIME") VALUES (47,'2016635486',9);
INSERT INTO "ATTENDANCE"("COURSE_ID","STUDENT_ID","ABSENCE_TIME") VALUES (2,'2018671463',0);
INSERT INTO "ATTENDANCE"("COURSE_ID","STUDENT_ID","ABSENCE_TIME") VALUES (68,'2019234555',0);
INSERT INTO "ATTENDANCE"("COURSE_ID","STUDENT_ID","ABSENCE_TIME") VALUES (61,'2016635486',9);
INSERT INTO "ATTENDANCE"("COURSE_ID","STUDENT_ID","ABSENCE_TIME") VALUES (55,'2019038282',0);
INSERT INTO "ATTENDANCE"("COURSE_ID","STUDENT_ID","ABSENCE_TIME") VALUES (11,'2016572581',0);
INSERT INTO "ATTENDANCE"("COURSE_ID","STUDENT_ID","ABSENCE_TIME") VALUES (63,'2018671463',0);
INSERT INTO "ATTENDANCE"("COURSE_ID","STUDENT_ID","ABSENCE_TIME") VALUES (14,'2016596487',0);
INSERT INTO "ATTENDANCE"("COURSE_ID","STUDENT_ID","ABSENCE_TIME") VALUES (42,'2018853865',9);
INSERT INTO "ATTENDANCE"("COURSE_ID","STUDENT_ID","ABSENCE_TIME") VALUES (61,'2018671463',0);
INSERT INTO "ATTENDANCE"("COURSE_ID","STUDENT_ID","ABSENCE_TIME") VALUES (24,'2017790956',0);
INSERT INTO "ATTENDANCE"("COURSE_ID","STUDENT_ID","ABSENCE_TIME") VALUES (27,'2017121281',0);
INSERT INTO "ATTENDANCE"("COURSE_ID","STUDENT_ID","ABSENCE_TIME") VALUES (66,'2016900865',0);
INSERT INTO "ATTENDANCE"("COURSE_ID","STUDENT_ID","ABSENCE_TIME") VALUES (57,'2018761812',38);
INSERT INTO "ATTENDANCE"("COURSE_ID","STUDENT_ID","ABSENCE_TIME") VALUES (63,'2018761812',0);
INSERT INTO "ATTENDANCE"("COURSE_ID","STUDENT_ID","ABSENCE_TIME") VALUES (13,'2017580180',0);
INSERT INTO "ATTENDANCE"("COURSE_ID","STUDENT_ID","ABSENCE_TIME") VALUES (67,'2019814089',0);
INSERT INTO "ATTENDANCE"("COURSE_ID","STUDENT_ID","ABSENCE_TIME") VALUES (41,'2019525328',38);
INSERT INTO "ATTENDANCE"("COURSE_ID","STUDENT_ID","ABSENCE_TIME") VALUES (72,'2017294854',0);
INSERT INTO "ATTENDANCE"("COURSE_ID","STUDENT_ID","ABSENCE_TIME") VALUES (16,'2019814089',0);
INSERT INTO "ATTENDANCE"("COURSE_ID","STUDENT_ID","ABSENCE_TIME") VALUES (64,'2019270655',48);
INSERT INTO "ATTENDANCE"("COURSE_ID","STUDENT_ID","ABSENCE_TIME") VALUES (55,'2016635486',0);
INSERT INTO "ATTENDANCE"("COURSE_ID","STUDENT_ID","ABSENCE_TIME") VALUES (54,'2015985825',0);
INSERT INTO "ATTENDANCE"("COURSE_ID","STUDENT_ID","ABSENCE_TIME") VALUES (8,'2018761812',0);
INSERT INTO "ATTENDANCE"("COURSE_ID","STUDENT_ID","ABSENCE_TIME") VALUES (4,'2016635486',0);
INSERT INTO "ATTENDANCE"("COURSE_ID","STUDENT_ID","ABSENCE_TIME") VALUES (38,'2016900865',0);
INSERT INTO "ATTENDANCE"("COURSE_ID","STUDENT_ID","ABSENCE_TIME") VALUES (31,'2015826516',0);
INSERT INTO "ATTENDANCE"("COURSE_ID","STUDENT_ID","ABSENCE_TIME") VALUES (33,'2018164815',0);
INSERT INTO "ATTENDANCE"("COURSE_ID","STUDENT_ID","ABSENCE_TIME") VALUES (65,'2017412721',0);
INSERT INTO "ATTENDANCE"("COURSE_ID","STUDENT_ID","ABSENCE_TIME") VALUES (22,'2017790956',0);
INSERT INTO "ATTENDANCE"("COURSE_ID","STUDENT_ID","ABSENCE_TIME") VALUES (37,'2019038282',9);
INSERT INTO "ATTENDANCE"("COURSE_ID","STUDENT_ID","ABSENCE_TIME") VALUES (44,'2019628534',0);
INSERT INTO "ATTENDANCE"("COURSE_ID","STUDENT_ID","ABSENCE_TIME") VALUES (17,'2016635486',0);
INSERT INTO "ATTENDANCE"("COURSE_ID","STUDENT_ID","ABSENCE_TIME") VALUES (67,'2015985825',0);
INSERT INTO "ATTENDANCE"("COURSE_ID","STUDENT_ID","ABSENCE_TIME") VALUES (29,'2016596487',3);
INSERT INTO "ATTENDANCE"("COURSE_ID","STUDENT_ID","ABSENCE_TIME") VALUES (61,'2016596487',0);
INSERT INTO "ATTENDANCE"("COURSE_ID","STUDENT_ID","ABSENCE_TIME") VALUES (10,'2018671463',0);
INSERT INTO "ATTENDANCE"("COURSE_ID","STUDENT_ID","ABSENCE_TIME") VALUES (57,'2015384178',0);
INSERT INTO "ATTENDANCE"("COURSE_ID","STUDENT_ID","ABSENCE_TIME") VALUES (29,'2017294854',0);
INSERT INTO "ATTENDANCE"("COURSE_ID","STUDENT_ID","ABSENCE_TIME") VALUES (24,'2018853865',0);
INSERT INTO "ATTENDANCE"("COURSE_ID","STUDENT_ID","ABSENCE_TIME") VALUES (72,'2019076372',0);
INSERT INTO "ATTENDANCE"("COURSE_ID","STUDENT_ID","ABSENCE_TIME") VALUES (53,'2015312913',0);
INSERT INTO "ATTENDANCE"("COURSE_ID","STUDENT_ID","ABSENCE_TIME") VALUES (66,'2017597496',38);
INSERT INTO "ATTENDANCE"("COURSE_ID","STUDENT_ID","ABSENCE_TIME") VALUES (11,'2017121281',0);
INSERT INTO "ATTENDANCE"("COURSE_ID","STUDENT_ID","ABSENCE_TIME") VALUES (40,'2015312913',0);
INSERT INTO "ATTENDANCE"("COURSE_ID","STUDENT_ID","ABSENCE_TIME") VALUES (46,'2015384178',0);
INSERT INTO "ATTENDANCE"("COURSE_ID","STUDENT_ID","ABSENCE_TIME") VALUES (52,'2019628534',0);
INSERT INTO "ATTENDANCE"("COURSE_ID","STUDENT_ID","ABSENCE_TIME") VALUES (73,'2015312913',0);
INSERT INTO "ATTENDANCE"("COURSE_ID","STUDENT_ID","ABSENCE_TIME") VALUES (21,'2016596487',0);
INSERT INTO "ATTENDANCE"("COURSE_ID","STUDENT_ID","ABSENCE_TIME") VALUES (21,'2018853865',0);
INSERT INTO "ATTENDANCE"("COURSE_ID","STUDENT_ID","ABSENCE_TIME") VALUES (56,'2016900865',0);
INSERT INTO "ATTENDANCE"("COURSE_ID","STUDENT_ID","ABSENCE_TIME") VALUES (19,'2018671463',0);
INSERT INTO "ATTENDANCE"("COURSE_ID","STUDENT_ID","ABSENCE_TIME") VALUES (57,'2017121281',0);
INSERT INTO "ATTENDANCE"("COURSE_ID","STUDENT_ID","ABSENCE_TIME") VALUES (51,'2017580180',9);
INSERT INTO "ATTENDANCE"("COURSE_ID","STUDENT_ID","ABSENCE_TIME") VALUES (24,'2019234555',0);
INSERT INTO "ATTENDANCE"("COURSE_ID","STUDENT_ID","ABSENCE_TIME") VALUES (50,'2016596487',28);
INSERT INTO "ATTENDANCE"("COURSE_ID","STUDENT_ID","ABSENCE_TIME") VALUES (71,'2016572581',0);
INSERT INTO "ATTENDANCE"("COURSE_ID","STUDENT_ID","ABSENCE_TIME") VALUES (69,'2017790956',0);
INSERT INTO "ATTENDANCE"("COURSE_ID","STUDENT_ID","ABSENCE_TIME") VALUES (39,'2015826516',0);
INSERT INTO "ATTENDANCE"("COURSE_ID","STUDENT_ID","ABSENCE_TIME") VALUES (70,'2018671463',0);
INSERT INTO "ATTENDANCE"("COURSE_ID","STUDENT_ID","ABSENCE_TIME") VALUES (2,'2015161973',0);
INSERT INTO "ATTENDANCE"("COURSE_ID","STUDENT_ID","ABSENCE_TIME") VALUES (45,'2018164815',0);
INSERT INTO "ATTENDANCE"("COURSE_ID","STUDENT_ID","ABSENCE_TIME") VALUES (48,'2019234555',0);
INSERT INTO "ATTENDANCE"("COURSE_ID","STUDENT_ID","ABSENCE_TIME") VALUES (58,'2019628534',9);
INSERT INTO "ATTENDANCE"("COURSE_ID","STUDENT_ID","ABSENCE_TIME") VALUES (34,'2017121281',0);
INSERT INTO "ATTENDANCE"("COURSE_ID","STUDENT_ID","ABSENCE_TIME") VALUES (18,'2018761812',19);
INSERT INTO "ATTENDANCE"("COURSE_ID","STUDENT_ID","ABSENCE_TIME") VALUES (10,'2016572581',0);
INSERT INTO "ATTENDANCE"("COURSE_ID","STUDENT_ID","ABSENCE_TIME") VALUES (64,'2019525328',0);
INSERT INTO "ATTENDANCE"("COURSE_ID","STUDENT_ID","ABSENCE_TIME") VALUES (34,'2017580180',0);
INSERT INTO "ATTENDANCE"("COURSE_ID","STUDENT_ID","ABSENCE_TIME") VALUES (71,'2017359985',0);
INSERT INTO "ATTENDANCE"("COURSE_ID","STUDENT_ID","ABSENCE_TIME") VALUES (60,'2018853865',0);
INSERT INTO "ATTENDANCE"("COURSE_ID","STUDENT_ID","ABSENCE_TIME") VALUES (26,'2015527683',0);
INSERT INTO "ATTENDANCE"("COURSE_ID","STUDENT_ID","ABSENCE_TIME") VALUES (58,'2017588712',0);
INSERT INTO "ATTENDANCE"("COURSE_ID","STUDENT_ID","ABSENCE_TIME") VALUES (8,'2017121281',19);
INSERT INTO "ATTENDANCE"("COURSE_ID","STUDENT_ID","ABSENCE_TIME") VALUES (8,'2019270655',19);
INSERT INTO "ATTENDANCE"("COURSE_ID","STUDENT_ID","ABSENCE_TIME") VALUES (6,'2018853865',0);
INSERT INTO "ATTENDANCE"("COURSE_ID","STUDENT_ID","ABSENCE_TIME") VALUES (58,'2017412721',0);
INSERT INTO "ATTENDANCE"("COURSE_ID","STUDENT_ID","ABSENCE_TIME") VALUES (32,'2019076372',0);
INSERT INTO "ATTENDANCE"("COURSE_ID","STUDENT_ID","ABSENCE_TIME") VALUES (70,'2017790956',0);
INSERT INTO "ATTENDANCE"("COURSE_ID","STUDENT_ID","ABSENCE_TIME") VALUES (37,'2018400622',0);
INSERT INTO "ATTENDANCE"("COURSE_ID","STUDENT_ID","ABSENCE_TIME") VALUES (36,'2019525328',0);
INSERT INTO "ATTENDANCE"("COURSE_ID","STUDENT_ID","ABSENCE_TIME") VALUES (37,'2016900865',0);
INSERT INTO "ATTENDANCE"("COURSE_ID","STUDENT_ID","ABSENCE_TIME") VALUES (18,'2019814089',0);
INSERT INTO "ATTENDANCE"("COURSE_ID","STUDENT_ID","ABSENCE_TIME") VALUES (70,'2015312913',38);
INSERT INTO "ATTENDANCE"("COURSE_ID","STUDENT_ID","ABSENCE_TIME") VALUES (40,'2017588712',0);
INSERT INTO "ATTENDANCE"("COURSE_ID","STUDENT_ID","ABSENCE_TIME") VALUES (48,'2018400622',0);
INSERT INTO "ATTENDANCE"("COURSE_ID","STUDENT_ID","ABSENCE_TIME") VALUES (35,'2017597496',0);
INSERT INTO "ATTENDANCE"("COURSE_ID","STUDENT_ID","ABSENCE_TIME") VALUES (61,'2019270655',0);
INSERT INTO "ATTENDANCE"("COURSE_ID","STUDENT_ID","ABSENCE_TIME") VALUES (5,'2017412721',0);
INSERT INTO "ATTENDANCE"("COURSE_ID","STUDENT_ID","ABSENCE_TIME") VALUES (7,'2019038282',0);
INSERT INTO "ATTENDANCE"("COURSE_ID","STUDENT_ID","ABSENCE_TIME") VALUES (64,'2017597496',0);
INSERT INTO "ATTENDANCE"("COURSE_ID","STUDENT_ID","ABSENCE_TIME") VALUES (52,'2017790956',9);
INSERT INTO "ATTENDANCE"("COURSE_ID","STUDENT_ID","ABSENCE_TIME") VALUES (74,'2015312913',0);
INSERT INTO "ATTENDANCE"("COURSE_ID","STUDENT_ID","ABSENCE_TIME") VALUES (62,'2016596487',0);
INSERT INTO "ATTENDANCE"("COURSE_ID","STUDENT_ID","ABSENCE_TIME") VALUES (0,'2018761812',0);
INSERT INTO "ATTENDANCE"("COURSE_ID","STUDENT_ID","ABSENCE_TIME") VALUES (15,'2016596487',0);
INSERT INTO "ATTENDANCE"("COURSE_ID","STUDENT_ID","ABSENCE_TIME") VALUES (14,'2017597496',0);
INSERT INTO "ATTENDANCE"("COURSE_ID","STUDENT_ID","ABSENCE_TIME") VALUES (73,'2019038282',0);
INSERT INTO "ATTENDANCE"("COURSE_ID","STUDENT_ID","ABSENCE_TIME") VALUES (21,'2017359985',0);
INSERT INTO "ATTENDANCE"("COURSE_ID","STUDENT_ID","ABSENCE_TIME") VALUES (59,'2019270655',0);
INSERT INTO "ATTENDANCE"("COURSE_ID","STUDENT_ID","ABSENCE_TIME") VALUES (23,'2016900865',0);
INSERT INTO "ATTENDANCE"("COURSE_ID","STUDENT_ID","ABSENCE_TIME") VALUES (28,'2018400622',0);
INSERT INTO "ATTENDANCE"("COURSE_ID","STUDENT_ID","ABSENCE_TIME") VALUES (53,'2017597496',0);
INSERT INTO "ATTENDANCE"("COURSE_ID","STUDENT_ID","ABSENCE_TIME") VALUES (13,'2018164815',9);
INSERT INTO "ATTENDANCE"("COURSE_ID","STUDENT_ID","ABSENCE_TIME") VALUES (32,'2017580180',12);
INSERT INTO "ATTENDANCE"("COURSE_ID","STUDENT_ID","ABSENCE_TIME") VALUES (41,'2015384178',0);
INSERT INTO "ATTENDANCE"("COURSE_ID","STUDENT_ID","ABSENCE_TIME") VALUES (59,'2015527683',9);
INSERT INTO "ATTENDANCE"("COURSE_ID","STUDENT_ID","ABSENCE_TIME") VALUES (43,'2016900865',0);
INSERT INTO "ATTENDANCE"("COURSE_ID","STUDENT_ID","ABSENCE_TIME") VALUES (40,'2019814089',48);
INSERT INTO "ATTENDANCE"("COURSE_ID","STUDENT_ID","ABSENCE_TIME") VALUES (68,'2018853865',0);
INSERT INTO "ATTENDANCE"("COURSE_ID","STUDENT_ID","ABSENCE_TIME") VALUES (47,'2019234555',0);
INSERT INTO "ATTENDANCE"("COURSE_ID","STUDENT_ID","ABSENCE_TIME") VALUES (49,'2019628534',9);
INSERT INTO "ATTENDANCE"("COURSE_ID","STUDENT_ID","ABSENCE_TIME") VALUES (15,'2016635486',0);
INSERT INTO "ATTENDANCE"("COURSE_ID","STUDENT_ID","ABSENCE_TIME") VALUES (37,'2017597496',9);
INSERT INTO "ATTENDANCE"("COURSE_ID","STUDENT_ID","ABSENCE_TIME") VALUES (2,'2016596487',0);
INSERT INTO "ATTENDANCE"("COURSE_ID","STUDENT_ID","ABSENCE_TIME") VALUES (8,'2015384178',0);
INSERT INTO "ATTENDANCE"("COURSE_ID","STUDENT_ID","ABSENCE_TIME") VALUES (69,'2015527683',9);
INSERT INTO "ATTENDANCE"("COURSE_ID","STUDENT_ID","ABSENCE_TIME") VALUES (37,'2017294854',0);
INSERT INTO "ATTENDANCE"("COURSE_ID","STUDENT_ID","ABSENCE_TIME") VALUES (26,'2016572581',0);
INSERT INTO "ATTENDANCE"("COURSE_ID","STUDENT_ID","ABSENCE_TIME") VALUES (21,'2015384178',0);
INSERT INTO "ATTENDANCE"("COURSE_ID","STUDENT_ID","ABSENCE_TIME") VALUES (71,'2016635486',0);
INSERT INTO "ATTENDANCE"("COURSE_ID","STUDENT_ID","ABSENCE_TIME") VALUES (51,'2019270655',0);
INSERT INTO "ATTENDANCE"("COURSE_ID","STUDENT_ID","ABSENCE_TIME") VALUES (28,'2017121281',0);
INSERT INTO "ATTENDANCE"("COURSE_ID","STUDENT_ID","ABSENCE_TIME") VALUES (55,'2019814089',0);
INSERT INTO "ATTENDANCE"("COURSE_ID","STUDENT_ID","ABSENCE_TIME") VALUES (62,'2019038282',0);
INSERT INTO "ATTENDANCE"("COURSE_ID","STUDENT_ID","ABSENCE_TIME") VALUES (31,'2018853865',0);
INSERT INTO "ATTENDANCE"("COURSE_ID","STUDENT_ID","ABSENCE_TIME") VALUES (64,'2017359985',0);
INSERT INTO "ATTENDANCE"("COURSE_ID","STUDENT_ID","ABSENCE_TIME") VALUES (3,'2017412721',0);
INSERT INTO "ATTENDANCE"("COURSE_ID","STUDENT_ID","ABSENCE_TIME") VALUES (3,'2016635486',0);
INSERT INTO "ATTENDANCE"("COURSE_ID","STUDENT_ID","ABSENCE_TIME") VALUES (44,'2016900865',0);
INSERT INTO "ATTENDANCE"("COURSE_ID","STUDENT_ID","ABSENCE_TIME") VALUES (14,'2015384178',48);
INSERT INTO "ATTENDANCE"("COURSE_ID","STUDENT_ID","ABSENCE_TIME") VALUES (46,'2017588712',0);
INSERT INTO "ATTENDANCE"("COURSE_ID","STUDENT_ID","ABSENCE_TIME") VALUES (63,'2018853865',0);
INSERT INTO "ATTENDANCE"("COURSE_ID","STUDENT_ID","ABSENCE_TIME") VALUES (0,'2015826516',0);
INSERT INTO "ATTENDANCE"("COURSE_ID","STUDENT_ID","ABSENCE_TIME") VALUES (60,'2019814089',9);
INSERT INTO "ATTENDANCE"("COURSE_ID","STUDENT_ID","ABSENCE_TIME") VALUES (43,'2018164815',0);
INSERT INTO "ATTENDANCE"("COURSE_ID","STUDENT_ID","ABSENCE_TIME") VALUES (56,'2016572581',0);
INSERT INTO "ATTENDANCE"("COURSE_ID","STUDENT_ID","ABSENCE_TIME") VALUES (30,'2017580180',0);
INSERT INTO "ATTENDANCE"("COURSE_ID","STUDENT_ID","ABSENCE_TIME") VALUES (56,'2015985825',0);
INSERT INTO "ATTENDANCE"("COURSE_ID","STUDENT_ID","ABSENCE_TIME") VALUES (8,'2017588712',9);
INSERT INTO "ATTENDANCE"("COURSE_ID","STUDENT_ID","ABSENCE_TIME") VALUES (38,'2015826516',0);
INSERT INTO "ATTENDANCE"("COURSE_ID","STUDENT_ID","ABSENCE_TIME") VALUES (2,'2019628534',0);
INSERT INTO "ATTENDANCE"("COURSE_ID","STUDENT_ID","ABSENCE_TIME") VALUES (52,'2018400622',0);
INSERT INTO "ATTENDANCE"("COURSE_ID","STUDENT_ID","ABSENCE_TIME") VALUES (42,'2018671463',9);
INSERT INTO "ATTENDANCE"("COURSE_ID","STUDENT_ID","ABSENCE_TIME") VALUES (57,'2018671463',0);
INSERT INTO "ATTENDANCE"("COURSE_ID","STUDENT_ID","ABSENCE_TIME") VALUES (2,'2017580180',0);
INSERT INTO "ATTENDANCE"("COURSE_ID","STUDENT_ID","ABSENCE_TIME") VALUES (46,'2017412721',19);
INSERT INTO "ATTENDANCE"("COURSE_ID","STUDENT_ID","ABSENCE_TIME") VALUES (24,'2015826516',0);
INSERT INTO "ATTENDANCE"("COURSE_ID","STUDENT_ID","ABSENCE_TIME") VALUES (57,'2019076372',19);
INSERT INTO "ATTENDANCE"("COURSE_ID","STUDENT_ID","ABSENCE_TIME") VALUES (63,'2015826516',0);
INSERT INTO "ATTENDANCE"("COURSE_ID","STUDENT_ID","ABSENCE_TIME") VALUES (16,'2017294854',0);
INSERT INTO "ATTENDANCE"("COURSE_ID","STUDENT_ID","ABSENCE_TIME") VALUES (74,'2019628534',6);
INSERT INTO "ATTENDANCE"("COURSE_ID","STUDENT_ID","ABSENCE_TIME") VALUES (27,'2016596487',0);
INSERT INTO "ATTENDANCE"("COURSE_ID","STUDENT_ID","ABSENCE_TIME") VALUES (51,'2015312913',9);
INSERT INTO "ATTENDANCE"("COURSE_ID","STUDENT_ID","ABSENCE_TIME") VALUES (56,'2017588712',0);
INSERT INTO "ATTENDANCE"("COURSE_ID","STUDENT_ID","ABSENCE_TIME") VALUES (45,'2017412721',0);
INSERT INTO "ATTENDANCE"("COURSE_ID","STUDENT_ID","ABSENCE_TIME") VALUES (27,'2019076372',0);
INSERT INTO "ATTENDANCE"("COURSE_ID","STUDENT_ID","ABSENCE_TIME") VALUES (40,'2018853865',0);
INSERT INTO "ATTENDANCE"("COURSE_ID","STUDENT_ID","ABSENCE_TIME") VALUES (21,'2019814089',0);
INSERT INTO "ATTENDANCE"("COURSE_ID","STUDENT_ID","ABSENCE_TIME") VALUES (46,'2017294854',0);
INSERT INTO "ATTENDANCE"("COURSE_ID","STUDENT_ID","ABSENCE_TIME") VALUES (58,'2016572581',0);
INSERT INTO "ATTENDANCE"("COURSE_ID","STUDENT_ID","ABSENCE_TIME") VALUES (64,'2017121281',0);
INSERT INTO "ATTENDANCE"("COURSE_ID","STUDENT_ID","ABSENCE_TIME") VALUES (30,'2019814089',0);
INSERT INTO "ATTENDANCE"("COURSE_ID","STUDENT_ID","ABSENCE_TIME") VALUES (64,'2016635486',0);
INSERT INTO "ATTENDANCE"("COURSE_ID","STUDENT_ID","ABSENCE_TIME") VALUES (13,'2016635486',38);
INSERT INTO "ATTENDANCE"("COURSE_ID","STUDENT_ID","ABSENCE_TIME") VALUES (4,'2015527683',0);
INSERT INTO "ATTENDANCE"("COURSE_ID","STUDENT_ID","ABSENCE_TIME") VALUES (35,'2019234555',0);
INSERT INTO "ATTENDANCE"("COURSE_ID","STUDENT_ID","ABSENCE_TIME") VALUES (6,'2017597496',0);
INSERT INTO "ATTENDANCE"("COURSE_ID","STUDENT_ID","ABSENCE_TIME") VALUES (33,'2017294854',0);
INSERT INTO "ATTENDANCE"("COURSE_ID","STUDENT_ID","ABSENCE_TIME") VALUES (29,'2016900865',3);
INSERT INTO "ATTENDANCE"("COURSE_ID","STUDENT_ID","ABSENCE_TIME") VALUES (55,'2018853865',9);
INSERT INTO "ATTENDANCE"("COURSE_ID","STUDENT_ID","ABSENCE_TIME") VALUES (47,'2019525328',0);
INSERT INTO "ATTENDANCE"("COURSE_ID","STUDENT_ID","ABSENCE_TIME") VALUES (30,'2019628534',0);
INSERT INTO "ATTENDANCE"("COURSE_ID","STUDENT_ID","ABSENCE_TIME") VALUES (36,'2015384178',0);
INSERT INTO "ATTENDANCE"("COURSE_ID","STUDENT_ID","ABSENCE_TIME") VALUES (71,'2016900865',19);
INSERT INTO "ATTENDANCE"("COURSE_ID","STUDENT_ID","ABSENCE_TIME") VALUES (40,'2016900865',0);
INSERT INTO "ATTENDANCE"("COURSE_ID","STUDENT_ID","ABSENCE_TIME") VALUES (37,'2017412721',0);
INSERT INTO "ATTENDANCE"("COURSE_ID","STUDENT_ID","ABSENCE_TIME") VALUES (37,'2016596487',0);
INSERT INTO "ATTENDANCE"("COURSE_ID","STUDENT_ID","ABSENCE_TIME") VALUES (62,'2017121281',0);
INSERT INTO "ATTENDANCE"("COURSE_ID","STUDENT_ID","ABSENCE_TIME") VALUES (26,'2019814089',0);
INSERT INTO "ATTENDANCE"("COURSE_ID","STUDENT_ID","ABSENCE_TIME") VALUES (3,'2017790956',0);
INSERT INTO "ATTENDANCE"("COURSE_ID","STUDENT_ID","ABSENCE_TIME") VALUES (26,'2018853865',0);
INSERT INTO "ATTENDANCE"("COURSE_ID","STUDENT_ID","ABSENCE_TIME") VALUES (74,'2015527683',0);
INSERT INTO "ATTENDANCE"("COURSE_ID","STUDENT_ID","ABSENCE_TIME") VALUES (11,'2019076372',0);
INSERT INTO "ATTENDANCE"("COURSE_ID","STUDENT_ID","ABSENCE_TIME") VALUES (9,'2015312913',0);
INSERT INTO "ATTENDANCE"("COURSE_ID","STUDENT_ID","ABSENCE_TIME") VALUES (36,'2017412721',0);
INSERT INTO "ATTENDANCE"("COURSE_ID","STUDENT_ID","ABSENCE_TIME") VALUES (21,'2017580180',0);
INSERT INTO "ATTENDANCE"("COURSE_ID","STUDENT_ID","ABSENCE_TIME") VALUES (22,'2017294854',0);
INSERT INTO "ATTENDANCE"("COURSE_ID","STUDENT_ID","ABSENCE_TIME") VALUES (9,'2015826516',9);
INSERT INTO "ATTENDANCE"("COURSE_ID","STUDENT_ID","ABSENCE_TIME") VALUES (69,'2019628534',0);
INSERT INTO "ATTENDANCE"("COURSE_ID","STUDENT_ID","ABSENCE_TIME") VALUES (6,'2019234555',0);
INSERT INTO "ATTENDANCE"("COURSE_ID","STUDENT_ID","ABSENCE_TIME") VALUES (26,'2017359985',0);
INSERT INTO "ATTENDANCE"("COURSE_ID","STUDENT_ID","ABSENCE_TIME") VALUES (41,'2019038282',0);
INSERT INTO "ATTENDANCE"("COURSE_ID","STUDENT_ID","ABSENCE_TIME") VALUES (72,'2016596487',0);
INSERT INTO "ATTENDANCE"("COURSE_ID","STUDENT_ID","ABSENCE_TIME") VALUES (2,'2019076372',0);
INSERT INTO "ATTENDANCE"("COURSE_ID","STUDENT_ID","ABSENCE_TIME") VALUES (25,'2018671463',6);
INSERT INTO "ATTENDANCE"("COURSE_ID","STUDENT_ID","ABSENCE_TIME") VALUES (38,'2017359985',0);
INSERT INTO "ATTENDANCE"("COURSE_ID","STUDENT_ID","ABSENCE_TIME") VALUES (12,'2015826516',0);
INSERT INTO "ATTENDANCE"("COURSE_ID","STUDENT_ID","ABSENCE_TIME") VALUES (12,'2017790956',0);
INSERT INTO "ATTENDANCE"("COURSE_ID","STUDENT_ID","ABSENCE_TIME") VALUES (24,'2018671463',0);
INSERT INTO "ATTENDANCE"("COURSE_ID","STUDENT_ID","ABSENCE_TIME") VALUES (5,'2018671463',9);
INSERT INTO "ATTENDANCE"("COURSE_ID","STUDENT_ID","ABSENCE_TIME") VALUES (54,'2018853865',0);
INSERT INTO "ATTENDANCE"("COURSE_ID","STUDENT_ID","ABSENCE_TIME") VALUES (70,'2016596487',28);
INSERT INTO "ATTENDANCE"("COURSE_ID","STUDENT_ID","ABSENCE_TIME") VALUES (66,'2019234555',9);
INSERT INTO "ATTENDANCE"("COURSE_ID","STUDENT_ID","ABSENCE_TIME") VALUES (53,'2019234555',9);
INSERT INTO "ATTENDANCE"("COURSE_ID","STUDENT_ID","ABSENCE_TIME") VALUES (14,'2019525328',0);
INSERT INTO "ATTENDANCE"("COURSE_ID","STUDENT_ID","ABSENCE_TIME") VALUES (13,'2017294854',0);
INSERT INTO "ATTENDANCE"("COURSE_ID","STUDENT_ID","ABSENCE_TIME") VALUES (43,'2016596487',0);
INSERT INTO "ATTENDANCE"("COURSE_ID","STUDENT_ID","ABSENCE_TIME") VALUES (49,'2018400622',0);
INSERT INTO "ATTENDANCE"("COURSE_ID","STUDENT_ID","ABSENCE_TIME") VALUES (25,'2017359985',0);
INSERT INTO "ATTENDANCE"("COURSE_ID","STUDENT_ID","ABSENCE_TIME") VALUES (67,'2016596487',0);
INSERT INTO "ATTENDANCE"("COURSE_ID","STUDENT_ID","ABSENCE_TIME") VALUES (68,'2018671463',0);
INSERT INTO "ATTENDANCE"("COURSE_ID","STUDENT_ID","ABSENCE_TIME") VALUES (42,'2017121281',9);
INSERT INTO "ATTENDANCE"("COURSE_ID","STUDENT_ID","ABSENCE_TIME") VALUES (3,'2017359985',0);
INSERT INTO "ATTENDANCE"("COURSE_ID","STUDENT_ID","ABSENCE_TIME") VALUES (38,'2017121281',19);
INSERT INTO "ATTENDANCE"("COURSE_ID","STUDENT_ID","ABSENCE_TIME") VALUES (32,'2015161973',0);
INSERT INTO "ATTENDANCE"("COURSE_ID","STUDENT_ID","ABSENCE_TIME") VALUES (62,'2019234555',0);
INSERT INTO "ATTENDANCE"("COURSE_ID","STUDENT_ID","ABSENCE_TIME") VALUES (41,'2017294854',0);
INSERT INTO "ATTENDANCE"("COURSE_ID","STUDENT_ID","ABSENCE_TIME") VALUES (21,'2015527683',0);
INSERT INTO "ATTENDANCE"("COURSE_ID","STUDENT_ID","ABSENCE_TIME") VALUES (43,'2019234555',0);
INSERT INTO "ATTENDANCE"("COURSE_ID","STUDENT_ID","ABSENCE_TIME") VALUES (5,'2016900865',0);
INSERT INTO "ATTENDANCE"("COURSE_ID","STUDENT_ID","ABSENCE_TIME") VALUES (64,'2019814089',0);
INSERT INTO "ATTENDANCE"("COURSE_ID","STUDENT_ID","ABSENCE_TIME") VALUES (56,'2015161973',0);
INSERT INTO "ATTENDANCE"("COURSE_ID","STUDENT_ID","ABSENCE_TIME") VALUES (11,'2015161973',0);
INSERT INTO "ATTENDANCE"("COURSE_ID","STUDENT_ID","ABSENCE_TIME") VALUES (7,'2019628534',0);
INSERT INTO "ATTENDANCE"("COURSE_ID","STUDENT_ID","ABSENCE_TIME") VALUES (10,'2019525328',0);
INSERT INTO "ATTENDANCE"("COURSE_ID","STUDENT_ID","ABSENCE_TIME") VALUES (15,'2019628534',0);
INSERT INTO "ATTENDANCE"("COURSE_ID","STUDENT_ID","ABSENCE_TIME") VALUES (11,'2015312913',0);
INSERT INTO "ATTENDANCE"("COURSE_ID","STUDENT_ID","ABSENCE_TIME") VALUES (54,'2017580180',0);
INSERT INTO "ATTENDANCE"("COURSE_ID","STUDENT_ID","ABSENCE_TIME") VALUES (44,'2017597496',0);
INSERT INTO "ATTENDANCE"("COURSE_ID","STUDENT_ID","ABSENCE_TIME") VALUES (9,'2018671463',0);
INSERT INTO "ATTENDANCE"("COURSE_ID","STUDENT_ID","ABSENCE_TIME") VALUES (6,'2017412721',0);
INSERT INTO "ATTENDANCE"("COURSE_ID","STUDENT_ID","ABSENCE_TIME") VALUES (63,'2017588712',0);
INSERT INTO "ATTENDANCE"("COURSE_ID","STUDENT_ID","ABSENCE_TIME") VALUES (54,'2017294854',0);
INSERT INTO "ATTENDANCE"("COURSE_ID","STUDENT_ID","ABSENCE_TIME") VALUES (33,'2019814089',0);
INSERT INTO "ATTENDANCE"("COURSE_ID","STUDENT_ID","ABSENCE_TIME") VALUES (17,'2019038282',19);
INSERT INTO "ATTENDANCE"("COURSE_ID","STUDENT_ID","ABSENCE_TIME") VALUES (27,'2019038282',0);
INSERT INTO "ATTENDANCE"("COURSE_ID","STUDENT_ID","ABSENCE_TIME") VALUES (14,'2015826516',0);
INSERT INTO "ATTENDANCE"("COURSE_ID","STUDENT_ID","ABSENCE_TIME") VALUES (30,'2015312913',0);
INSERT INTO "ATTENDANCE"("COURSE_ID","STUDENT_ID","ABSENCE_TIME") VALUES (62,'2019076372',0);
INSERT INTO "ATTENDANCE"("COURSE_ID","STUDENT_ID","ABSENCE_TIME") VALUES (29,'2019234555',0);
INSERT INTO "ATTENDANCE"("COURSE_ID","STUDENT_ID","ABSENCE_TIME") VALUES (66,'2019038282',48);
INSERT INTO "ATTENDANCE"("COURSE_ID","STUDENT_ID","ABSENCE_TIME") VALUES (62,'2019270655',0);
INSERT INTO "ATTENDANCE"("COURSE_ID","STUDENT_ID","ABSENCE_TIME") VALUES (5,'2019814089',0);
INSERT INTO "ATTENDANCE"("COURSE_ID","STUDENT_ID","ABSENCE_TIME") VALUES (24,'2018400622',9);
INSERT INTO "ATTENDANCE"("COURSE_ID","STUDENT_ID","ABSENCE_TIME") VALUES (27,'2017412721',12);
INSERT INTO "ATTENDANCE"("COURSE_ID","STUDENT_ID","ABSENCE_TIME") VALUES (14,'2015161973',0);
INSERT INTO "ATTENDANCE"("COURSE_ID","STUDENT_ID","ABSENCE_TIME") VALUES (66,'2015312913',38);
INSERT INTO "ATTENDANCE"("COURSE_ID","STUDENT_ID","ABSENCE_TIME") VALUES (31,'2019525328',0);
INSERT INTO "ATTENDANCE"("COURSE_ID","STUDENT_ID","ABSENCE_TIME") VALUES (22,'2017597496',0);
INSERT INTO "ATTENDANCE"("COURSE_ID","STUDENT_ID","ABSENCE_TIME") VALUES (43,'2017790956',0);
INSERT INTO "ATTENDANCE"("COURSE_ID","STUDENT_ID","ABSENCE_TIME") VALUES (53,'2015826516',9);
INSERT INTO "ATTENDANCE"("COURSE_ID","STUDENT_ID","ABSENCE_TIME") VALUES (54,'2019038282',0);
INSERT INTO "ATTENDANCE"("COURSE_ID","STUDENT_ID","ABSENCE_TIME") VALUES (55,'2018671463',0);
INSERT INTO "ATTENDANCE"("COURSE_ID","STUDENT_ID","ABSENCE_TIME") VALUES (49,'2019525328',0);
INSERT INTO "ATTENDANCE"("COURSE_ID","STUDENT_ID","ABSENCE_TIME") VALUES (35,'2018164815',0);
INSERT INTO "ATTENDANCE"("COURSE_ID","STUDENT_ID","ABSENCE_TIME") VALUES (35,'2015161973',0);
INSERT INTO "ATTENDANCE"("COURSE_ID","STUDENT_ID","ABSENCE_TIME") VALUES (17,'2016900865',9);
INSERT INTO "ATTENDANCE"("COURSE_ID","STUDENT_ID","ABSENCE_TIME") VALUES (40,'2018164815',0);
INSERT INTO "ATTENDANCE"("COURSE_ID","STUDENT_ID","ABSENCE_TIME") VALUES (47,'2015527683',0);
INSERT INTO "ATTENDANCE"("COURSE_ID","STUDENT_ID","ABSENCE_TIME") VALUES (23,'2017580180',0);
INSERT INTO "ATTENDANCE"("COURSE_ID","STUDENT_ID","ABSENCE_TIME") VALUES (30,'2019076372',0);
INSERT INTO "ATTENDANCE"("COURSE_ID","STUDENT_ID","ABSENCE_TIME") VALUES (70,'2018400622',19);
INSERT INTO "ATTENDANCE"("COURSE_ID","STUDENT_ID","ABSENCE_TIME") VALUES (40,'2017121281',0);
INSERT INTO "ATTENDANCE"("COURSE_ID","STUDENT_ID","ABSENCE_TIME") VALUES (54,'2015312913',0);
INSERT INTO "ATTENDANCE"("COURSE_ID","STUDENT_ID","ABSENCE_TIME") VALUES (65,'2016900865',0);
INSERT INTO "ATTENDANCE"("COURSE_ID","STUDENT_ID","ABSENCE_TIME") VALUES (48,'2019525328',0);
INSERT INTO "ATTENDANCE"("COURSE_ID","STUDENT_ID","ABSENCE_TIME") VALUES (51,'2016596487',0);
INSERT INTO "ATTENDANCE"("COURSE_ID","STUDENT_ID","ABSENCE_TIME") VALUES (8,'2019525328',38);
INSERT INTO "ATTENDANCE"("COURSE_ID","STUDENT_ID","ABSENCE_TIME") VALUES (27,'2019270655',0);
INSERT INTO "ATTENDANCE"("COURSE_ID","STUDENT_ID","ABSENCE_TIME") VALUES (15,'2017580180',28);
INSERT INTO "ATTENDANCE"("COURSE_ID","STUDENT_ID","ABSENCE_TIME") VALUES (2,'2017121281',0);
INSERT INTO "ATTENDANCE"("COURSE_ID","STUDENT_ID","ABSENCE_TIME") VALUES (33,'2019270655',0);
INSERT INTO "ATTENDANCE"("COURSE_ID","STUDENT_ID","ABSENCE_TIME") VALUES (28,'2019270655',0);
INSERT INTO "ATTENDANCE"("COURSE_ID","STUDENT_ID","ABSENCE_TIME") VALUES (67,'2019270655',0);
INSERT INTO "ATTENDANCE"("COURSE_ID","STUDENT_ID","ABSENCE_TIME") VALUES (13,'2019814089',0);
INSERT INTO "ATTENDANCE"("COURSE_ID","STUDENT_ID","ABSENCE_TIME") VALUES (19,'2015312913',9);
INSERT INTO "ATTENDANCE"("COURSE_ID","STUDENT_ID","ABSENCE_TIME") VALUES (64,'2015527683',0);
INSERT INTO "ATTENDANCE"("COURSE_ID","STUDENT_ID","ABSENCE_TIME") VALUES (18,'2017580180',0);
INSERT INTO "ATTENDANCE"("COURSE_ID","STUDENT_ID","ABSENCE_TIME") VALUES (32,'2017588712',0);
INSERT INTO "ATTENDANCE"("COURSE_ID","STUDENT_ID","ABSENCE_TIME") VALUES (60,'2017597496',19);
INSERT INTO "ATTENDANCE"("COURSE_ID","STUDENT_ID","ABSENCE_TIME") VALUES (16,'2017597496',0);
INSERT INTO "ATTENDANCE"("COURSE_ID","STUDENT_ID","ABSENCE_TIME") VALUES (27,'2015312913',0);
INSERT INTO "ATTENDANCE"("COURSE_ID","STUDENT_ID","ABSENCE_TIME") VALUES (60,'2017580180',0);
INSERT INTO "ATTENDANCE"("COURSE_ID","STUDENT_ID","ABSENCE_TIME") VALUES (12,'2019038282',0);
INSERT INTO "ATTENDANCE"("COURSE_ID","STUDENT_ID","ABSENCE_TIME") VALUES (53,'2019270655',0);
INSERT INTO "ATTENDANCE"("COURSE_ID","STUDENT_ID","ABSENCE_TIME") VALUES (33,'2018671463',38);
INSERT INTO "ATTENDANCE"("COURSE_ID","STUDENT_ID","ABSENCE_TIME") VALUES (6,'2017588712',0);
INSERT INTO "ATTENDANCE"("COURSE_ID","STUDENT_ID","ABSENCE_TIME") VALUES (32,'2017294854',6);
INSERT INTO "ATTENDANCE"("COURSE_ID","STUDENT_ID","ABSENCE_TIME") VALUES (31,'2019234555',0);
INSERT INTO "ATTENDANCE"("COURSE_ID","STUDENT_ID","ABSENCE_TIME") VALUES (59,'2017580180',0);
INSERT INTO "ATTENDANCE"("COURSE_ID","STUDENT_ID","ABSENCE_TIME") VALUES (57,'2016635486',0);
INSERT INTO "ATTENDANCE"("COURSE_ID","STUDENT_ID","ABSENCE_TIME") VALUES (35,'2015384178',9);
INSERT INTO "ATTENDANCE"("COURSE_ID","STUDENT_ID","ABSENCE_TIME") VALUES (52,'2016900865',0);
INSERT INTO "ATTENDANCE"("COURSE_ID","STUDENT_ID","ABSENCE_TIME") VALUES (48,'2015826516',0);
INSERT INTO "ATTENDANCE"("COURSE_ID","STUDENT_ID","ABSENCE_TIME") VALUES (29,'2015161973',0);
INSERT INTO "ATTENDANCE"("COURSE_ID","STUDENT_ID","ABSENCE_TIME") VALUES (72,'2017359985',19);
INSERT INTO "ATTENDANCE"("COURSE_ID","STUDENT_ID","ABSENCE_TIME") VALUES (40,'2018400622',0);
INSERT INTO "ATTENDANCE"("COURSE_ID","STUDENT_ID","ABSENCE_TIME") VALUES (11,'2019270655',0);
INSERT INTO "ATTENDANCE"("COURSE_ID","STUDENT_ID","ABSENCE_TIME") VALUES (63,'2015312913',0);
INSERT INTO "ATTENDANCE"("COURSE_ID","STUDENT_ID","ABSENCE_TIME") VALUES (43,'2015161973',0);
INSERT INTO "ATTENDANCE"("COURSE_ID","STUDENT_ID","ABSENCE_TIME") VALUES (44,'2017580180',0);
INSERT INTO "ATTENDANCE"("COURSE_ID","STUDENT_ID","ABSENCE_TIME") VALUES (34,'2017359985',0);
INSERT INTO "ATTENDANCE"("COURSE_ID","STUDENT_ID","ABSENCE_TIME") VALUES (58,'2019525328',19);
INSERT INTO "ATTENDANCE"("COURSE_ID","STUDENT_ID","ABSENCE_TIME") VALUES (4,'2016900865',0);
INSERT INTO "ATTENDANCE"("COURSE_ID","STUDENT_ID","ABSENCE_TIME") VALUES (24,'2019628534',0);
INSERT INTO "ATTENDANCE"("COURSE_ID","STUDENT_ID","ABSENCE_TIME") VALUES (44,'2016635486',0);
INSERT INTO "ATTENDANCE"("COURSE_ID","STUDENT_ID","ABSENCE_TIME") VALUES (6,'2018761812',0);
INSERT INTO "ATTENDANCE"("COURSE_ID","STUDENT_ID","ABSENCE_TIME") VALUES (19,'2017412721',0);
INSERT INTO "ATTENDANCE"("COURSE_ID","STUDENT_ID","ABSENCE_TIME") VALUES (14,'2016572581',0);
INSERT INTO "ATTENDANCE"("COURSE_ID","STUDENT_ID","ABSENCE_TIME") VALUES (36,'2019814089',9);
INSERT INTO "ATTENDANCE"("COURSE_ID","STUDENT_ID","ABSENCE_TIME") VALUES (33,'2017588712',0);
INSERT INTO "ATTENDANCE"("COURSE_ID","STUDENT_ID","ABSENCE_TIME") VALUES (9,'2015161973',0);
INSERT INTO "ATTENDANCE"("COURSE_ID","STUDENT_ID","ABSENCE_TIME") VALUES (56,'2016596487',0);
INSERT INTO "ATTENDANCE"("COURSE_ID","STUDENT_ID","ABSENCE_TIME") VALUES (65,'2017790956',0);
INSERT INTO "ATTENDANCE"("COURSE_ID","STUDENT_ID","ABSENCE_TIME") VALUES (10,'2018761812',48);
INSERT INTO "ATTENDANCE"("COURSE_ID","STUDENT_ID","ABSENCE_TIME") VALUES (25,'2018164815',0);
INSERT INTO "ATTENDANCE"("COURSE_ID","STUDENT_ID","ABSENCE_TIME") VALUES (36,'2016900865',0);
INSERT INTO "ATTENDANCE"("COURSE_ID","STUDENT_ID","ABSENCE_TIME") VALUES (62,'2015161973',0);
INSERT INTO "ATTENDANCE"("COURSE_ID","STUDENT_ID","ABSENCE_TIME") VALUES (6,'2019038282',28);
INSERT INTO "ATTENDANCE"("COURSE_ID","STUDENT_ID","ABSENCE_TIME") VALUES (51,'2017294854',0);
INSERT INTO "ATTENDANCE"("COURSE_ID","STUDENT_ID","ABSENCE_TIME") VALUES (0,'2017359985',0);
INSERT INTO "ATTENDANCE"("COURSE_ID","STUDENT_ID","ABSENCE_TIME") VALUES (71,'2019270655',9);
INSERT INTO "ATTENDANCE"("COURSE_ID","STUDENT_ID","ABSENCE_TIME") VALUES (55,'2017580180',0);
INSERT INTO "ATTENDANCE"("COURSE_ID","STUDENT_ID","ABSENCE_TIME") VALUES (21,'2017412721',0);
INSERT INTO "ATTENDANCE"("COURSE_ID","STUDENT_ID","ABSENCE_TIME") VALUES (43,'2019814089',0);
INSERT INTO "ATTENDANCE"("COURSE_ID","STUDENT_ID","ABSENCE_TIME") VALUES (68,'2019814089',0);
INSERT INTO "ATTENDANCE"("COURSE_ID","STUDENT_ID","ABSENCE_TIME") VALUES (36,'2015312913',0);
INSERT INTO "ATTENDANCE"("COURSE_ID","STUDENT_ID","ABSENCE_TIME") VALUES (34,'2019038282',0);
INSERT INTO "ATTENDANCE"("COURSE_ID","STUDENT_ID","ABSENCE_TIME") VALUES (4,'2019234555',19);
INSERT INTO "ATTENDANCE"("COURSE_ID","STUDENT_ID","ABSENCE_TIME") VALUES (0,'2017588712',0);
INSERT INTO "ATTENDANCE"("COURSE_ID","STUDENT_ID","ABSENCE_TIME") VALUES (43,'2017597496',0);
INSERT INTO "ATTENDANCE"("COURSE_ID","STUDENT_ID","ABSENCE_TIME") VALUES (59,'2017412721',28);
INSERT INTO "ATTENDANCE"("COURSE_ID","STUDENT_ID","ABSENCE_TIME") VALUES (69,'2015384178',0);
INSERT INTO "ATTENDANCE"("COURSE_ID","STUDENT_ID","ABSENCE_TIME") VALUES (69,'2017580180',0);
INSERT INTO "ATTENDANCE"("COURSE_ID","STUDENT_ID","ABSENCE_TIME") VALUES (4,'2019628534',0);
INSERT INTO "ATTENDANCE"("COURSE_ID","STUDENT_ID","ABSENCE_TIME") VALUES (18,'2019525328',0);
INSERT INTO "ATTENDANCE"("COURSE_ID","STUDENT_ID","ABSENCE_TIME") VALUES (53,'2019076372',0);
INSERT INTO "ATTENDANCE"("COURSE_ID","STUDENT_ID","ABSENCE_TIME") VALUES (21,'2019270655',9);
INSERT INTO "ATTENDANCE"("COURSE_ID","STUDENT_ID","ABSENCE_TIME") VALUES (5,'2017597496',0);
INSERT INTO "ATTENDANCE"("COURSE_ID","STUDENT_ID","ABSENCE_TIME") VALUES (11,'2018671463',0);
INSERT INTO "ATTENDANCE"("COURSE_ID","STUDENT_ID","ABSENCE_TIME") VALUES (26,'2017588712',19);
INSERT INTO "ATTENDANCE"("COURSE_ID","STUDENT_ID","ABSENCE_TIME") VALUES (50,'2015527683',0);
INSERT INTO "ATTENDANCE"("COURSE_ID","STUDENT_ID","ABSENCE_TIME") VALUES (63,'2016635486',0);
INSERT INTO "ATTENDANCE"("COURSE_ID","STUDENT_ID","ABSENCE_TIME") VALUES (26,'2017580180',0);
INSERT INTO "ATTENDANCE"("COURSE_ID","STUDENT_ID","ABSENCE_TIME") VALUES (26,'2015161973',9);
INSERT INTO "ATTENDANCE"("COURSE_ID","STUDENT_ID","ABSENCE_TIME") VALUES (11,'2017294854',0);
INSERT INTO "ATTENDANCE"("COURSE_ID","STUDENT_ID","ABSENCE_TIME") VALUES (10,'2016900865',9);
INSERT INTO "ATTENDANCE"("COURSE_ID","STUDENT_ID","ABSENCE_TIME") VALUES (47,'2016596487',9);
INSERT INTO "ATTENDANCE"("COURSE_ID","STUDENT_ID","ABSENCE_TIME") VALUES (47,'2015384178',0);
INSERT INTO "ATTENDANCE"("COURSE_ID","STUDENT_ID","ABSENCE_TIME") VALUES (60,'2017359985',0);
INSERT INTO "ATTENDANCE"("COURSE_ID","STUDENT_ID","ABSENCE_TIME") VALUES (6,'2019525328',0);
INSERT INTO "ATTENDANCE"("COURSE_ID","STUDENT_ID","ABSENCE_TIME") VALUES (12,'2018164815',0);
INSERT INTO "ATTENDANCE"("COURSE_ID","STUDENT_ID","ABSENCE_TIME") VALUES (54,'2017597496',0);
INSERT INTO "ATTENDANCE"("COURSE_ID","STUDENT_ID","ABSENCE_TIME") VALUES (24,'2017294854',0);
INSERT INTO "ATTENDANCE"("COURSE_ID","STUDENT_ID","ABSENCE_TIME") VALUES (66,'2019076372',0);
INSERT INTO "ATTENDANCE"("COURSE_ID","STUDENT_ID","ABSENCE_TIME") VALUES (74,'2018164815',12);
INSERT INTO "ATTENDANCE"("COURSE_ID","STUDENT_ID","ABSENCE_TIME") VALUES (17,'2018671463',9);
INSERT INTO "ATTENDANCE"("COURSE_ID","STUDENT_ID","ABSENCE_TIME") VALUES (61,'2019076372',0);
INSERT INTO "ATTENDANCE"("COURSE_ID","STUDENT_ID","ABSENCE_TIME") VALUES (61,'2019525328',0);
INSERT INTO "ATTENDANCE"("COURSE_ID","STUDENT_ID","ABSENCE_TIME") VALUES (57,'2017790956',0);
INSERT INTO "ATTENDANCE"("COURSE_ID","STUDENT_ID","ABSENCE_TIME") VALUES (48,'2019076372',0);
INSERT INTO "ATTENDANCE"("COURSE_ID","STUDENT_ID","ABSENCE_TIME") VALUES (34,'2015312913',0);
INSERT INTO "ATTENDANCE"("COURSE_ID","STUDENT_ID","ABSENCE_TIME") VALUES (31,'2019076372',0);
INSERT INTO "ATTENDANCE"("COURSE_ID","STUDENT_ID","ABSENCE_TIME") VALUES (30,'2017588712',0);
INSERT INTO "ATTENDANCE"("COURSE_ID","STUDENT_ID","ABSENCE_TIME") VALUES (26,'2019038282',0);
INSERT INTO "ATTENDANCE"("COURSE_ID","STUDENT_ID","ABSENCE_TIME") VALUES (57,'2017359985',0);
INSERT INTO "ATTENDANCE"("COURSE_ID","STUDENT_ID","ABSENCE_TIME") VALUES (21,'2016572581',0);
INSERT INTO "ATTENDANCE"("COURSE_ID","STUDENT_ID","ABSENCE_TIME") VALUES (66,'2015527683',0);
INSERT INTO "ATTENDANCE"("COURSE_ID","STUDENT_ID","ABSENCE_TIME") VALUES (41,'2019270655',0);
INSERT INTO "ATTENDANCE"("COURSE_ID","STUDENT_ID","ABSENCE_TIME") VALUES (9,'2018400622',28);
INSERT INTO "ATTENDANCE"("COURSE_ID","STUDENT_ID","ABSENCE_TIME") VALUES (43,'2017580180',0);
INSERT INTO "ATTENDANCE"("COURSE_ID","STUDENT_ID","ABSENCE_TIME") VALUES (35,'2019628534',0);
INSERT INTO "ATTENDANCE"("COURSE_ID","STUDENT_ID","ABSENCE_TIME") VALUES (58,'2018853865',0);
INSERT INTO "ATTENDANCE"("COURSE_ID","STUDENT_ID","ABSENCE_TIME") VALUES (25,'2017121281',0);
INSERT INTO "ATTENDANCE"("COURSE_ID","STUDENT_ID","ABSENCE_TIME") VALUES (29,'2018164815',3);
INSERT INTO "ATTENDANCE"("COURSE_ID","STUDENT_ID","ABSENCE_TIME") VALUES (29,'2019814089',0);
INSERT INTO "ATTENDANCE"("COURSE_ID","STUDENT_ID","ABSENCE_TIME") VALUES (16,'2016596487',0);
INSERT INTO "ATTENDANCE"("COURSE_ID","STUDENT_ID","ABSENCE_TIME") VALUES (58,'2017597496',0);
INSERT INTO "ATTENDANCE"("COURSE_ID","STUDENT_ID","ABSENCE_TIME") VALUES (68,'2018164815',0);
INSERT INTO "ATTENDANCE"("COURSE_ID","STUDENT_ID","ABSENCE_TIME") VALUES (31,'2016900865',0);
INSERT INTO "ATTENDANCE"("COURSE_ID","STUDENT_ID","ABSENCE_TIME") VALUES (12,'2017597496',0);
INSERT INTO "ATTENDANCE"("COURSE_ID","STUDENT_ID","ABSENCE_TIME") VALUES (35,'2018853865',0);
INSERT INTO "ATTENDANCE"("COURSE_ID","STUDENT_ID","ABSENCE_TIME") VALUES (34,'2019076372',0);
INSERT INTO "ATTENDANCE"("COURSE_ID","STUDENT_ID","ABSENCE_TIME") VALUES (51,'2018761812',0);
INSERT INTO "ATTENDANCE"("COURSE_ID","STUDENT_ID","ABSENCE_TIME") VALUES (73,'2015527683',0);
INSERT INTO "ATTENDANCE"("COURSE_ID","STUDENT_ID","ABSENCE_TIME") VALUES (60,'2018400622',9);
INSERT INTO "ATTENDANCE"("COURSE_ID","STUDENT_ID","ABSENCE_TIME") VALUES (60,'2015985825',0);
INSERT INTO "ATTENDANCE"("COURSE_ID","STUDENT_ID","ABSENCE_TIME") VALUES (69,'2018671463',0);
INSERT INTO "ATTENDANCE"("COURSE_ID","STUDENT_ID","ABSENCE_TIME") VALUES (50,'2019814089',0);
INSERT INTO "ATTENDANCE"("COURSE_ID","STUDENT_ID","ABSENCE_TIME") VALUES (16,'2017588712',0);
INSERT INTO "ATTENDANCE"("COURSE_ID","STUDENT_ID","ABSENCE_TIME") VALUES (40,'2015527683',0);
INSERT INTO "ATTENDANCE"("COURSE_ID","STUDENT_ID","ABSENCE_TIME") VALUES (66,'2015384178',0);
INSERT INTO "ATTENDANCE"("COURSE_ID","STUDENT_ID","ABSENCE_TIME") VALUES (8,'2015826516',0);
INSERT INTO "ATTENDANCE"("COURSE_ID","STUDENT_ID","ABSENCE_TIME") VALUES (45,'2018671463',0);
INSERT INTO "ATTENDANCE"("COURSE_ID","STUDENT_ID","ABSENCE_TIME") VALUES (4,'2015826516',0);
INSERT INTO "ATTENDANCE"("COURSE_ID","STUDENT_ID","ABSENCE_TIME") VALUES (18,'2019076372',9);
INSERT INTO "ATTENDANCE"("COURSE_ID","STUDENT_ID","ABSENCE_TIME") VALUES (43,'2015384178',38);
INSERT INTO "ATTENDANCE"("COURSE_ID","STUDENT_ID","ABSENCE_TIME") VALUES (34,'2018761812',9);
INSERT INTO "ATTENDANCE"("COURSE_ID","STUDENT_ID","ABSENCE_TIME") VALUES (38,'2017294854',0);
INSERT INTO "ATTENDANCE"("COURSE_ID","STUDENT_ID","ABSENCE_TIME") VALUES (40,'2017412721',0);
INSERT INTO "ATTENDANCE"("COURSE_ID","STUDENT_ID","ABSENCE_TIME") VALUES (70,'2017588712',0);
INSERT INTO "ATTENDANCE"("COURSE_ID","STUDENT_ID","ABSENCE_TIME") VALUES (41,'2019814089',0);
INSERT INTO "ATTENDANCE"("COURSE_ID","STUDENT_ID","ABSENCE_TIME") VALUES (63,'2017359985',0);
INSERT INTO "ATTENDANCE"("COURSE_ID","STUDENT_ID","ABSENCE_TIME") VALUES (53,'2019038282',0);
INSERT INTO "ATTENDANCE"("COURSE_ID","STUDENT_ID","ABSENCE_TIME") VALUES (73,'2019076372',0);
INSERT INTO "ATTENDANCE"("COURSE_ID","STUDENT_ID","ABSENCE_TIME") VALUES (60,'2016635486',0);
INSERT INTO "ATTENDANCE"("COURSE_ID","STUDENT_ID","ABSENCE_TIME") VALUES (74,'2017294854',0);
INSERT INTO "ATTENDANCE"("COURSE_ID","STUDENT_ID","ABSENCE_TIME") VALUES (36,'2018671463',19);
INSERT INTO "ATTENDANCE"("COURSE_ID","STUDENT_ID","ABSENCE_TIME") VALUES (59,'2015826516',0);
INSERT INTO "ATTENDANCE"("COURSE_ID","STUDENT_ID","ABSENCE_TIME") VALUES (71,'2019525328',0);
INSERT INTO "ATTENDANCE"("COURSE_ID","STUDENT_ID","ABSENCE_TIME") VALUES (0,'2017597496',0);
INSERT INTO "ATTENDANCE"("COURSE_ID","STUDENT_ID","ABSENCE_TIME") VALUES (73,'2015985825',0);
INSERT INTO "ATTENDANCE"("COURSE_ID","STUDENT_ID","ABSENCE_TIME") VALUES (66,'2019525328',0);
INSERT INTO "ATTENDANCE"("COURSE_ID","STUDENT_ID","ABSENCE_TIME") VALUES (35,'2018761812',9);
INSERT INTO "ATTENDANCE"("COURSE_ID","STUDENT_ID","ABSENCE_TIME") VALUES (4,'2016572581',9);
INSERT INTO "ATTENDANCE"("COURSE_ID","STUDENT_ID","ABSENCE_TIME") VALUES (31,'2019038282',0);
INSERT INTO "ATTENDANCE"("COURSE_ID","STUDENT_ID","ABSENCE_TIME") VALUES (11,'2017588712',0);
INSERT INTO "ATTENDANCE"("COURSE_ID","STUDENT_ID","ABSENCE_TIME") VALUES (27,'2019628534',0);
INSERT INTO "ATTENDANCE"("COURSE_ID","STUDENT_ID","ABSENCE_TIME") VALUES (73,'2019234555',0);
INSERT INTO "ATTENDANCE"("COURSE_ID","STUDENT_ID","ABSENCE_TIME") VALUES (58,'2015527683',0);
INSERT INTO "ATTENDANCE"("COURSE_ID","STUDENT_ID","ABSENCE_TIME") VALUES (0,'2015527683',0);
INSERT INTO "ATTENDANCE"("COURSE_ID","STUDENT_ID","ABSENCE_TIME") VALUES (58,'2018761812',0);
INSERT INTO "ATTENDANCE"("COURSE_ID","STUDENT_ID","ABSENCE_TIME") VALUES (50,'2017580180',9);
INSERT INTO "ATTENDANCE"("COURSE_ID","STUDENT_ID","ABSENCE_TIME") VALUES (44,'2019038282',0);
INSERT INTO "ATTENDANCE"("COURSE_ID","STUDENT_ID","ABSENCE_TIME") VALUES (50,'2019234555',19);
INSERT INTO "ATTENDANCE"("COURSE_ID","STUDENT_ID","ABSENCE_TIME") VALUES (25,'2015384178',0);
INSERT INTO "ATTENDANCE"("COURSE_ID","STUDENT_ID","ABSENCE_TIME") VALUES (46,'2019234555',19);
INSERT INTO "ATTENDANCE"("COURSE_ID","STUDENT_ID","ABSENCE_TIME") VALUES (23,'2017359985',0);
INSERT INTO "ATTENDANCE"("COURSE_ID","STUDENT_ID","ABSENCE_TIME") VALUES (52,'2017359985',0);
INSERT INTO "ATTENDANCE"("COURSE_ID","STUDENT_ID","ABSENCE_TIME") VALUES (60,'2017588712',0);
INSERT INTO "ATTENDANCE"("COURSE_ID","STUDENT_ID","ABSENCE_TIME") VALUES (14,'2019076372',19);
INSERT INTO "ATTENDANCE"("COURSE_ID","STUDENT_ID","ABSENCE_TIME") VALUES (63,'2019076372',0);
INSERT INTO "ATTENDANCE"("COURSE_ID","STUDENT_ID","ABSENCE_TIME") VALUES (67,'2018761812',0);
INSERT INTO "ATTENDANCE"("COURSE_ID","STUDENT_ID","ABSENCE_TIME") VALUES (36,'2015161973',0);
INSERT INTO "ATTENDANCE"("COURSE_ID","STUDENT_ID","ABSENCE_TIME") VALUES (48,'2016572581',0);
INSERT INTO "ATTENDANCE"("COURSE_ID","STUDENT_ID","ABSENCE_TIME") VALUES (36,'2015826516',0);
INSERT INTO "ATTENDANCE"("COURSE_ID","STUDENT_ID","ABSENCE_TIME") VALUES (20,'2018853865',0);
INSERT INTO "ATTENDANCE"("COURSE_ID","STUDENT_ID","ABSENCE_TIME") VALUES (49,'2016572581',0);
INSERT INTO "ATTENDANCE"("COURSE_ID","STUDENT_ID","ABSENCE_TIME") VALUES (29,'2015985825',0);
INSERT INTO "ATTENDANCE"("COURSE_ID","STUDENT_ID","ABSENCE_TIME") VALUES (55,'2019234555',0);
INSERT INTO "ATTENDANCE"("COURSE_ID","STUDENT_ID","ABSENCE_TIME") VALUES (6,'2019270655',0);
INSERT INTO "ATTENDANCE"("COURSE_ID","STUDENT_ID","ABSENCE_TIME") VALUES (24,'2018761812',3);
INSERT INTO "ATTENDANCE"("COURSE_ID","STUDENT_ID","ABSENCE_TIME") VALUES (35,'2019038282',0);
INSERT INTO "GRADE"("COURSE_ID","STUDENT_ID","GRADE") VALUES (67,'2015826516',0.0);
INSERT INTO "GRADE"("COURSE_ID","STUDENT_ID","GRADE") VALUES (18,'2019038282',2.7);
INSERT INTO "GRADE"("COURSE_ID","STUDENT_ID","GRADE") VALUES (68,'2019270655',0.0);
INSERT INTO "GRADE"("COURSE_ID","STUDENT_ID","GRADE") VALUES (56,'2017790956',3.7);
INSERT INTO "GRADE"("COURSE_ID","STUDENT_ID","GRADE") VALUES (15,'2017412721',1.3);
INSERT INTO "GRADE"("COURSE_ID","STUDENT_ID","GRADE") VALUES (40,'2017790956',0.7);
INSERT INTO "GRADE"("COURSE_ID","STUDENT_ID","GRADE") VALUES (71,'2017588712',2.3);
INSERT INTO "GRADE"("COURSE_ID","STUDENT_ID","GRADE") VALUES (64,'2018400622',1.3);
INSERT INTO "GRADE"("COURSE_ID","STUDENT_ID","GRADE") VALUES (52,'2019234555',1.0);
INSERT INTO "GRADE"("COURSE_ID","STUDENT_ID","GRADE") VALUES (32,'2015527683',2.0);
INSERT INTO "GRADE"("COURSE_ID","STUDENT_ID","GRADE") VALUES (41,'2015527683',0.0);
INSERT INTO "GRADE"("COURSE_ID","STUDENT_ID","GRADE") VALUES (4,'2018400622',1.7);
INSERT INTO "GRADE"("COURSE_ID","STUDENT_ID","GRADE") VALUES (43,'2015527683',4.0);
INSERT INTO "GRADE"("COURSE_ID","STUDENT_ID","GRADE") VALUES (2,'2018400622',0.0);
INSERT INTO "GRADE"("COURSE_ID","STUDENT_ID","GRADE") VALUES (20,'2015826516',2.0);
INSERT INTO "GRADE"("COURSE_ID","STUDENT_ID","GRADE") VALUES (61,'2017359985',0.0);
INSERT INTO "GRADE"("COURSE_ID","STUDENT_ID","GRADE") VALUES (38,'2018761812',2.3);
INSERT INTO "GRADE"("COURSE_ID","STUDENT_ID","GRADE") VALUES (59,'2019525328',2.0);
INSERT INTO "GRADE"("COURSE_ID","STUDENT_ID","GRADE") VALUES (8,'2019076372',2.3);
INSERT INTO "GRADE"("COURSE_ID","STUDENT_ID","GRADE") VALUES (54,'2019628534',2.0);
INSERT INTO "GRADE"("COURSE_ID","STUDENT_ID","GRADE") VALUES (1,'2015826516',2.7);
INSERT INTO "GRADE"("COURSE_ID","STUDENT_ID","GRADE") VALUES (59,'2018400622',1.3);
INSERT INTO "GRADE"("COURSE_ID","STUDENT_ID","GRADE") VALUES (2,'2016572581',4.3);
INSERT INTO "GRADE"("COURSE_ID","STUDENT_ID","GRADE") VALUES (56,'2019628534',4.0);
INSERT INTO "GRADE"("COURSE_ID","STUDENT_ID","GRADE") VALUES (44,'2016596487',2.3);
INSERT INTO "GRADE"("COURSE_ID","STUDENT_ID","GRADE") VALUES (61,'2018761812',1.0);
INSERT INTO "GRADE"("COURSE_ID","STUDENT_ID","GRADE") VALUES (20,'2015161973',1.3);
INSERT INTO "GRADE"("COURSE_ID","STUDENT_ID","GRADE") VALUES (8,'2017359985',4.0);
INSERT INTO "GRADE"("COURSE_ID","STUDENT_ID","GRADE") VALUES (69,'2017597496',4.3);
INSERT INTO "GRADE"("COURSE_ID","STUDENT_ID","GRADE") VALUES (4,'2019814089',3.3);
INSERT INTO "GRADE"("COURSE_ID","STUDENT_ID","GRADE") VALUES (23,'2017597496',3.3);
INSERT INTO "GRADE"("COURSE_ID","STUDENT_ID","GRADE") VALUES (48,'2016635486',2.3);
INSERT INTO "GRADE"("COURSE_ID","STUDENT_ID","GRADE") VALUES (48,'2017580180',2.0);
INSERT INTO "GRADE"("COURSE_ID","STUDENT_ID","GRADE") VALUES (12,'2015384178',1.3);
INSERT INTO "GRADE"("COURSE_ID","STUDENT_ID","GRADE") VALUES (59,'2017359985',2.3);
INSERT INTO "GRADE"("COURSE_ID","STUDENT_ID","GRADE") VALUES (53,'2015985825',0.0);
INSERT INTO "GRADE"("COURSE_ID","STUDENT_ID","GRADE") VALUES (41,'2017412721',0.0);
INSERT INTO "GRADE"("COURSE_ID","STUDENT_ID","GRADE") VALUES (36,'2017597496',3.0);
INSERT INTO "GRADE"("COURSE_ID","STUDENT_ID","GRADE") VALUES (14,'2019270655',4.0);
INSERT INTO "GRADE"("COURSE_ID","STUDENT_ID","GRADE") VALUES (35,'2016572581',0.0);
INSERT INTO "GRADE"("COURSE_ID","STUDENT_ID","GRADE") VALUES (35,'2017359985',3.0);
INSERT INTO "GRADE"("COURSE_ID","STUDENT_ID","GRADE") VALUES (13,'2019076372',1.7);
INSERT INTO "GRADE"("COURSE_ID","STUDENT_ID","GRADE") VALUES (6,'2017294854',4.0);
INSERT INTO "GRADE"("COURSE_ID","STUDENT_ID","GRADE") VALUES (60,'2018671463',0.7);
INSERT INTO "GRADE"("COURSE_ID","STUDENT_ID","GRADE") VALUES (69,'2018853865',3.7);
INSERT INTO "GRADE"("COURSE_ID","STUDENT_ID","GRADE") VALUES (70,'2017580180',2.7);
INSERT INTO "GRADE"("COURSE_ID","STUDENT_ID","GRADE") VALUES (68,'2018761812',1.0);
INSERT INTO "GRADE"("COURSE_ID","STUDENT_ID","GRADE") VALUES (56,'2015384178',2.3);
INSERT INTO "GRADE"("COURSE_ID","STUDENT_ID","GRADE") VALUES (73,'2019628534',4.3);
INSERT INTO "GRADE"("COURSE_ID","STUDENT_ID","GRADE") VALUES (23,'2019234555',0.0);
INSERT INTO "GRADE"("COURSE_ID","STUDENT_ID","GRADE") VALUES (46,'2015826516',2.0);
INSERT INTO "GRADE"("COURSE_ID","STUDENT_ID","GRADE") VALUES (71,'2015826516',3.7);
INSERT INTO "GRADE"("COURSE_ID","STUDENT_ID","GRADE") VALUES (50,'2017359985',1.7);
INSERT INTO "GRADE"("COURSE_ID","STUDENT_ID","GRADE") VALUES (22,'2015826516',3.7);
INSERT INTO "GRADE"("COURSE_ID","STUDENT_ID","GRADE") VALUES (71,'2019234555',3.3);
INSERT INTO "GRADE"("COURSE_ID","STUDENT_ID","GRADE") VALUES (41,'2018761812',3.3);
INSERT INTO "GRADE"("COURSE_ID","STUDENT_ID","GRADE") VALUES (55,'2019076372',4.3);
INSERT INTO "GRADE"("COURSE_ID","STUDENT_ID","GRADE") VALUES (69,'2016596487',3.7);
INSERT INTO "GRADE"("COURSE_ID","STUDENT_ID","GRADE") VALUES (9,'2019076372',3.3);
INSERT INTO "GRADE"("COURSE_ID","STUDENT_ID","GRADE") VALUES (48,'2018853865',1.0);
INSERT INTO "GRADE"("COURSE_ID","STUDENT_ID","GRADE") VALUES (28,'2018671463',2.0);
INSERT INTO "GRADE"("COURSE_ID","STUDENT_ID","GRADE") VALUES (47,'2015985825',4.3);
INSERT INTO "GRADE"("COURSE_ID","STUDENT_ID","GRADE") VALUES (50,'2019628534',3.7);
INSERT INTO "GRADE"("COURSE_ID","STUDENT_ID","GRADE") VALUES (39,'2017121281',0.0);
INSERT INTO "GRADE"("COURSE_ID","STUDENT_ID","GRADE") VALUES (64,'2016900865',2.0);
INSERT INTO "GRADE"("COURSE_ID","STUDENT_ID","GRADE") VALUES (58,'2015384178',3.7);
INSERT INTO "GRADE"("COURSE_ID","STUDENT_ID","GRADE") VALUES (56,'2019814089',4.0);
INSERT INTO "GRADE"("COURSE_ID","STUDENT_ID","GRADE") VALUES (56,'2019525328',3.0);
INSERT INTO "GRADE"("COURSE_ID","STUDENT_ID","GRADE") VALUES (74,'2019234555',2.3);
INSERT INTO "GRADE"("COURSE_ID","STUDENT_ID","GRADE") VALUES (31,'2015312913',1.0);
INSERT INTO "GRADE"("COURSE_ID","STUDENT_ID","GRADE") VALUES (10,'2018164815',0.7);
INSERT INTO "GRADE"("COURSE_ID","STUDENT_ID","GRADE") VALUES (42,'2018761812',1.3);
INSERT INTO "GRADE"("COURSE_ID","STUDENT_ID","GRADE") VALUES (46,'2017790956',2.0);
INSERT INTO "GRADE"("COURSE_ID","STUDENT_ID","GRADE") VALUES (30,'2019270655',2.0);
INSERT INTO "GRADE"("COURSE_ID","STUDENT_ID","GRADE") VALUES (27,'2018853865',3.0);
INSERT INTO "GRADE"("COURSE_ID","STUDENT_ID","GRADE") VALUES (25,'2015826516',0.0);
INSERT INTO "GRADE"("COURSE_ID","STUDENT_ID","GRADE") VALUES (13,'2017790956',0.7);
INSERT INTO "GRADE"("COURSE_ID","STUDENT_ID","GRADE") VALUES (61,'2019234555',4.0);
INSERT INTO "GRADE"("COURSE_ID","STUDENT_ID","GRADE") VALUES (13,'2017121281',2.0);
INSERT INTO "GRADE"("COURSE_ID","STUDENT_ID","GRADE") VALUES (44,'2017359985',4.0);
INSERT INTO "GRADE"("COURSE_ID","STUDENT_ID","GRADE") VALUES (59,'2016635486',0.0);
INSERT INTO "GRADE"("COURSE_ID","STUDENT_ID","GRADE") VALUES (73,'2017597496',4.3);
INSERT INTO "GRADE"("COURSE_ID","STUDENT_ID","GRADE") VALUES (26,'2019076372',0.7);
INSERT INTO "GRADE"("COURSE_ID","STUDENT_ID","GRADE") VALUES (53,'2015161973',0.0);
INSERT INTO "GRADE"("COURSE_ID","STUDENT_ID","GRADE") VALUES (50,'2017121281',1.3);
INSERT INTO "GRADE"("COURSE_ID","STUDENT_ID","GRADE") VALUES (1,'2015384178',2.3);
INSERT INTO "GRADE"("COURSE_ID","STUDENT_ID","GRADE") VALUES (9,'2017597496',0.0);
INSERT INTO "GRADE"("COURSE_ID","STUDENT_ID","GRADE") VALUES (28,'2016635486',3.3);
INSERT INTO "GRADE"("COURSE_ID","STUDENT_ID","GRADE") VALUES (7,'2015826516',0.0);
INSERT INTO "GRADE"("COURSE_ID","STUDENT_ID","GRADE") VALUES (66,'2015985825',1.0);
INSERT INTO "GRADE"("COURSE_ID","STUDENT_ID","GRADE") VALUES (39,'2017580180',4.0);
INSERT INTO "GRADE"("COURSE_ID","STUDENT_ID","GRADE") VALUES (65,'2018853865',0.0);
INSERT INTO "GRADE"("COURSE_ID","STUDENT_ID","GRADE") VALUES (8,'2017597496',0.0);
INSERT INTO "GRADE"("COURSE_ID","STUDENT_ID","GRADE") VALUES (57,'2017294854',4.0);
INSERT INTO "GRADE"("COURSE_ID","STUDENT_ID","GRADE") VALUES (64,'2015384178',3.0);
INSERT INTO "GRADE"("COURSE_ID","STUDENT_ID","GRADE") VALUES (3,'2017294854',2.0);
INSERT INTO "GRADE"("COURSE_ID","STUDENT_ID","GRADE") VALUES (19,'2019525328',2.0);
INSERT INTO "GRADE"("COURSE_ID","STUDENT_ID","GRADE") VALUES (72,'2019814089',3.7);
INSERT INTO "GRADE"("COURSE_ID","STUDENT_ID","GRADE") VALUES (23,'2019814089',1.3);
INSERT INTO "GRADE"("COURSE_ID","STUDENT_ID","GRADE") VALUES (23,'2017121281',0.0);
INSERT INTO "GRADE"("COURSE_ID","STUDENT_ID","GRADE") VALUES (20,'2018164815',1.0);
INSERT INTO "GRADE"("COURSE_ID","STUDENT_ID","GRADE") VALUES (54,'2017790956',2.0);
INSERT INTO "GRADE"("COURSE_ID","STUDENT_ID","GRADE") VALUES (39,'2015384178',3.3);
INSERT INTO "GRADE"("COURSE_ID","STUDENT_ID","GRADE") VALUES (21,'2016900865',1.3);
INSERT INTO "GRADE"("COURSE_ID","STUDENT_ID","GRADE") VALUES (16,'2017121281',3.7);
INSERT INTO "GRADE"("COURSE_ID","STUDENT_ID","GRADE") VALUES (37,'2017790956',0.0);
INSERT INTO "GRADE"("COURSE_ID","STUDENT_ID","GRADE") VALUES (48,'2019270655',4.3);
INSERT INTO "GRADE"("COURSE_ID","STUDENT_ID","GRADE") VALUES (7,'2019270655',2.3);
INSERT INTO "GRADE"("COURSE_ID","STUDENT_ID","GRADE") VALUES (26,'2015826516',2.0);
INSERT INTO "GRADE"("COURSE_ID","STUDENT_ID","GRADE") VALUES (0,'2016635486',3.0);
INSERT INTO "GRADE"("COURSE_ID","STUDENT_ID","GRADE") VALUES (5,'2015985825',4.3);
INSERT INTO "GRADE"("COURSE_ID","STUDENT_ID","GRADE") VALUES (62,'2017359985',3.0);
INSERT INTO "GRADE"("COURSE_ID","STUDENT_ID","GRADE") VALUES (28,'2017597496',3.3);
INSERT INTO "GRADE"("COURSE_ID","STUDENT_ID","GRADE") VALUES (56,'2018853865',1.3);
INSERT INTO "GRADE"("COURSE_ID","STUDENT_ID","GRADE") VALUES (17,'2017597496',2.3);
INSERT INTO "GRADE"("COURSE_ID","STUDENT_ID","GRADE") VALUES (5,'2015384178',4.3);
INSERT INTO "GRADE"("COURSE_ID","STUDENT_ID","GRADE") VALUES (30,'2018400622',3.3);
INSERT INTO "GRADE"("COURSE_ID","STUDENT_ID","GRADE") VALUES (28,'2016596487',2.0);
INSERT INTO "GRADE"("COURSE_ID","STUDENT_ID","GRADE") VALUES (14,'2018853865',2.3);
INSERT INTO "GRADE"("COURSE_ID","STUDENT_ID","GRADE") VALUES (66,'2017121281',3.3);
INSERT INTO "GRADE"("COURSE_ID","STUDENT_ID","GRADE") VALUES (65,'2017580180',3.3);
INSERT INTO "GRADE"("COURSE_ID","STUDENT_ID","GRADE") VALUES (31,'2017121281',1.0);
INSERT INTO "GRADE"("COURSE_ID","STUDENT_ID","GRADE") VALUES (63,'2019814089',2.0);
INSERT INTO "GRADE"("COURSE_ID","STUDENT_ID","GRADE") VALUES (50,'2015985825',1.7);
INSERT INTO "GRADE"("COURSE_ID","STUDENT_ID","GRADE") VALUES (46,'2018164815',3.0);
INSERT INTO "GRADE"("COURSE_ID","STUDENT_ID","GRADE") VALUES (13,'2015527683',1.0);
INSERT INTO "GRADE"("COURSE_ID","STUDENT_ID","GRADE") VALUES (58,'2015312913',4.3);
INSERT INTO "GRADE"("COURSE_ID","STUDENT_ID","GRADE") VALUES (12,'2018400622',0.0);
INSERT INTO "GRADE"("COURSE_ID","STUDENT_ID","GRADE") VALUES (51,'2016572581',1.0);
INSERT INTO "GRADE"("COURSE_ID","STUDENT_ID","GRADE") VALUES (18,'2019270655',0.7);
INSERT INTO "GRADE"("COURSE_ID","STUDENT_ID","GRADE") VALUES (45,'2017294854',3.0);
INSERT INTO "GRADE"("COURSE_ID","STUDENT_ID","GRADE") VALUES (27,'2017580180',1.0);
INSERT INTO "GRADE"("COURSE_ID","STUDENT_ID","GRADE") VALUES (65,'2015161973',0.0);
INSERT INTO "GRADE"("COURSE_ID","STUDENT_ID","GRADE") VALUES (33,'2016596487',2.0);
INSERT INTO "GRADE"("COURSE_ID","STUDENT_ID","GRADE") VALUES (37,'2015384178',0.0);
INSERT INTO "GRADE"("COURSE_ID","STUDENT_ID","GRADE") VALUES (22,'2015985825',1.0);
INSERT INTO "GRADE"("COURSE_ID","STUDENT_ID","GRADE") VALUES (52,'2015985825',3.0);
INSERT INTO "GRADE"("COURSE_ID","STUDENT_ID","GRADE") VALUES (58,'2017580180',4.0);
INSERT INTO "GRADE"("COURSE_ID","STUDENT_ID","GRADE") VALUES (64,'2017588712',0.7);
INSERT INTO "GRADE"("COURSE_ID","STUDENT_ID","GRADE") VALUES (32,'2015985825',4.3);
INSERT INTO "GRADE"("COURSE_ID","STUDENT_ID","GRADE") VALUES (56,'2018671463',3.7);
INSERT INTO "GRADE"("COURSE_ID","STUDENT_ID","GRADE") VALUES (66,'2017294854',3.0);
INSERT INTO "GRADE"("COURSE_ID","STUDENT_ID","GRADE") VALUES (1,'2017121281',1.7);
INSERT INTO "GRADE"("COURSE_ID","STUDENT_ID","GRADE") VALUES (12,'2017412721',1.3);
INSERT INTO "GRADE"("COURSE_ID","STUDENT_ID","GRADE") VALUES (57,'2015312913',3.3);
INSERT INTO "GRADE"("COURSE_ID","STUDENT_ID","GRADE") VALUES (15,'2019076372',0.7);
INSERT INTO "GRADE"("COURSE_ID","STUDENT_ID","GRADE") VALUES (66,'2015161973',1.7);
INSERT INTO "GRADE"("COURSE_ID","STUDENT_ID","GRADE") VALUES (24,'2016596487',3.3);
INSERT INTO "GRADE"("COURSE_ID","STUDENT_ID","GRADE") VALUES (52,'2019525328',0.0);
INSERT INTO "GRADE"("COURSE_ID","STUDENT_ID","GRADE") VALUES (68,'2015161973',4.3);
INSERT INTO "GRADE"("COURSE_ID","STUDENT_ID","GRADE") VALUES (35,'2016635486',4.3);
INSERT INTO "GRADE"("COURSE_ID","STUDENT_ID","GRADE") VALUES (42,'2015826516',1.7);
INSERT INTO "GRADE"("COURSE_ID","STUDENT_ID","GRADE") VALUES (65,'2019234555',0.0);
INSERT INTO "GRADE"("COURSE_ID","STUDENT_ID","GRADE") VALUES (50,'2019270655',1.0);
INSERT INTO "GRADE"("COURSE_ID","STUDENT_ID","GRADE") VALUES (15,'2015312913',3.7);
INSERT INTO "GRADE"("COURSE_ID","STUDENT_ID","GRADE") VALUES (28,'2018853865',0.0);
INSERT INTO "GRADE"("COURSE_ID","STUDENT_ID","GRADE") VALUES (5,'2016635486',0.7);
INSERT INTO "GRADE"("COURSE_ID","STUDENT_ID","GRADE") VALUES (64,'2018853865',2.3);
INSERT INTO "GRADE"("COURSE_ID","STUDENT_ID","GRADE") VALUES (36,'2017790956',2.3);
INSERT INTO "GRADE"("COURSE_ID","STUDENT_ID","GRADE") VALUES (7,'2017294854',0.0);
INSERT INTO "GRADE"("COURSE_ID","STUDENT_ID","GRADE") VALUES (35,'2017790956',3.7);
INSERT INTO "GRADE"("COURSE_ID","STUDENT_ID","GRADE") VALUES (36,'2019628534',3.3);
INSERT INTO "GRADE"("COURSE_ID","STUDENT_ID","GRADE") VALUES (34,'2016596487',1.7);
INSERT INTO "GRADE"("COURSE_ID","STUDENT_ID","GRADE") VALUES (60,'2015826516',2.7);
INSERT INTO "GRADE"("COURSE_ID","STUDENT_ID","GRADE") VALUES (2,'2019525328',1.7);
INSERT INTO "GRADE"("COURSE_ID","STUDENT_ID","GRADE") VALUES (12,'2018671463',1.3);
INSERT INTO "GRADE"("COURSE_ID","STUDENT_ID","GRADE") VALUES (18,'2017121281',2.0);
INSERT INTO "GRADE"("COURSE_ID","STUDENT_ID","GRADE") VALUES (45,'2016635486',1.3);
INSERT INTO "GRADE"("COURSE_ID","STUDENT_ID","GRADE") VALUES (0,'2019814089',2.7);
INSERT INTO "GRADE"("COURSE_ID","STUDENT_ID","GRADE") VALUES (74,'2018400622',1.0);
INSERT INTO "GRADE"("COURSE_ID","STUDENT_ID","GRADE") VALUES (19,'2016596487',1.7);
INSERT INTO "GRADE"("COURSE_ID","STUDENT_ID","GRADE") VALUES (48,'2015312913',1.3);
INSERT INTO "GRADE"("COURSE_ID","STUDENT_ID","GRADE") VALUES (58,'2019038282',0.0);
INSERT INTO "GRADE"("COURSE_ID","STUDENT_ID","GRADE") VALUES (33,'2019628534',4.3);
INSERT INTO "GRADE"("COURSE_ID","STUDENT_ID","GRADE") VALUES (19,'2015384178',2.0);
INSERT INTO "GRADE"("COURSE_ID","STUDENT_ID","GRADE") VALUES (71,'2018164815',2.3);
INSERT INTO "GRADE"("COURSE_ID","STUDENT_ID","GRADE") VALUES (36,'2019038282',2.7);
INSERT INTO "GRADE"("COURSE_ID","STUDENT_ID","GRADE") VALUES (53,'2018761812',3.3);
INSERT INTO "GRADE"("COURSE_ID","STUDENT_ID","GRADE") VALUES (46,'2016572581',0.0);
INSERT INTO "GRADE"("COURSE_ID","STUDENT_ID","GRADE") VALUES (3,'2017121281',0.0);
INSERT INTO "GRADE"("COURSE_ID","STUDENT_ID","GRADE") VALUES (35,'2016900865',1.0);
INSERT INTO "GRADE"("COURSE_ID","STUDENT_ID","GRADE") VALUES (43,'2017121281',3.3);
INSERT INTO "GRADE"("COURSE_ID","STUDENT_ID","GRADE") VALUES (13,'2015161973',2.7);
INSERT INTO "GRADE"("COURSE_ID","STUDENT_ID","GRADE") VALUES (28,'2017790956',4.0);
INSERT INTO "GRADE"("COURSE_ID","STUDENT_ID","GRADE") VALUES (35,'2015826516',3.7);
INSERT INTO "GRADE"("COURSE_ID","STUDENT_ID","GRADE") VALUES (0,'2015384178',2.0);
INSERT INTO "GRADE"("COURSE_ID","STUDENT_ID","GRADE") VALUES (12,'2019814089',2.7);
INSERT INTO "GRADE"("COURSE_ID","STUDENT_ID","GRADE") VALUES (51,'2017588712',3.0);
INSERT INTO "GRADE"("COURSE_ID","STUDENT_ID","GRADE") VALUES (30,'2018761812',1.7);
INSERT INTO "GRADE"("COURSE_ID","STUDENT_ID","GRADE") VALUES (4,'2019525328',1.7);
INSERT INTO "GRADE"("COURSE_ID","STUDENT_ID","GRADE") VALUES (55,'2017294854',1.0);
INSERT INTO "GRADE"("COURSE_ID","STUDENT_ID","GRADE") VALUES (14,'2019628534',0.7);
INSERT INTO "GRADE"("COURSE_ID","STUDENT_ID","GRADE") VALUES (7,'2017588712',3.3);
INSERT INTO "GRADE"("COURSE_ID","STUDENT_ID","GRADE") VALUES (23,'2017790956',2.3);
INSERT INTO "GRADE"("COURSE_ID","STUDENT_ID","GRADE") VALUES (22,'2016900865',1.3);
INSERT INTO "GRADE"("COURSE_ID","STUDENT_ID","GRADE") VALUES (9,'2018853865',3.7);
INSERT INTO "GRADE"("COURSE_ID","STUDENT_ID","GRADE") VALUES (70,'2015161973',0.0);
INSERT INTO "GRADE"("COURSE_ID","STUDENT_ID","GRADE") VALUES (47,'2018400622',2.3);
INSERT INTO "GRADE"("COURSE_ID","STUDENT_ID","GRADE") VALUES (27,'2019234555',1.0);
INSERT INTO "GRADE"("COURSE_ID","STUDENT_ID","GRADE") VALUES (73,'2016635486',2.7);
INSERT INTO "GRADE"("COURSE_ID","STUDENT_ID","GRADE") VALUES (62,'2018853865',3.3);
INSERT INTO "GRADE"("COURSE_ID","STUDENT_ID","GRADE") VALUES (73,'2016900865',4.0);
INSERT INTO "GRADE"("COURSE_ID","STUDENT_ID","GRADE") VALUES (1,'2016596487',0.0);
INSERT INTO "GRADE"("COURSE_ID","STUDENT_ID","GRADE") VALUES (56,'2015312913',0.7);
INSERT INTO "GRADE"("COURSE_ID","STUDENT_ID","GRADE") VALUES (51,'2018671463',0.0);
INSERT INTO "GRADE"("COURSE_ID","STUDENT_ID","GRADE") VALUES (8,'2016635486',0.0);
INSERT INTO "GRADE"("COURSE_ID","STUDENT_ID","GRADE") VALUES (13,'2019038282',3.0);
INSERT INTO "GRADE"("COURSE_ID","STUDENT_ID","GRADE") VALUES (53,'2015527683',1.3);
INSERT INTO "GRADE"("COURSE_ID","STUDENT_ID","GRADE") VALUES (3,'2018164815',2.0);
INSERT INTO "GRADE"("COURSE_ID","STUDENT_ID","GRADE") VALUES (56,'2015826516',4.3);
INSERT INTO "GRADE"("COURSE_ID","STUDENT_ID","GRADE") VALUES (51,'2018164815',4.3);
INSERT INTO "GRADE"("COURSE_ID","STUDENT_ID","GRADE") VALUES (39,'2016572581',3.0);
INSERT INTO "GRADE"("COURSE_ID","STUDENT_ID","GRADE") VALUES (15,'2019525328',4.0);
INSERT INTO "GRADE"("COURSE_ID","STUDENT_ID","GRADE") VALUES (62,'2018400622',0.7);
INSERT INTO "GRADE"("COURSE_ID","STUDENT_ID","GRADE") VALUES (1,'2018761812',4.3);
INSERT INTO "GRADE"("COURSE_ID","STUDENT_ID","GRADE") VALUES (46,'2019076372',0.0);
INSERT INTO "GRADE"("COURSE_ID","STUDENT_ID","GRADE") VALUES (34,'2015826516',0.0);
INSERT INTO "GRADE"("COURSE_ID","STUDENT_ID","GRADE") VALUES (65,'2017597496',4.3);
INSERT INTO "GRADE"("COURSE_ID","STUDENT_ID","GRADE") VALUES (72,'2015985825',0.0);
INSERT INTO "GRADE"("COURSE_ID","STUDENT_ID","GRADE") VALUES (49,'2019814089',1.7);
INSERT INTO "GRADE"("COURSE_ID","STUDENT_ID","GRADE") VALUES (26,'2019234555',0.7);
INSERT INTO "GRADE"("COURSE_ID","STUDENT_ID","GRADE") VALUES (7,'2015985825',2.0);
INSERT INTO "GRADE"("COURSE_ID","STUDENT_ID","GRADE") VALUES (18,'2015826516',4.3);
INSERT INTO "GRADE"("COURSE_ID","STUDENT_ID","GRADE") VALUES (4,'2016596487',2.7);
INSERT INTO "GRADE"("COURSE_ID","STUDENT_ID","GRADE") VALUES (22,'2019270655',2.0);
INSERT INTO "GRADE"("COURSE_ID","STUDENT_ID","GRADE") VALUES (49,'2019270655',4.0);
INSERT INTO "GRADE"("COURSE_ID","STUDENT_ID","GRADE") VALUES (29,'2017597496',1.3);
INSERT INTO "GRADE"("COURSE_ID","STUDENT_ID","GRADE") VALUES (10,'2016635486',1.3);
INSERT INTO "GRADE"("COURSE_ID","STUDENT_ID","GRADE") VALUES (5,'2019234555',3.0);
INSERT INTO "GRADE"("COURSE_ID","STUDENT_ID","GRADE") VALUES (6,'2017359985',1.7);
INSERT INTO "GRADE"("COURSE_ID","STUDENT_ID","GRADE") VALUES (63,'2017597496',2.0);
INSERT INTO "GRADE"("COURSE_ID","STUDENT_ID","GRADE") VALUES (4,'2019270655',4.0);
INSERT INTO "GRADE"("COURSE_ID","STUDENT_ID","GRADE") VALUES (65,'2019814089',0.0);
INSERT INTO "GRADE"("COURSE_ID","STUDENT_ID","GRADE") VALUES (7,'2018400622',1.3);
INSERT INTO "GRADE"("COURSE_ID","STUDENT_ID","GRADE") VALUES (29,'2019270655',4.3);
INSERT INTO "GRADE"("COURSE_ID","STUDENT_ID","GRADE") VALUES (26,'2016900865',2.7);
INSERT INTO "GRADE"("COURSE_ID","STUDENT_ID","GRADE") VALUES (40,'2019270655',1.7);
INSERT INTO "GRADE"("COURSE_ID","STUDENT_ID","GRADE") VALUES (25,'2017412721',1.3);
INSERT INTO "GRADE"("COURSE_ID","STUDENT_ID","GRADE") VALUES (6,'2019814089',1.3);
INSERT INTO "GRADE"("COURSE_ID","STUDENT_ID","GRADE") VALUES (56,'2018164815',3.7);
INSERT INTO "GRADE"("COURSE_ID","STUDENT_ID","GRADE") VALUES (41,'2015985825',4.3);
INSERT INTO "GRADE"("COURSE_ID","STUDENT_ID","GRADE") VALUES (10,'2017790956',0.7);
INSERT INTO "GRADE"("COURSE_ID","STUDENT_ID","GRADE") VALUES (43,'2019628534',3.0);
INSERT INTO "GRADE"("COURSE_ID","STUDENT_ID","GRADE") VALUES (51,'2015826516',1.0);
INSERT INTO "GRADE"("COURSE_ID","STUDENT_ID","GRADE") VALUES (64,'2019234555',2.7);
INSERT INTO "GRADE"("COURSE_ID","STUDENT_ID","GRADE") VALUES (50,'2015161973',4.0);
INSERT INTO "GRADE"("COURSE_ID","STUDENT_ID","GRADE") VALUES (61,'2017121281',4.0);
INSERT INTO "GRADE"("COURSE_ID","STUDENT_ID","GRADE") VALUES (14,'2017412721',1.0);
INSERT INTO "GRADE"("COURSE_ID","STUDENT_ID","GRADE") VALUES (7,'2015161973',0.0);
INSERT INTO "GRADE"("COURSE_ID","STUDENT_ID","GRADE") VALUES (45,'2015826516',4.3);
INSERT INTO "GRADE"("COURSE_ID","STUDENT_ID","GRADE") VALUES (22,'2017588712',0.0);
INSERT INTO "GRADE"("COURSE_ID","STUDENT_ID","GRADE") VALUES (24,'2017588712',0.7);
INSERT INTO "GRADE"("COURSE_ID","STUDENT_ID","GRADE") VALUES (67,'2017359985',0.0);
INSERT INTO "GRADE"("COURSE_ID","STUDENT_ID","GRADE") VALUES (22,'2019814089',3.7);
INSERT INTO "GRADE"("COURSE_ID","STUDENT_ID","GRADE") VALUES (18,'2017588712',3.3);
INSERT INTO "GRADE"("COURSE_ID","STUDENT_ID","GRADE") VALUES (50,'2017790956',3.7);
INSERT INTO "GRADE"("COURSE_ID","STUDENT_ID","GRADE") VALUES (29,'2017412721',2.3);
INSERT INTO "GRADE"("COURSE_ID","STUDENT_ID","GRADE") VALUES (22,'2017121281',2.0);
INSERT INTO "GRADE"("COURSE_ID","STUDENT_ID","GRADE") VALUES (44,'2017790956',4.3);
INSERT INTO "GRADE"("COURSE_ID","STUDENT_ID","GRADE") VALUES (37,'2019076372',3.3);
INSERT INTO "GRADE"("COURSE_ID","STUDENT_ID","GRADE") VALUES (30,'2019525328',1.3);
INSERT INTO "GRADE"("COURSE_ID","STUDENT_ID","GRADE") VALUES (9,'2017588712',0.7);
INSERT INTO "GRADE"("COURSE_ID","STUDENT_ID","GRADE") VALUES (52,'2017121281',4.0);
INSERT INTO "GRADE"("COURSE_ID","STUDENT_ID","GRADE") VALUES (44,'2019814089',0.0);
INSERT INTO "GRADE"("COURSE_ID","STUDENT_ID","GRADE") VALUES (56,'2017597496',3.0);
INSERT INTO "GRADE"("COURSE_ID","STUDENT_ID","GRADE") VALUES (26,'2017121281',3.3);
INSERT INTO "GRADE"("COURSE_ID","STUDENT_ID","GRADE") VALUES (32,'2019234555',0.7);
INSERT INTO "GRADE"("COURSE_ID","STUDENT_ID","GRADE") VALUES (55,'2019628534',0.0);
INSERT INTO "GRADE"("COURSE_ID","STUDENT_ID","GRADE") VALUES (38,'2017412721',4.0);
INSERT INTO "GRADE"("COURSE_ID","STUDENT_ID","GRADE") VALUES (13,'2018761812',3.0);
INSERT INTO "GRADE"("COURSE_ID","STUDENT_ID","GRADE") VALUES (39,'2018761812',2.0);
INSERT INTO "GRADE"("COURSE_ID","STUDENT_ID","GRADE") VALUES (16,'2017790956',3.7);
INSERT INTO "GRADE"("COURSE_ID","STUDENT_ID","GRADE") VALUES (12,'2017580180',3.3);
INSERT INTO "GRADE"("COURSE_ID","STUDENT_ID","GRADE") VALUES (52,'2016635486',1.0);
INSERT INTO "GRADE"("COURSE_ID","STUDENT_ID","GRADE") VALUES (48,'2015384178',3.7);
INSERT INTO "GRADE"("COURSE_ID","STUDENT_ID","GRADE") VALUES (67,'2018400622',3.7);
INSERT INTO "GRADE"("COURSE_ID","STUDENT_ID","GRADE") VALUES (63,'2015384178',2.7);
INSERT INTO "GRADE"("COURSE_ID","STUDENT_ID","GRADE") VALUES (43,'2015826516',2.3);
INSERT INTO "GRADE"("COURSE_ID","STUDENT_ID","GRADE") VALUES (13,'2019525328',2.0);
INSERT INTO "GRADE"("COURSE_ID","STUDENT_ID","GRADE") VALUES (12,'2017294854',4.0);
INSERT INTO "GRADE"("COURSE_ID","STUDENT_ID","GRADE") VALUES (37,'2018164815',2.0);
INSERT INTO "GRADE"("COURSE_ID","STUDENT_ID","GRADE") VALUES (18,'2018671463',4.0);
INSERT INTO "GRADE"("COURSE_ID","STUDENT_ID","GRADE") VALUES (16,'2015527683',0.0);
INSERT INTO "GRADE"("COURSE_ID","STUDENT_ID","GRADE") VALUES (74,'2017597496',3.3);
INSERT INTO "GRADE"("COURSE_ID","STUDENT_ID","GRADE") VALUES (12,'2015161973',2.0);
INSERT INTO "GRADE"("COURSE_ID","STUDENT_ID","GRADE") VALUES (11,'2019628534',2.3);
INSERT INTO "GRADE"("COURSE_ID","STUDENT_ID","GRADE") VALUES (5,'2017359985',3.3);
INSERT INTO "GRADE"("COURSE_ID","STUDENT_ID","GRADE") VALUES (32,'2017121281',3.3);
INSERT INTO "GRADE"("COURSE_ID","STUDENT_ID","GRADE") VALUES (49,'2015985825',1.3);
INSERT INTO "GRADE"("COURSE_ID","STUDENT_ID","GRADE") VALUES (23,'2018400622',0.0);
INSERT INTO "GRADE"("COURSE_ID","STUDENT_ID","GRADE") VALUES (16,'2019234555',3.0);
INSERT INTO "GRADE"("COURSE_ID","STUDENT_ID","GRADE") VALUES (31,'2015527683',3.0);
INSERT INTO "GRADE"("COURSE_ID","STUDENT_ID","GRADE") VALUES (32,'2017359985',2.7);
INSERT INTO "GRADE"("COURSE_ID","STUDENT_ID","GRADE") VALUES (42,'2015384178',1.0);
INSERT INTO "GRADE"("COURSE_ID","STUDENT_ID","GRADE") VALUES (21,'2015985825',1.3);
INSERT INTO "GRADE"("COURSE_ID","STUDENT_ID","GRADE") VALUES (45,'2019234555',2.0);
INSERT INTO "GRADE"("COURSE_ID","STUDENT_ID","GRADE") VALUES (16,'2018671463',2.7);
INSERT INTO "GRADE"("COURSE_ID","STUDENT_ID","GRADE") VALUES (8,'2018164815',1.3);
INSERT INTO "GRADE"("COURSE_ID","STUDENT_ID","GRADE") VALUES (73,'2019525328',1.7);
INSERT INTO "GRADE"("COURSE_ID","STUDENT_ID","GRADE") VALUES (15,'2017588712',2.0);
INSERT INTO "GRADE"("COURSE_ID","STUDENT_ID","GRADE") VALUES (49,'2017412721',3.7);
INSERT INTO "GRADE"("COURSE_ID","STUDENT_ID","GRADE") VALUES (20,'2019628534',2.0);
INSERT INTO "GRADE"("COURSE_ID","STUDENT_ID","GRADE") VALUES (52,'2016596487',4.3);
INSERT INTO "GRADE"("COURSE_ID","STUDENT_ID","GRADE") VALUES (2,'2015826516',2.3);
INSERT INTO "GRADE"("COURSE_ID","STUDENT_ID","GRADE") VALUES (57,'2019038282',3.7);
INSERT INTO "GRADE"("COURSE_ID","STUDENT_ID","GRADE") VALUES (74,'2016596487',3.7);
INSERT INTO "GRADE"("COURSE_ID","STUDENT_ID","GRADE") VALUES (41,'2016900865',2.7);
INSERT INTO "GRADE"("COURSE_ID","STUDENT_ID","GRADE") VALUES (10,'2017412721',1.3);
INSERT INTO "GRADE"("COURSE_ID","STUDENT_ID","GRADE") VALUES (20,'2019234555',0.7);
INSERT INTO "GRADE"("COURSE_ID","STUDENT_ID","GRADE") VALUES (3,'2016596487',1.7);
INSERT INTO "GRADE"("COURSE_ID","STUDENT_ID","GRADE") VALUES (50,'2019038282',0.0);
INSERT INTO "GRADE"("COURSE_ID","STUDENT_ID","GRADE") VALUES (13,'2018400622',3.3);
INSERT INTO "GRADE"("COURSE_ID","STUDENT_ID","GRADE") VALUES (49,'2017588712',1.7);
INSERT INTO "GRADE"("COURSE_ID","STUDENT_ID","GRADE") VALUES (62,'2017588712',0.0);
INSERT INTO "GRADE"("COURSE_ID","STUDENT_ID","GRADE") VALUES (72,'2015312913',2.3);
INSERT INTO "GRADE"("COURSE_ID","STUDENT_ID","GRADE") VALUES (32,'2015312913',2.0);
INSERT INTO "GRADE"("COURSE_ID","STUDENT_ID","GRADE") VALUES (46,'2018761812',1.7);
INSERT INTO "GRADE"("COURSE_ID","STUDENT_ID","GRADE") VALUES (46,'2019814089',3.0);
INSERT INTO "GRADE"("COURSE_ID","STUDENT_ID","GRADE") VALUES (7,'2016572581',1.3);
INSERT INTO "GRADE"("COURSE_ID","STUDENT_ID","GRADE") VALUES (50,'2015384178',1.7);
INSERT INTO "GRADE"("COURSE_ID","STUDENT_ID","GRADE") VALUES (51,'2017597496',4.3);
INSERT INTO "GRADE"("COURSE_ID","STUDENT_ID","GRADE") VALUES (58,'2018164815',1.3);
INSERT INTO "GRADE"("COURSE_ID","STUDENT_ID","GRADE") VALUES (52,'2017597496',3.0);
INSERT INTO "GRADE"("COURSE_ID","STUDENT_ID","GRADE") VALUES (68,'2015826516',2.7);
INSERT INTO "GRADE"("COURSE_ID","STUDENT_ID","GRADE") VALUES (31,'2018164815',2.7);
INSERT INTO "GRADE"("COURSE_ID","STUDENT_ID","GRADE") VALUES (66,'2018761812',0.0);
INSERT INTO "GRADE"("COURSE_ID","STUDENT_ID","GRADE") VALUES (27,'2018164815',3.3);
INSERT INTO "GRADE"("COURSE_ID","STUDENT_ID","GRADE") VALUES (18,'2018853865',2.0);
INSERT INTO "GRADE"("COURSE_ID","STUDENT_ID","GRADE") VALUES (58,'2016900865',3.7);
INSERT INTO "GRADE"("COURSE_ID","STUDENT_ID","GRADE") VALUES (60,'2019076372',0.0);
INSERT INTO "GRADE"("COURSE_ID","STUDENT_ID","GRADE") VALUES (6,'2015826516',0.7);
INSERT INTO "GRADE"("COURSE_ID","STUDENT_ID","GRADE") VALUES (22,'2017359985',3.3);
INSERT INTO "GRADE"("COURSE_ID","STUDENT_ID","GRADE") VALUES (54,'2019270655',1.3);
INSERT INTO "GRADE"("COURSE_ID","STUDENT_ID","GRADE") VALUES (24,'2017412721',1.7);
INSERT INTO "GRADE"("COURSE_ID","STUDENT_ID","GRADE") VALUES (15,'2015985825',3.0);
INSERT INTO "GRADE"("COURSE_ID","STUDENT_ID","GRADE") VALUES (7,'2015312913',2.0);
INSERT INTO "GRADE"("COURSE_ID","STUDENT_ID","GRADE") VALUES (24,'2016900865',3.7);
INSERT INTO "GRADE"("COURSE_ID","STUDENT_ID","GRADE") VALUES (53,'2017588712',2.7);
INSERT INTO "GRADE"("COURSE_ID","STUDENT_ID","GRADE") VALUES (52,'2017294854',1.3);
INSERT INTO "GRADE"("COURSE_ID","STUDENT_ID","GRADE") VALUES (70,'2015384178',1.7);
INSERT INTO "GRADE"("COURSE_ID","STUDENT_ID","GRADE") VALUES (17,'2015384178',3.7);
INSERT INTO "GRADE"("COURSE_ID","STUDENT_ID","GRADE") VALUES (56,'2019234555',3.0);
INSERT INTO "GRADE"("COURSE_ID","STUDENT_ID","GRADE") VALUES (44,'2016572581',0.0);
INSERT INTO "GRADE"("COURSE_ID","STUDENT_ID","GRADE") VALUES (28,'2019628534',3.0);
INSERT INTO "GRADE"("COURSE_ID","STUDENT_ID","GRADE") VALUES (68,'2017580180',3.7);
INSERT INTO "GRADE"("COURSE_ID","STUDENT_ID","GRADE") VALUES (48,'2015527683',1.3);
INSERT INTO "GRADE"("COURSE_ID","STUDENT_ID","GRADE") VALUES (36,'2018761812',4.3);
INSERT INTO "GRADE"("COURSE_ID","STUDENT_ID","GRADE") VALUES (3,'2015312913',3.3);
INSERT INTO "GRADE"("COURSE_ID","STUDENT_ID","GRADE") VALUES (13,'2015826516',1.7);
INSERT INTO "GRADE"("COURSE_ID","STUDENT_ID","GRADE") VALUES (28,'2015527683',4.3);
INSERT INTO "GRADE"("COURSE_ID","STUDENT_ID","GRADE") VALUES (63,'2016900865',1.7);
INSERT INTO "GRADE"("COURSE_ID","STUDENT_ID","GRADE") VALUES (27,'2017359985',2.7);
INSERT INTO "GRADE"("COURSE_ID","STUDENT_ID","GRADE") VALUES (4,'2018761812',4.0);
INSERT INTO "GRADE"("COURSE_ID","STUDENT_ID","GRADE") VALUES (33,'2017359985',2.0);
INSERT INTO "GRADE"("COURSE_ID","STUDENT_ID","GRADE") VALUES (21,'2019628534',4.3);
INSERT INTO "GRADE"("COURSE_ID","STUDENT_ID","GRADE") VALUES (70,'2019038282',3.0);
INSERT INTO "GRADE"("COURSE_ID","STUDENT_ID","GRADE") VALUES (44,'2017588712',1.0);
INSERT INTO "GRADE"("COURSE_ID","STUDENT_ID","GRADE") VALUES (20,'2016596487',4.0);
INSERT INTO "GRADE"("COURSE_ID","STUDENT_ID","GRADE") VALUES (74,'2017121281',2.0);
INSERT INTO "GRADE"("COURSE_ID","STUDENT_ID","GRADE") VALUES (16,'2015312913',0.0);
INSERT INTO "GRADE"("COURSE_ID","STUDENT_ID","GRADE") VALUES (47,'2017588712',3.7);
INSERT INTO "GRADE"("COURSE_ID","STUDENT_ID","GRADE") VALUES (15,'2017790956',3.7);
INSERT INTO "GRADE"("COURSE_ID","STUDENT_ID","GRADE") VALUES (15,'2017359985',0.7);
INSERT INTO "GRADE"("COURSE_ID","STUDENT_ID","GRADE") VALUES (73,'2015384178',3.3);
INSERT INTO "GRADE"("COURSE_ID","STUDENT_ID","GRADE") VALUES (65,'2018400622',2.7);
INSERT INTO "GRADE"("COURSE_ID","STUDENT_ID","GRADE") VALUES (37,'2017580180',4.0);
INSERT INTO "GRADE"("COURSE_ID","STUDENT_ID","GRADE") VALUES (44,'2017412721',2.0);
INSERT INTO "GRADE"("COURSE_ID","STUDENT_ID","GRADE") VALUES (22,'2018853865',1.3);
INSERT INTO "GRADE"("COURSE_ID","STUDENT_ID","GRADE") VALUES (29,'2015384178',3.7);
INSERT INTO "GRADE"("COURSE_ID","STUDENT_ID","GRADE") VALUES (57,'2015985825',1.0);
INSERT INTO "GRADE"("COURSE_ID","STUDENT_ID","GRADE") VALUES (4,'2015312913',4.3);
INSERT INTO "GRADE"("COURSE_ID","STUDENT_ID","GRADE") VALUES (32,'2017597496',1.7);
INSERT INTO "GRADE"("COURSE_ID","STUDENT_ID","GRADE") VALUES (38,'2019076372',0.7);
INSERT INTO "GRADE"("COURSE_ID","STUDENT_ID","GRADE") VALUES (60,'2015161973',3.7);
INSERT INTO "GRADE"("COURSE_ID","STUDENT_ID","GRADE") VALUES (17,'2019814089',2.0);
INSERT INTO "GRADE"("COURSE_ID","STUDENT_ID","GRADE") VALUES (9,'2017359985',0.7);
INSERT INTO "GRADE"("COURSE_ID","STUDENT_ID","GRADE") VALUES (72,'2019234555',0.0);
INSERT INTO "GRADE"("COURSE_ID","STUDENT_ID","GRADE") VALUES (10,'2015384178',2.3);
INSERT INTO "GRADE"("COURSE_ID","STUDENT_ID","GRADE") VALUES (1,'2019628534',1.7);
INSERT INTO "GRADE"("COURSE_ID","STUDENT_ID","GRADE") VALUES (49,'2019038282',3.3);
INSERT INTO "GRADE"("COURSE_ID","STUDENT_ID","GRADE") VALUES (26,'2018400622',0.7);
INSERT INTO "GRADE"("COURSE_ID","STUDENT_ID","GRADE") VALUES (43,'2019270655',2.0);
INSERT INTO "GRADE"("COURSE_ID","STUDENT_ID","GRADE") VALUES (11,'2015527683',2.0);
INSERT INTO "GRADE"("COURSE_ID","STUDENT_ID","GRADE") VALUES (23,'2018853865',2.0);
INSERT INTO "GRADE"("COURSE_ID","STUDENT_ID","GRADE") VALUES (73,'2015161973',2.0);
INSERT INTO "GRADE"("COURSE_ID","STUDENT_ID","GRADE") VALUES (0,'2019270655',0.0);
INSERT INTO "GRADE"("COURSE_ID","STUDENT_ID","GRADE") VALUES (62,'2017294854',1.7);
INSERT INTO "GRADE"("COURSE_ID","STUDENT_ID","GRADE") VALUES (66,'2018853865',2.3);
INSERT INTO "GRADE"("COURSE_ID","STUDENT_ID","GRADE") VALUES (41,'2019628534',2.7);
INSERT INTO "GRADE"("COURSE_ID","STUDENT_ID","GRADE") VALUES (69,'2015312913',2.7);
INSERT INTO "GRADE"("COURSE_ID","STUDENT_ID","GRADE") VALUES (41,'2017121281',0.0);
INSERT INTO "GRADE"("COURSE_ID","STUDENT_ID","GRADE") VALUES (55,'2019270655',1.7);
INSERT INTO "GRADE"("COURSE_ID","STUDENT_ID","GRADE") VALUES (9,'2017790956',0.0);
INSERT INTO "GRADE"("COURSE_ID","STUDENT_ID","GRADE") VALUES (8,'2015527683',1.7);
INSERT INTO "GRADE"("COURSE_ID","STUDENT_ID","GRADE") VALUES (3,'2019038282',0.7);
INSERT INTO "GRADE"("COURSE_ID","STUDENT_ID","GRADE") VALUES (40,'2019234555',0.0);
INSERT INTO "GRADE"("COURSE_ID","STUDENT_ID","GRADE") VALUES (55,'2018164815',2.0);
INSERT INTO "GRADE"("COURSE_ID","STUDENT_ID","GRADE") VALUES (21,'2017790956',3.3);
INSERT INTO "GRADE"("COURSE_ID","STUDENT_ID","GRADE") VALUES (59,'2019076372',0.0);
INSERT INTO "GRADE"("COURSE_ID","STUDENT_ID","GRADE") VALUES (2,'2018853865',1.0);
INSERT INTO "GRADE"("COURSE_ID","STUDENT_ID","GRADE") VALUES (66,'2015826516',0.0);
INSERT INTO "GRADE"("COURSE_ID","STUDENT_ID","GRADE") VALUES (21,'2018164815',4.3);
INSERT INTO "GRADE"("COURSE_ID","STUDENT_ID","GRADE") VALUES (16,'2018400622',1.0);
INSERT INTO "GRADE"("COURSE_ID","STUDENT_ID","GRADE") VALUES (11,'2018164815',2.7);
INSERT INTO "GRADE"("COURSE_ID","STUDENT_ID","GRADE") VALUES (26,'2019628534',0.7);
INSERT INTO "GRADE"("COURSE_ID","STUDENT_ID","GRADE") VALUES (51,'2018400622',3.7);
INSERT INTO "GRADE"("COURSE_ID","STUDENT_ID","GRADE") VALUES (27,'2017790956',3.3);
INSERT INTO "GRADE"("COURSE_ID","STUDENT_ID","GRADE") VALUES (61,'2019628534',3.0);
INSERT INTO "GRADE"("COURSE_ID","STUDENT_ID","GRADE") VALUES (30,'2018853865',3.0);
INSERT INTO "GRADE"("COURSE_ID","STUDENT_ID","GRADE") VALUES (54,'2016900865',1.0);
INSERT INTO "GRADE"("COURSE_ID","STUDENT_ID","GRADE") VALUES (6,'2015985825',2.3);
INSERT INTO "GRADE"("COURSE_ID","STUDENT_ID","GRADE") VALUES (36,'2018164815',1.7);
INSERT INTO "GRADE"("COURSE_ID","STUDENT_ID","GRADE") VALUES (39,'2017359985',0.7);
INSERT INTO "GRADE"("COURSE_ID","STUDENT_ID","GRADE") VALUES (31,'2018400622',1.3);
INSERT INTO "GRADE"("COURSE_ID","STUDENT_ID","GRADE") VALUES (30,'2016635486',0.0);
INSERT INTO "GRADE"("COURSE_ID","STUDENT_ID","GRADE") VALUES (57,'2018400622',3.0);
INSERT INTO "GRADE"("COURSE_ID","STUDENT_ID","GRADE") VALUES (3,'2018400622',3.7);
INSERT INTO "GRADE"("COURSE_ID","STUDENT_ID","GRADE") VALUES (42,'2019076372',3.3);
INSERT INTO "GRADE"("COURSE_ID","STUDENT_ID","GRADE") VALUES (34,'2016572581',2.0);
INSERT INTO "GRADE"("COURSE_ID","STUDENT_ID","GRADE") VALUES (28,'2017359985',3.0);
INSERT INTO "GRADE"("COURSE_ID","STUDENT_ID","GRADE") VALUES (15,'2018761812',1.0);
INSERT INTO "GRADE"("COURSE_ID","STUDENT_ID","GRADE") VALUES (12,'2016596487',0.0);
INSERT INTO "GRADE"("COURSE_ID","STUDENT_ID","GRADE") VALUES (16,'2015384178',4.0);
INSERT INTO "GRADE"("COURSE_ID","STUDENT_ID","GRADE") VALUES (16,'2015985825',0.0);
INSERT INTO "GRADE"("COURSE_ID","STUDENT_ID","GRADE") VALUES (35,'2017294854',1.0);
INSERT INTO "GRADE"("COURSE_ID","STUDENT_ID","GRADE") VALUES (62,'2019628534',0.0);
INSERT INTO "GRADE"("COURSE_ID","STUDENT_ID","GRADE") VALUES (61,'2017580180',3.0);
INSERT INTO "GRADE"("COURSE_ID","STUDENT_ID","GRADE") VALUES (1,'2016635486',0.0);
INSERT INTO "GRADE"("COURSE_ID","STUDENT_ID","GRADE") VALUES (59,'2017294854',2.0);
INSERT INTO "GRADE"("COURSE_ID","STUDENT_ID","GRADE") VALUES (42,'2017588712',4.3);
INSERT INTO "GRADE"("COURSE_ID","STUDENT_ID","GRADE") VALUES (34,'2015161973',2.7);
INSERT INTO "GRADE"("COURSE_ID","STUDENT_ID","GRADE") VALUES (46,'2016900865',0.7);
INSERT INTO "GRADE"("COURSE_ID","STUDENT_ID","GRADE") VALUES (39,'2019814089',1.3);
INSERT INTO "GRADE"("COURSE_ID","STUDENT_ID","GRADE") VALUES (37,'2015312913',3.0);
INSERT INTO "GRADE"("COURSE_ID","STUDENT_ID","GRADE") VALUES (19,'2017597496',3.3);
INSERT INTO "GRADE"("COURSE_ID","STUDENT_ID","GRADE") VALUES (44,'2015985825',3.0);
INSERT INTO "GRADE"("COURSE_ID","STUDENT_ID","GRADE") VALUES (73,'2018761812',4.0);
INSERT INTO "GRADE"("COURSE_ID","STUDENT_ID","GRADE") VALUES (15,'2018164815',0.0);
INSERT INTO "GRADE"("COURSE_ID","STUDENT_ID","GRADE") VALUES (50,'2017588712',3.0);
INSERT INTO "GRADE"("COURSE_ID","STUDENT_ID","GRADE") VALUES (35,'2017580180',4.0);
INSERT INTO "GRADE"("COURSE_ID","STUDENT_ID","GRADE") VALUES (59,'2016572581',4.0);
INSERT INTO "GRADE"("COURSE_ID","STUDENT_ID","GRADE") VALUES (71,'2017412721',1.0);
INSERT INTO "GRADE"("COURSE_ID","STUDENT_ID","GRADE") VALUES (47,'2016635486',4.0);
INSERT INTO "GRADE"("COURSE_ID","STUDENT_ID","GRADE") VALUES (2,'2018671463',3.7);
INSERT INTO "GRADE"("COURSE_ID","STUDENT_ID","GRADE") VALUES (68,'2019234555',3.3);
INSERT INTO "GRADE"("COURSE_ID","STUDENT_ID","GRADE") VALUES (61,'2016635486',3.3);
INSERT INTO "GRADE"("COURSE_ID","STUDENT_ID","GRADE") VALUES (55,'2019038282',1.0);
INSERT INTO "GRADE"("COURSE_ID","STUDENT_ID","GRADE") VALUES (11,'2016572581',3.7);
INSERT INTO "GRADE"("COURSE_ID","STUDENT_ID","GRADE") VALUES (63,'2018671463',3.0);
INSERT INTO "GRADE"("COURSE_ID","STUDENT_ID","GRADE") VALUES (14,'2016596487',0.7);
INSERT INTO "GRADE"("COURSE_ID","STUDENT_ID","GRADE") VALUES (42,'2018853865',4.3);
INSERT INTO "GRADE"("COURSE_ID","STUDENT_ID","GRADE") VALUES (61,'2018671463',1.7);
INSERT INTO "GRADE"("COURSE_ID","STUDENT_ID","GRADE") VALUES (24,'2017790956',1.7);
INSERT INTO "GRADE"("COURSE_ID","STUDENT_ID","GRADE") VALUES (27,'2017121281',4.0);
INSERT INTO "GRADE"("COURSE_ID","STUDENT_ID","GRADE") VALUES (66,'2016900865',1.7);
INSERT INTO "GRADE"("COURSE_ID","STUDENT_ID","GRADE") VALUES (57,'2018761812',0.0);
INSERT INTO "GRADE"("COURSE_ID","STUDENT_ID","GRADE") VALUES (63,'2018761812',3.0);
INSERT INTO "GRADE"("COURSE_ID","STUDENT_ID","GRADE") VALUES (13,'2017580180',3.7);
INSERT INTO "GRADE"("COURSE_ID","STUDENT_ID","GRADE") VALUES (67,'2019814089',2.0);
INSERT INTO "GRADE"("COURSE_ID","STUDENT_ID","GRADE") VALUES (41,'2019525328',0.0);
INSERT INTO "GRADE"("COURSE_ID","STUDENT_ID","GRADE") VALUES (72,'2017294854',4.3);
INSERT INTO "GRADE"("COURSE_ID","STUDENT_ID","GRADE") VALUES (16,'2019814089',0.7);
INSERT INTO "GRADE"("COURSE_ID","STUDENT_ID","GRADE") VALUES (64,'2019270655',0.0);
INSERT INTO "GRADE"("COURSE_ID","STUDENT_ID","GRADE") VALUES (55,'2016635486',0.0);
INSERT INTO "GRADE"("COURSE_ID","STUDENT_ID","GRADE") VALUES (54,'2015985825',2.0);
INSERT INTO "GRADE"("COURSE_ID","STUDENT_ID","GRADE") VALUES (8,'2018761812',1.0);
INSERT INTO "GRADE"("COURSE_ID","STUDENT_ID","GRADE") VALUES (4,'2016635486',3.7);
INSERT INTO "GRADE"("COURSE_ID","STUDENT_ID","GRADE") VALUES (38,'2016900865',2.7);
INSERT INTO "GRADE"("COURSE_ID","STUDENT_ID","GRADE") VALUES (31,'2015826516',2.3);
INSERT INTO "GRADE"("COURSE_ID","STUDENT_ID","GRADE") VALUES (33,'2018164815',3.7);
INSERT INTO "GRADE"("COURSE_ID","STUDENT_ID","GRADE") VALUES (65,'2017412721',1.0);
INSERT INTO "GRADE"("COURSE_ID","STUDENT_ID","GRADE") VALUES (22,'2017790956',3.7);
INSERT INTO "GRADE"("COURSE_ID","STUDENT_ID","GRADE") VALUES (37,'2019038282',3.3);
INSERT INTO "GRADE"("COURSE_ID","STUDENT_ID","GRADE") VALUES (44,'2019628534',2.3);
INSERT INTO "GRADE"("COURSE_ID","STUDENT_ID","GRADE") VALUES (17,'2016635486',1.0);
INSERT INTO "GRADE"("COURSE_ID","STUDENT_ID","GRADE") VALUES (67,'2015985825',2.0);
INSERT INTO "GRADE"("COURSE_ID","STUDENT_ID","GRADE") VALUES (29,'2016596487',1.7);
INSERT INTO "GRADE"("COURSE_ID","STUDENT_ID","GRADE") VALUES (61,'2016596487',0.7);
INSERT INTO "GRADE"("COURSE_ID","STUDENT_ID","GRADE") VALUES (10,'2018671463',0.0);
INSERT INTO "GRADE"("COURSE_ID","STUDENT_ID","GRADE") VALUES (57,'2015384178',3.0);
INSERT INTO "GRADE"("COURSE_ID","STUDENT_ID","GRADE") VALUES (29,'2017294854',0.0);
INSERT INTO "GRADE"("COURSE_ID","STUDENT_ID","GRADE") VALUES (24,'2018853865',4.3);
INSERT INTO "GRADE"("COURSE_ID","STUDENT_ID","GRADE") VALUES (72,'2019076372',0.7);
INSERT INTO "GRADE"("COURSE_ID","STUDENT_ID","GRADE") VALUES (53,'2015312913',2.7);
INSERT INTO "GRADE"("COURSE_ID","STUDENT_ID","GRADE") VALUES (66,'2017597496',0.0);
INSERT INTO "GRADE"("COURSE_ID","STUDENT_ID","GRADE") VALUES (11,'2017121281',3.0);
INSERT INTO "GRADE"("COURSE_ID","STUDENT_ID","GRADE") VALUES (40,'2015312913',2.7);
INSERT INTO "GRADE"("COURSE_ID","STUDENT_ID","GRADE") VALUES (46,'2015384178',2.3);
INSERT INTO "GRADE"("COURSE_ID","STUDENT_ID","GRADE") VALUES (52,'2019628534',2.3);
INSERT INTO "GRADE"("COURSE_ID","STUDENT_ID","GRADE") VALUES (73,'2015312913',3.7);
INSERT INTO "GRADE"("COURSE_ID","STUDENT_ID","GRADE") VALUES (21,'2016596487',3.3);
INSERT INTO "GRADE"("COURSE_ID","STUDENT_ID","GRADE") VALUES (21,'2018853865',2.0);
INSERT INTO "GRADE"("COURSE_ID","STUDENT_ID","GRADE") VALUES (56,'2016900865',4.0);
INSERT INTO "GRADE"("COURSE_ID","STUDENT_ID","GRADE") VALUES (19,'2018671463',1.7);
INSERT INTO "GRADE"("COURSE_ID","STUDENT_ID","GRADE") VALUES (57,'2017121281',0.0);
INSERT INTO "GRADE"("COURSE_ID","STUDENT_ID","GRADE") VALUES (51,'2017580180',2.0);
INSERT INTO "GRADE"("COURSE_ID","STUDENT_ID","GRADE") VALUES (24,'2019234555',3.0);
INSERT INTO "GRADE"("COURSE_ID","STUDENT_ID","GRADE") VALUES (50,'2016596487',0.0);
INSERT INTO "GRADE"("COURSE_ID","STUDENT_ID","GRADE") VALUES (71,'2016572581',3.0);
INSERT INTO "GRADE"("COURSE_ID","STUDENT_ID","GRADE") VALUES (69,'2017790956',2.7);
INSERT INTO "GRADE"("COURSE_ID","STUDENT_ID","GRADE") VALUES (39,'2015826516',2.0);
INSERT INTO "GRADE"("COURSE_ID","STUDENT_ID","GRADE") VALUES (70,'2018671463',1.3);
INSERT INTO "GRADE"("COURSE_ID","STUDENT_ID","GRADE") VALUES (2,'2015161973',3.7);
INSERT INTO "GRADE"("COURSE_ID","STUDENT_ID","GRADE") VALUES (45,'2018164815',3.7);
INSERT INTO "GRADE"("COURSE_ID","STUDENT_ID","GRADE") VALUES (48,'2019234555',1.3);
INSERT INTO "GRADE"("COURSE_ID","STUDENT_ID","GRADE") VALUES (58,'2019628534',0.7);
INSERT INTO "GRADE"("COURSE_ID","STUDENT_ID","GRADE") VALUES (34,'2017121281',4.0);
INSERT INTO "GRADE"("COURSE_ID","STUDENT_ID","GRADE") VALUES (18,'2018761812',0.0);
INSERT INTO "GRADE"("COURSE_ID","STUDENT_ID","GRADE") VALUES (10,'2016572581',1.3);
INSERT INTO "GRADE"("COURSE_ID","STUDENT_ID","GRADE") VALUES (64,'2019525328',1.0);
INSERT INTO "GRADE"("COURSE_ID","STUDENT_ID","GRADE") VALUES (34,'2017580180',1.3);
INSERT INTO "GRADE"("COURSE_ID","STUDENT_ID","GRADE") VALUES (71,'2017359985',2.0);
INSERT INTO "GRADE"("COURSE_ID","STUDENT_ID","GRADE") VALUES (60,'2018853865',3.0);
INSERT INTO "GRADE"("COURSE_ID","STUDENT_ID","GRADE") VALUES (26,'2015527683',1.7);
INSERT INTO "GRADE"("COURSE_ID","STUDENT_ID","GRADE") VALUES (58,'2017588712',3.0);
INSERT INTO "GRADE"("COURSE_ID","STUDENT_ID","GRADE") VALUES (8,'2017121281',0.0);
INSERT INTO "GRADE"("COURSE_ID","STUDENT_ID","GRADE") VALUES (8,'2019270655',0.0);
INSERT INTO "GRADE"("COURSE_ID","STUDENT_ID","GRADE") VALUES (6,'2018853865',2.3);
INSERT INTO "GRADE"("COURSE_ID","STUDENT_ID","GRADE") VALUES (58,'2017412721',2.7);
INSERT INTO "GRADE"("COURSE_ID","STUDENT_ID","GRADE") VALUES (32,'2019076372',2.0);
INSERT INTO "GRADE"("COURSE_ID","STUDENT_ID","GRADE") VALUES (70,'2017790956',0.7);
INSERT INTO "GRADE"("COURSE_ID","STUDENT_ID","GRADE") VALUES (37,'2018400622',1.3);
INSERT INTO "GRADE"("COURSE_ID","STUDENT_ID","GRADE") VALUES (36,'2019525328',2.3);
INSERT INTO "GRADE"("COURSE_ID","STUDENT_ID","GRADE") VALUES (37,'2016900865',2.3);
INSERT INTO "GRADE"("COURSE_ID","STUDENT_ID","GRADE") VALUES (18,'2019814089',1.0);
INSERT INTO "GRADE"("COURSE_ID","STUDENT_ID","GRADE") VALUES (70,'2015312913',0.0);
INSERT INTO "GRADE"("COURSE_ID","STUDENT_ID","GRADE") VALUES (40,'2017588712',2.0);
INSERT INTO "GRADE"("COURSE_ID","STUDENT_ID","GRADE") VALUES (48,'2018400622',2.7);
INSERT INTO "GRADE"("COURSE_ID","STUDENT_ID","GRADE") VALUES (35,'2017597496',1.7);
INSERT INTO "GRADE"("COURSE_ID","STUDENT_ID","GRADE") VALUES (61,'2019270655',2.3);
INSERT INTO "GRADE"("COURSE_ID","STUDENT_ID","GRADE") VALUES (5,'2017412721',2.0);
INSERT INTO "GRADE"("COURSE_ID","STUDENT_ID","GRADE") VALUES (7,'2019038282',1.7);
INSERT INTO "GRADE"("COURSE_ID","STUDENT_ID","GRADE") VALUES (64,'2017597496',3.3);
INSERT INTO "GRADE"("COURSE_ID","STUDENT_ID","GRADE") VALUES (52,'2017790956',2.3);
INSERT INTO "GRADE"("COURSE_ID","STUDENT_ID","GRADE") VALUES (74,'2015312913',2.7);
INSERT INTO "GRADE"("COURSE_ID","STUDENT_ID","GRADE") VALUES (62,'2016596487',1.0);
INSERT INTO "GRADE"("COURSE_ID","STUDENT_ID","GRADE") VALUES (0,'2018761812',4.3);
INSERT INTO "GRADE"("COURSE_ID","STUDENT_ID","GRADE") VALUES (15,'2016596487',2.0);
INSERT INTO "GRADE"("COURSE_ID","STUDENT_ID","GRADE") VALUES (14,'2017597496',1.7);
INSERT INTO "GRADE"("COURSE_ID","STUDENT_ID","GRADE") VALUES (73,'2019038282',2.3);
INSERT INTO "GRADE"("COURSE_ID","STUDENT_ID","GRADE") VALUES (21,'2017359985',3.3);
INSERT INTO "GRADE"("COURSE_ID","STUDENT_ID","GRADE") VALUES (59,'2019270655',4.0);
INSERT INTO "GRADE"("COURSE_ID","STUDENT_ID","GRADE") VALUES (23,'2016900865',3.3);
INSERT INTO "GRADE"("COURSE_ID","STUDENT_ID","GRADE") VALUES (28,'2018400622',3.0);
INSERT INTO "GRADE"("COURSE_ID","STUDENT_ID","GRADE") VALUES (53,'2017597496',1.0);
INSERT INTO "GRADE"("COURSE_ID","STUDENT_ID","GRADE") VALUES (13,'2018164815',1.7);
INSERT INTO "GRADE"("COURSE_ID","STUDENT_ID","GRADE") VALUES (32,'2017580180',3.7);
INSERT INTO "GRADE"("COURSE_ID","STUDENT_ID","GRADE") VALUES (41,'2015384178',3.7);
INSERT INTO "GRADE"("COURSE_ID","STUDENT_ID","GRADE") VALUES (59,'2015527683',1.3);
INSERT INTO "GRADE"("COURSE_ID","STUDENT_ID","GRADE") VALUES (43,'2016900865',2.3);
INSERT INTO "GRADE"("COURSE_ID","STUDENT_ID","GRADE") VALUES (40,'2019814089',0.0);
INSERT INTO "GRADE"("COURSE_ID","STUDENT_ID","GRADE") VALUES (68,'2018853865',4.0);
INSERT INTO "GRADE"("COURSE_ID","STUDENT_ID","GRADE") VALUES (47,'2019234555',1.7);
INSERT INTO "GRADE"("COURSE_ID","STUDENT_ID","GRADE") VALUES (49,'2019628534',4.0);
INSERT INTO "GRADE"("COURSE_ID","STUDENT_ID","GRADE") VALUES (15,'2016635486',3.0);
INSERT INTO "GRADE"("COURSE_ID","STUDENT_ID","GRADE") VALUES (37,'2017597496',1.7);
INSERT INTO "GRADE"("COURSE_ID","STUDENT_ID","GRADE") VALUES (2,'2016596487',2.0);
INSERT INTO "GRADE"("COURSE_ID","STUDENT_ID","GRADE") VALUES (8,'2015384178',2.0);
INSERT INTO "GRADE"("COURSE_ID","STUDENT_ID","GRADE") VALUES (69,'2015527683',2.0);
INSERT INTO "GRADE"("COURSE_ID","STUDENT_ID","GRADE") VALUES (37,'2017294854',0.7);
INSERT INTO "GRADE"("COURSE_ID","STUDENT_ID","GRADE") VALUES (26,'2016572581',4.0);
INSERT INTO "GRADE"("COURSE_ID","STUDENT_ID","GRADE") VALUES (21,'2015384178',2.0);
INSERT INTO "GRADE"("COURSE_ID","STUDENT_ID","GRADE") VALUES (71,'2016635486',1.3);
INSERT INTO "GRADE"("COURSE_ID","STUDENT_ID","GRADE") VALUES (51,'2019270655',2.7);
INSERT INTO "GRADE"("COURSE_ID","STUDENT_ID","GRADE") VALUES (28,'2017121281',2.7);
INSERT INTO "GRADE"("COURSE_ID","STUDENT_ID","GRADE") VALUES (55,'2019814089',1.0);
INSERT INTO "GRADE"("COURSE_ID","STUDENT_ID","GRADE") VALUES (62,'2019038282',1.7);
INSERT INTO "GRADE"("COURSE_ID","STUDENT_ID","GRADE") VALUES (31,'2018853865',2.0);
INSERT INTO "GRADE"("COURSE_ID","STUDENT_ID","GRADE") VALUES (64,'2017359985',2.3);
INSERT INTO "GRADE"("COURSE_ID","STUDENT_ID","GRADE") VALUES (3,'2017412721',3.0);
INSERT INTO "GRADE"("COURSE_ID","STUDENT_ID","GRADE") VALUES (3,'2016635486',1.0);
INSERT INTO "GRADE"("COURSE_ID","STUDENT_ID","GRADE") VALUES (44,'2016900865',3.3);
INSERT INTO "GRADE"("COURSE_ID","STUDENT_ID","GRADE") VALUES (14,'2015384178',0.0);
INSERT INTO "GRADE"("COURSE_ID","STUDENT_ID","GRADE") VALUES (46,'2017588712',4.3);
INSERT INTO "GRADE"("COURSE_ID","STUDENT_ID","GRADE") VALUES (63,'2018853865',4.3);
INSERT INTO "GRADE"("COURSE_ID","STUDENT_ID","GRADE") VALUES (0,'2015826516',2.3);
INSERT INTO "GRADE"("COURSE_ID","STUDENT_ID","GRADE") VALUES (60,'2019814089',4.0);
INSERT INTO "GRADE"("COURSE_ID","STUDENT_ID","GRADE") VALUES (43,'2018164815',1.3);
INSERT INTO "GRADE"("COURSE_ID","STUDENT_ID","GRADE") VALUES (56,'2016572581',4.3);
INSERT INTO "GRADE"("COURSE_ID","STUDENT_ID","GRADE") VALUES (30,'2017580180',3.0);
INSERT INTO "GRADE"("COURSE_ID","STUDENT_ID","GRADE") VALUES (56,'2015985825',1.0);
INSERT INTO "GRADE"("COURSE_ID","STUDENT_ID","GRADE") VALUES (8,'2017588712',2.7);
INSERT INTO "GRADE"("COURSE_ID","STUDENT_ID","GRADE") VALUES (38,'2015826516',3.7);
INSERT INTO "GRADE"("COURSE_ID","STUDENT_ID","GRADE") VALUES (2,'2019628534',3.0);
INSERT INTO "GRADE"("COURSE_ID","STUDENT_ID","GRADE") VALUES (52,'2018400622',3.7);
INSERT INTO "GRADE"("COURSE_ID","STUDENT_ID","GRADE") VALUES (42,'2018671463',3.0);
INSERT INTO "GRADE"("COURSE_ID","STUDENT_ID","GRADE") VALUES (57,'2018671463',2.7);
INSERT INTO "GRADE"("COURSE_ID","STUDENT_ID","GRADE") VALUES (2,'2017580180',3.3);
INSERT INTO "GRADE"("COURSE_ID","STUDENT_ID","GRADE") VALUES (46,'2017412721',0.0);
INSERT INTO "GRADE"("COURSE_ID","STUDENT_ID","GRADE") VALUES (24,'2015826516',3.0);
INSERT INTO "GRADE"("COURSE_ID","STUDENT_ID","GRADE") VALUES (57,'2019076372',0.0);
INSERT INTO "GRADE"("COURSE_ID","STUDENT_ID","GRADE") VALUES (63,'2015826516',4.0);
INSERT INTO "GRADE"("COURSE_ID","STUDENT_ID","GRADE") VALUES (16,'2017294854',2.7);
INSERT INTO "GRADE"("COURSE_ID","STUDENT_ID","GRADE") VALUES (74,'2019628534',1.3);
INSERT INTO "GRADE"("COURSE_ID","STUDENT_ID","GRADE") VALUES (27,'2016596487',2.0);
INSERT INTO "GRADE"("COURSE_ID","STUDENT_ID","GRADE") VALUES (51,'2015312913',2.7);
INSERT INTO "GRADE"("COURSE_ID","STUDENT_ID","GRADE") VALUES (56,'2017588712',3.3);
INSERT INTO "GRADE"("COURSE_ID","STUDENT_ID","GRADE") VALUES (45,'2017412721',2.3);
INSERT INTO "GRADE"("COURSE_ID","STUDENT_ID","GRADE") VALUES (27,'2019076372',3.7);
INSERT INTO "GRADE"("COURSE_ID","STUDENT_ID","GRADE") VALUES (40,'2018853865',3.3);
INSERT INTO "GRADE"("COURSE_ID","STUDENT_ID","GRADE") VALUES (21,'2019814089',4.0);
INSERT INTO "GRADE"("COURSE_ID","STUDENT_ID","GRADE") VALUES (46,'2017294854',1.3);
INSERT INTO "GRADE"("COURSE_ID","STUDENT_ID","GRADE") VALUES (58,'2016572581',4.3);
INSERT INTO "GRADE"("COURSE_ID","STUDENT_ID","GRADE") VALUES (64,'2017121281',2.7);
INSERT INTO "GRADE"("COURSE_ID","STUDENT_ID","GRADE") VALUES (30,'2019814089',1.3);
INSERT INTO "GRADE"("COURSE_ID","STUDENT_ID","GRADE") VALUES (64,'2016635486',3.3);
INSERT INTO "GRADE"("COURSE_ID","STUDENT_ID","GRADE") VALUES (13,'2016635486',0.0);
INSERT INTO "GRADE"("COURSE_ID","STUDENT_ID","GRADE") VALUES (4,'2015527683',4.3);
INSERT INTO "GRADE"("COURSE_ID","STUDENT_ID","GRADE") VALUES (35,'2019234555',1.7);
INSERT INTO "GRADE"("COURSE_ID","STUDENT_ID","GRADE") VALUES (6,'2017597496',3.7);
INSERT INTO "GRADE"("COURSE_ID","STUDENT_ID","GRADE") VALUES (33,'2017294854',2.3);
INSERT INTO "GRADE"("COURSE_ID","STUDENT_ID","GRADE") VALUES (29,'2016900865',4.0);
INSERT INTO "GRADE"("COURSE_ID","STUDENT_ID","GRADE") VALUES (55,'2018853865',0.0);
INSERT INTO "GRADE"("COURSE_ID","STUDENT_ID","GRADE") VALUES (47,'2019525328',1.0);
INSERT INTO "GRADE"("COURSE_ID","STUDENT_ID","GRADE") VALUES (30,'2019628534',1.0);
INSERT INTO "GRADE"("COURSE_ID","STUDENT_ID","GRADE") VALUES (36,'2015384178',1.7);
INSERT INTO "GRADE"("COURSE_ID","STUDENT_ID","GRADE") VALUES (71,'2016900865',0.0);
INSERT INTO "GRADE"("COURSE_ID","STUDENT_ID","GRADE") VALUES (40,'2016900865',1.0);
INSERT INTO "GRADE"("COURSE_ID","STUDENT_ID","GRADE") VALUES (37,'2017412721',1.3);
INSERT INTO "GRADE"("COURSE_ID","STUDENT_ID","GRADE") VALUES (37,'2016596487',2.3);
INSERT INTO "GRADE"("COURSE_ID","STUDENT_ID","GRADE") VALUES (62,'2017121281',1.7);
INSERT INTO "GRADE"("COURSE_ID","STUDENT_ID","GRADE") VALUES (26,'2019814089',2.7);
INSERT INTO "GRADE"("COURSE_ID","STUDENT_ID","GRADE") VALUES (3,'2017790956',4.3);
INSERT INTO "GRADE"("COURSE_ID","STUDENT_ID","GRADE") VALUES (26,'2018853865',1.3);
INSERT INTO "GRADE"("COURSE_ID","STUDENT_ID","GRADE") VALUES (74,'2015527683',0.0);
INSERT INTO "GRADE"("COURSE_ID","STUDENT_ID","GRADE") VALUES (11,'2019076372',1.0);
INSERT INTO "GRADE"("COURSE_ID","STUDENT_ID","GRADE") VALUES (9,'2015312913',2.0);
INSERT INTO "GRADE"("COURSE_ID","STUDENT_ID","GRADE") VALUES (36,'2017412721',2.7);
INSERT INTO "GRADE"("COURSE_ID","STUDENT_ID","GRADE") VALUES (21,'2017580180',3.7);
INSERT INTO "GRADE"("COURSE_ID","STUDENT_ID","GRADE") VALUES (22,'2017294854',1.7);
INSERT INTO "GRADE"("COURSE_ID","STUDENT_ID","GRADE") VALUES (9,'2015826516',2.0);
INSERT INTO "GRADE"("COURSE_ID","STUDENT_ID","GRADE") VALUES (69,'2019628534',1.3);
INSERT INTO "GRADE"("COURSE_ID","STUDENT_ID","GRADE") VALUES (6,'2019234555',3.7);
INSERT INTO "GRADE"("COURSE_ID","STUDENT_ID","GRADE") VALUES (26,'2017359985',1.7);
INSERT INTO "GRADE"("COURSE_ID","STUDENT_ID","GRADE") VALUES (41,'2019038282',2.0);
INSERT INTO "GRADE"("COURSE_ID","STUDENT_ID","GRADE") VALUES (72,'2016596487',0.7);
INSERT INTO "GRADE"("COURSE_ID","STUDENT_ID","GRADE") VALUES (2,'2019076372',2.0);
INSERT INTO "GRADE"("COURSE_ID","STUDENT_ID","GRADE") VALUES (25,'2018671463',4.3);
INSERT INTO "GRADE"("COURSE_ID","STUDENT_ID","GRADE") VALUES (38,'2017359985',3.7);
INSERT INTO "GRADE"("COURSE_ID","STUDENT_ID","GRADE") VALUES (12,'2015826516',2.0);
INSERT INTO "GRADE"("COURSE_ID","STUDENT_ID","GRADE") VALUES (12,'2017790956',2.7);
INSERT INTO "GRADE"("COURSE_ID","STUDENT_ID","GRADE") VALUES (24,'2018671463',4.0);
INSERT INTO "GRADE"("COURSE_ID","STUDENT_ID","GRADE") VALUES (5,'2018671463',2.7);
INSERT INTO "GRADE"("COURSE_ID","STUDENT_ID","GRADE") VALUES (54,'2018853865',4.0);
INSERT INTO "GRADE"("COURSE_ID","STUDENT_ID","GRADE") VALUES (70,'2016596487',0.0);
INSERT INTO "GRADE"("COURSE_ID","STUDENT_ID","GRADE") VALUES (66,'2019234555',2.0);
INSERT INTO "GRADE"("COURSE_ID","STUDENT_ID","GRADE") VALUES (53,'2019234555',2.3);
INSERT INTO "GRADE"("COURSE_ID","STUDENT_ID","GRADE") VALUES (14,'2019525328',3.0);
INSERT INTO "GRADE"("COURSE_ID","STUDENT_ID","GRADE") VALUES (13,'2017294854',1.3);
INSERT INTO "GRADE"("COURSE_ID","STUDENT_ID","GRADE") VALUES (43,'2016596487',3.0);
INSERT INTO "GRADE"("COURSE_ID","STUDENT_ID","GRADE") VALUES (49,'2018400622',2.3);
INSERT INTO "GRADE"("COURSE_ID","STUDENT_ID","GRADE") VALUES (25,'2017359985',3.0);
INSERT INTO "GRADE"("COURSE_ID","STUDENT_ID","GRADE") VALUES (67,'2016596487',0.7);
INSERT INTO "GRADE"("COURSE_ID","STUDENT_ID","GRADE") VALUES (68,'2018671463',1.0);
INSERT INTO "GRADE"("COURSE_ID","STUDENT_ID","GRADE") VALUES (42,'2017121281',4.0);
INSERT INTO "GRADE"("COURSE_ID","STUDENT_ID","GRADE") VALUES (3,'2017359985',2.0);
INSERT INTO "GRADE"("COURSE_ID","STUDENT_ID","GRADE") VALUES (38,'2017121281',0.0);
INSERT INTO "GRADE"("COURSE_ID","STUDENT_ID","GRADE") VALUES (32,'2015161973',2.0);
INSERT INTO "GRADE"("COURSE_ID","STUDENT_ID","GRADE") VALUES (62,'2019234555',2.7);
INSERT INTO "GRADE"("COURSE_ID","STUDENT_ID","GRADE") VALUES (41,'2017294854',4.3);
INSERT INTO "GRADE"("COURSE_ID","STUDENT_ID","GRADE") VALUES (21,'2015527683',3.0);
INSERT INTO "GRADE"("COURSE_ID","STUDENT_ID","GRADE") VALUES (43,'2019234555',4.3);
INSERT INTO "GRADE"("COURSE_ID","STUDENT_ID","GRADE") VALUES (5,'2016900865',1.7);
INSERT INTO "GRADE"("COURSE_ID","STUDENT_ID","GRADE") VALUES (64,'2019814089',2.0);
INSERT INTO "GRADE"("COURSE_ID","STUDENT_ID","GRADE") VALUES (56,'2015161973',4.3);
INSERT INTO "GRADE"("COURSE_ID","STUDENT_ID","GRADE") VALUES (11,'2015161973',1.7);
INSERT INTO "GRADE"("COURSE_ID","STUDENT_ID","GRADE") VALUES (7,'2019628534',1.3);
INSERT INTO "GRADE"("COURSE_ID","STUDENT_ID","GRADE") VALUES (10,'2019525328',3.3);
INSERT INTO "GRADE"("COURSE_ID","STUDENT_ID","GRADE") VALUES (15,'2019628534',4.0);
INSERT INTO "GRADE"("COURSE_ID","STUDENT_ID","GRADE") VALUES (11,'2015312913',1.0);
INSERT INTO "GRADE"("COURSE_ID","STUDENT_ID","GRADE") VALUES (54,'2017580180',2.0);
INSERT INTO "GRADE"("COURSE_ID","STUDENT_ID","GRADE") VALUES (44,'2017597496',1.0);
INSERT INTO "GRADE"("COURSE_ID","STUDENT_ID","GRADE") VALUES (9,'2018671463',2.3);
INSERT INTO "GRADE"("COURSE_ID","STUDENT_ID","GRADE") VALUES (6,'2017412721',4.3);
INSERT INTO "GRADE"("COURSE_ID","STUDENT_ID","GRADE") VALUES (63,'2017588712',2.7);
INSERT INTO "GRADE"("COURSE_ID","STUDENT_ID","GRADE") VALUES (54,'2017294854',2.7);
INSERT INTO "GRADE"("COURSE_ID","STUDENT_ID","GRADE") VALUES (33,'2019814089',2.0);
INSERT INTO "GRADE"("COURSE_ID","STUDENT_ID","GRADE") VALUES (17,'2019038282',0.0);
INSERT INTO "GRADE"("COURSE_ID","STUDENT_ID","GRADE") VALUES (27,'2019038282',4.3);
INSERT INTO "GRADE"("COURSE_ID","STUDENT_ID","GRADE") VALUES (14,'2015826516',2.7);
INSERT INTO "GRADE"("COURSE_ID","STUDENT_ID","GRADE") VALUES (30,'2015312913',1.3);
INSERT INTO "GRADE"("COURSE_ID","STUDENT_ID","GRADE") VALUES (62,'2019076372',1.3);
INSERT INTO "GRADE"("COURSE_ID","STUDENT_ID","GRADE") VALUES (29,'2019234555',2.0);
INSERT INTO "GRADE"("COURSE_ID","STUDENT_ID","GRADE") VALUES (66,'2019038282',0.0);
INSERT INTO "GRADE"("COURSE_ID","STUDENT_ID","GRADE") VALUES (62,'2019270655',2.3);
INSERT INTO "GRADE"("COURSE_ID","STUDENT_ID","GRADE") VALUES (5,'2019814089',2.0);
INSERT INTO "GRADE"("COURSE_ID","STUDENT_ID","GRADE") VALUES (24,'2018400622',0.7);
INSERT INTO "GRADE"("COURSE_ID","STUDENT_ID","GRADE") VALUES (27,'2017412721',3.7);
INSERT INTO "GRADE"("COURSE_ID","STUDENT_ID","GRADE") VALUES (14,'2015161973',3.0);
INSERT INTO "GRADE"("COURSE_ID","STUDENT_ID","GRADE") VALUES (66,'2015312913',0.0);
INSERT INTO "GRADE"("COURSE_ID","STUDENT_ID","GRADE") VALUES (31,'2019525328',2.0);
INSERT INTO "GRADE"("COURSE_ID","STUDENT_ID","GRADE") VALUES (22,'2017597496',0.7);
INSERT INTO "GRADE"("COURSE_ID","STUDENT_ID","GRADE") VALUES (43,'2017790956',1.0);
INSERT INTO "GRADE"("COURSE_ID","STUDENT_ID","GRADE") VALUES (53,'2015826516',3.7);
INSERT INTO "GRADE"("COURSE_ID","STUDENT_ID","GRADE") VALUES (54,'2019038282',1.7);
INSERT INTO "GRADE"("COURSE_ID","STUDENT_ID","GRADE") VALUES (55,'2018671463',4.0);
INSERT INTO "GRADE"("COURSE_ID","STUDENT_ID","GRADE") VALUES (49,'2019525328',2.3);
INSERT INTO "GRADE"("COURSE_ID","STUDENT_ID","GRADE") VALUES (35,'2018164815',1.0);
INSERT INTO "GRADE"("COURSE_ID","STUDENT_ID","GRADE") VALUES (35,'2015161973',1.0);
INSERT INTO "GRADE"("COURSE_ID","STUDENT_ID","GRADE") VALUES (17,'2016900865',1.3);
INSERT INTO "GRADE"("COURSE_ID","STUDENT_ID","GRADE") VALUES (40,'2018164815',3.7);
INSERT INTO "GRADE"("COURSE_ID","STUDENT_ID","GRADE") VALUES (47,'2015527683',3.0);
INSERT INTO "GRADE"("COURSE_ID","STUDENT_ID","GRADE") VALUES (23,'2017580180',0.7);
INSERT INTO "GRADE"("COURSE_ID","STUDENT_ID","GRADE") VALUES (30,'2019076372',4.0);
INSERT INTO "GRADE"("COURSE_ID","STUDENT_ID","GRADE") VALUES (70,'2018400622',0.0);
INSERT INTO "GRADE"("COURSE_ID","STUDENT_ID","GRADE") VALUES (40,'2017121281',2.7);
INSERT INTO "GRADE"("COURSE_ID","STUDENT_ID","GRADE") VALUES (54,'2015312913',3.3);
INSERT INTO "GRADE"("COURSE_ID","STUDENT_ID","GRADE") VALUES (65,'2016900865',3.0);
INSERT INTO "GRADE"("COURSE_ID","STUDENT_ID","GRADE") VALUES (48,'2019525328',1.7);
INSERT INTO "GRADE"("COURSE_ID","STUDENT_ID","GRADE") VALUES (51,'2016596487',2.0);
INSERT INTO "GRADE"("COURSE_ID","STUDENT_ID","GRADE") VALUES (8,'2019525328',0.0);
INSERT INTO "GRADE"("COURSE_ID","STUDENT_ID","GRADE") VALUES (27,'2019270655',2.7);
INSERT INTO "GRADE"("COURSE_ID","STUDENT_ID","GRADE") VALUES (15,'2017580180',0.0);
INSERT INTO "GRADE"("COURSE_ID","STUDENT_ID","GRADE") VALUES (2,'2017121281',4.3);
INSERT INTO "GRADE"("COURSE_ID","STUDENT_ID","GRADE") VALUES (33,'2019270655',3.3);
INSERT INTO "GRADE"("COURSE_ID","STUDENT_ID","GRADE") VALUES (28,'2019270655',0.0);
INSERT INTO "GRADE"("COURSE_ID","STUDENT_ID","GRADE") VALUES (67,'2019270655',2.3);
INSERT INTO "GRADE"("COURSE_ID","STUDENT_ID","GRADE") VALUES (13,'2019814089',3.3);
INSERT INTO "GRADE"("COURSE_ID","STUDENT_ID","GRADE") VALUES (19,'2015312913',0.7);
INSERT INTO "GRADE"("COURSE_ID","STUDENT_ID","GRADE") VALUES (64,'2015527683',4.0);
INSERT INTO "GRADE"("COURSE_ID","STUDENT_ID","GRADE") VALUES (18,'2017580180',3.7);
INSERT INTO "GRADE"("COURSE_ID","STUDENT_ID","GRADE") VALUES (32,'2017588712',3.3);
INSERT INTO "GRADE"("COURSE_ID","STUDENT_ID","GRADE") VALUES (60,'2017597496',0.0);
INSERT INTO "GRADE"("COURSE_ID","STUDENT_ID","GRADE") VALUES (16,'2017597496',0.7);
INSERT INTO "GRADE"("COURSE_ID","STUDENT_ID","GRADE") VALUES (27,'2015312913',4.0);
INSERT INTO "GRADE"("COURSE_ID","STUDENT_ID","GRADE") VALUES (60,'2017580180',2.0);
INSERT INTO "GRADE"("COURSE_ID","STUDENT_ID","GRADE") VALUES (12,'2019038282',3.7);
INSERT INTO "GRADE"("COURSE_ID","STUDENT_ID","GRADE") VALUES (53,'2019270655',2.7);
INSERT INTO "GRADE"("COURSE_ID","STUDENT_ID","GRADE") VALUES (33,'2018671463',0.0);
INSERT INTO "GRADE"("COURSE_ID","STUDENT_ID","GRADE") VALUES (6,'2017588712',4.0);
INSERT INTO "GRADE"("COURSE_ID","STUDENT_ID","GRADE") VALUES (32,'2017294854',0.7);
INSERT INTO "GRADE"("COURSE_ID","STUDENT_ID","GRADE") VALUES (31,'2019234555',3.7);
INSERT INTO "GRADE"("COURSE_ID","STUDENT_ID","GRADE") VALUES (59,'2017580180',1.0);
INSERT INTO "GRADE"("COURSE_ID","STUDENT_ID","GRADE") VALUES (57,'2016635486',1.3);
INSERT INTO "GRADE"("COURSE_ID","STUDENT_ID","GRADE") VALUES (35,'2015384178',2.7);
INSERT INTO "GRADE"("COURSE_ID","STUDENT_ID","GRADE") VALUES (52,'2016900865',2.3);
INSERT INTO "GRADE"("COURSE_ID","STUDENT_ID","GRADE") VALUES (48,'2015826516',2.3);
INSERT INTO "GRADE"("COURSE_ID","STUDENT_ID","GRADE") VALUES (29,'2015161973',1.0);
INSERT INTO "GRADE"("COURSE_ID","STUDENT_ID","GRADE") VALUES (72,'2017359985',0.0);
INSERT INTO "GRADE"("COURSE_ID","STUDENT_ID","GRADE") VALUES (40,'2018400622',2.7);
INSERT INTO "GRADE"("COURSE_ID","STUDENT_ID","GRADE") VALUES (11,'2019270655',3.3);
INSERT INTO "GRADE"("COURSE_ID","STUDENT_ID","GRADE") VALUES (63,'2015312913',1.7);
INSERT INTO "GRADE"("COURSE_ID","STUDENT_ID","GRADE") VALUES (43,'2015161973',2.0);
INSERT INTO "GRADE"("COURSE_ID","STUDENT_ID","GRADE") VALUES (44,'2017580180',3.3);
INSERT INTO "GRADE"("COURSE_ID","STUDENT_ID","GRADE") VALUES (34,'2017359985',1.0);
INSERT INTO "GRADE"("COURSE_ID","STUDENT_ID","GRADE") VALUES (58,'2019525328',0.0);
INSERT INTO "GRADE"("COURSE_ID","STUDENT_ID","GRADE") VALUES (4,'2016900865',1.3);
INSERT INTO "GRADE"("COURSE_ID","STUDENT_ID","GRADE") VALUES (24,'2019628534',2.7);
INSERT INTO "GRADE"("COURSE_ID","STUDENT_ID","GRADE") VALUES (44,'2016635486',4.3);
INSERT INTO "GRADE"("COURSE_ID","STUDENT_ID","GRADE") VALUES (6,'2018761812',2.0);
INSERT INTO "GRADE"("COURSE_ID","STUDENT_ID","GRADE") VALUES (19,'2017412721',3.0);
INSERT INTO "GRADE"("COURSE_ID","STUDENT_ID","GRADE") VALUES (14,'2016572581',2.0);
INSERT INTO "GRADE"("COURSE_ID","STUDENT_ID","GRADE") VALUES (36,'2019814089',3.7);
INSERT INTO "GRADE"("COURSE_ID","STUDENT_ID","GRADE") VALUES (33,'2017588712',4.3);
INSERT INTO "GRADE"("COURSE_ID","STUDENT_ID","GRADE") VALUES (9,'2015161973',1.3);
INSERT INTO "GRADE"("COURSE_ID","STUDENT_ID","GRADE") VALUES (56,'2016596487',4.3);
INSERT INTO "GRADE"("COURSE_ID","STUDENT_ID","GRADE") VALUES (65,'2017790956',0.7);
INSERT INTO "GRADE"("COURSE_ID","STUDENT_ID","GRADE") VALUES (10,'2018761812',0.0);
INSERT INTO "GRADE"("COURSE_ID","STUDENT_ID","GRADE") VALUES (25,'2018164815',4.3);
INSERT INTO "GRADE"("COURSE_ID","STUDENT_ID","GRADE") VALUES (36,'2016900865',3.7);
INSERT INTO "GRADE"("COURSE_ID","STUDENT_ID","GRADE") VALUES (62,'2015161973',3.7);
INSERT INTO "GRADE"("COURSE_ID","STUDENT_ID","GRADE") VALUES (6,'2019038282',0.0);
INSERT INTO "GRADE"("COURSE_ID","STUDENT_ID","GRADE") VALUES (51,'2017294854',3.0);
INSERT INTO "GRADE"("COURSE_ID","STUDENT_ID","GRADE") VALUES (0,'2017359985',3.3);
INSERT INTO "GRADE"("COURSE_ID","STUDENT_ID","GRADE") VALUES (71,'2019270655',0.0);
INSERT INTO "GRADE"("COURSE_ID","STUDENT_ID","GRADE") VALUES (55,'2017580180',4.3);
INSERT INTO "GRADE"("COURSE_ID","STUDENT_ID","GRADE") VALUES (21,'2017412721',1.0);
INSERT INTO "GRADE"("COURSE_ID","STUDENT_ID","GRADE") VALUES (43,'2019814089',2.7);
INSERT INTO "GRADE"("COURSE_ID","STUDENT_ID","GRADE") VALUES (68,'2019814089',2.0);
INSERT INTO "GRADE"("COURSE_ID","STUDENT_ID","GRADE") VALUES (36,'2015312913',1.7);
INSERT INTO "GRADE"("COURSE_ID","STUDENT_ID","GRADE") VALUES (34,'2019038282',1.0);
INSERT INTO "GRADE"("COURSE_ID","STUDENT_ID","GRADE") VALUES (4,'2019234555',0.0);
INSERT INTO "GRADE"("COURSE_ID","STUDENT_ID","GRADE") VALUES (0,'2017588712',2.3);
INSERT INTO "GRADE"("COURSE_ID","STUDENT_ID","GRADE") VALUES (43,'2017597496',1.3);
INSERT INTO "GRADE"("COURSE_ID","STUDENT_ID","GRADE") VALUES (59,'2017412721',0.0);
INSERT INTO "GRADE"("COURSE_ID","STUDENT_ID","GRADE") VALUES (69,'2015384178',0.7);
INSERT INTO "GRADE"("COURSE_ID","STUDENT_ID","GRADE") VALUES (69,'2017580180',0.0);
INSERT INTO "GRADE"("COURSE_ID","STUDENT_ID","GRADE") VALUES (4,'2019628534',3.7);
INSERT INTO "GRADE"("COURSE_ID","STUDENT_ID","GRADE") VALUES (18,'2019525328',4.3);
INSERT INTO "GRADE"("COURSE_ID","STUDENT_ID","GRADE") VALUES (53,'2019076372',2.0);
INSERT INTO "GRADE"("COURSE_ID","STUDENT_ID","GRADE") VALUES (21,'2019270655',3.7);
INSERT INTO "GRADE"("COURSE_ID","STUDENT_ID","GRADE") VALUES (5,'2017597496',1.0);
INSERT INTO "GRADE"("COURSE_ID","STUDENT_ID","GRADE") VALUES (11,'2018671463',4.0);
INSERT INTO "GRADE"("COURSE_ID","STUDENT_ID","GRADE") VALUES (26,'2017588712',0.0);
INSERT INTO "GRADE"("COURSE_ID","STUDENT_ID","GRADE") VALUES (50,'2015527683',1.7);
INSERT INTO "GRADE"("COURSE_ID","STUDENT_ID","GRADE") VALUES (63,'2016635486',2.0);
INSERT INTO "GRADE"("COURSE_ID","STUDENT_ID","GRADE") VALUES (26,'2017580180',4.0);
INSERT INTO "GRADE"("COURSE_ID","STUDENT_ID","GRADE") VALUES (26,'2015161973',3.3);
INSERT INTO "GRADE"("COURSE_ID","STUDENT_ID","GRADE") VALUES (11,'2017294854',0.0);
INSERT INTO "GRADE"("COURSE_ID","STUDENT_ID","GRADE") VALUES (10,'2016900865',1.3);
INSERT INTO "GRADE"("COURSE_ID","STUDENT_ID","GRADE") VALUES (47,'2016596487',0.0);
INSERT INTO "GRADE"("COURSE_ID","STUDENT_ID","GRADE") VALUES (47,'2015384178',4.3);
INSERT INTO "GRADE"("COURSE_ID","STUDENT_ID","GRADE") VALUES (60,'2017359985',3.0);
INSERT INTO "GRADE"("COURSE_ID","STUDENT_ID","GRADE") VALUES (6,'2019525328',1.0);
INSERT INTO "GRADE"("COURSE_ID","STUDENT_ID","GRADE") VALUES (12,'2018164815',1.0);
INSERT INTO "GRADE"("COURSE_ID","STUDENT_ID","GRADE") VALUES (54,'2017597496',1.7);
INSERT INTO "GRADE"("COURSE_ID","STUDENT_ID","GRADE") VALUES (24,'2017294854',2.7);
INSERT INTO "GRADE"("COURSE_ID","STUDENT_ID","GRADE") VALUES (66,'2019076372',4.3);
INSERT INTO "GRADE"("COURSE_ID","STUDENT_ID","GRADE") VALUES (74,'2018164815',1.0);
INSERT INTO "GRADE"("COURSE_ID","STUDENT_ID","GRADE") VALUES (17,'2018671463',2.3);
INSERT INTO "GRADE"("COURSE_ID","STUDENT_ID","GRADE") VALUES (61,'2019076372',4.0);
INSERT INTO "GRADE"("COURSE_ID","STUDENT_ID","GRADE") VALUES (61,'2019525328',1.0);
INSERT INTO "GRADE"("COURSE_ID","STUDENT_ID","GRADE") VALUES (57,'2017790956',3.3);
INSERT INTO "GRADE"("COURSE_ID","STUDENT_ID","GRADE") VALUES (48,'2019076372',1.3);
INSERT INTO "GRADE"("COURSE_ID","STUDENT_ID","GRADE") VALUES (34,'2015312913',2.0);
INSERT INTO "GRADE"("COURSE_ID","STUDENT_ID","GRADE") VALUES (31,'2019076372',2.7);
INSERT INTO "GRADE"("COURSE_ID","STUDENT_ID","GRADE") VALUES (30,'2017588712',2.0);
INSERT INTO "GRADE"("COURSE_ID","STUDENT_ID","GRADE") VALUES (26,'2019038282',3.0);
INSERT INTO "GRADE"("COURSE_ID","STUDENT_ID","GRADE") VALUES (57,'2017359985',1.3);
INSERT INTO "GRADE"("COURSE_ID","STUDENT_ID","GRADE") VALUES (21,'2016572581',0.0);
INSERT INTO "GRADE"("COURSE_ID","STUDENT_ID","GRADE") VALUES (66,'2015527683',4.0);
INSERT INTO "GRADE"("COURSE_ID","STUDENT_ID","GRADE") VALUES (41,'2019270655',4.0);
INSERT INTO "GRADE"("COURSE_ID","STUDENT_ID","GRADE") VALUES (9,'2018400622',0.0);
INSERT INTO "GRADE"("COURSE_ID","STUDENT_ID","GRADE") VALUES (43,'2017580180',4.0);
INSERT INTO "GRADE"("COURSE_ID","STUDENT_ID","GRADE") VALUES (35,'2019628534',1.0);
INSERT INTO "GRADE"("COURSE_ID","STUDENT_ID","GRADE") VALUES (58,'2018853865',4.0);
INSERT INTO "GRADE"("COURSE_ID","STUDENT_ID","GRADE") VALUES (25,'2017121281',1.3);
INSERT INTO "GRADE"("COURSE_ID","STUDENT_ID","GRADE") VALUES (29,'2018164815',2.0);
INSERT INTO "GRADE"("COURSE_ID","STUDENT_ID","GRADE") VALUES (29,'2019814089',0.0);
INSERT INTO "GRADE"("COURSE_ID","STUDENT_ID","GRADE") VALUES (16,'2016596487',1.0);
INSERT INTO "GRADE"("COURSE_ID","STUDENT_ID","GRADE") VALUES (58,'2017597496',3.3);
INSERT INTO "GRADE"("COURSE_ID","STUDENT_ID","GRADE") VALUES (68,'2018164815',1.0);
INSERT INTO "GRADE"("COURSE_ID","STUDENT_ID","GRADE") VALUES (31,'2016900865',3.3);
INSERT INTO "GRADE"("COURSE_ID","STUDENT_ID","GRADE") VALUES (12,'2017597496',2.3);
INSERT INTO "GRADE"("COURSE_ID","STUDENT_ID","GRADE") VALUES (35,'2018853865',3.7);
INSERT INTO "GRADE"("COURSE_ID","STUDENT_ID","GRADE") VALUES (34,'2019076372',4.3);
INSERT INTO "GRADE"("COURSE_ID","STUDENT_ID","GRADE") VALUES (51,'2018761812',0.0);
INSERT INTO "GRADE"("COURSE_ID","STUDENT_ID","GRADE") VALUES (73,'2015527683',3.0);
INSERT INTO "GRADE"("COURSE_ID","STUDENT_ID","GRADE") VALUES (60,'2018400622',2.3);
INSERT INTO "GRADE"("COURSE_ID","STUDENT_ID","GRADE") VALUES (60,'2015985825',0.7);
INSERT INTO "GRADE"("COURSE_ID","STUDENT_ID","GRADE") VALUES (69,'2018671463',3.3);
INSERT INTO "GRADE"("COURSE_ID","STUDENT_ID","GRADE") VALUES (50,'2019814089',2.7);
INSERT INTO "GRADE"("COURSE_ID","STUDENT_ID","GRADE") VALUES (16,'2017588712',4.3);
INSERT INTO "GRADE"("COURSE_ID","STUDENT_ID","GRADE") VALUES (40,'2015527683',3.3);
INSERT INTO "GRADE"("COURSE_ID","STUDENT_ID","GRADE") VALUES (66,'2015384178',1.7);
INSERT INTO "GRADE"("COURSE_ID","STUDENT_ID","GRADE") VALUES (8,'2015826516',0.0);
INSERT INTO "GRADE"("COURSE_ID","STUDENT_ID","GRADE") VALUES (45,'2018671463',0.0);
INSERT INTO "GRADE"("COURSE_ID","STUDENT_ID","GRADE") VALUES (4,'2015826516',1.0);
INSERT INTO "GRADE"("COURSE_ID","STUDENT_ID","GRADE") VALUES (18,'2019076372',3.7);
INSERT INTO "GRADE"("COURSE_ID","STUDENT_ID","GRADE") VALUES (43,'2015384178',0.0);
INSERT INTO "GRADE"("COURSE_ID","STUDENT_ID","GRADE") VALUES (34,'2018761812',1.7);
INSERT INTO "GRADE"("COURSE_ID","STUDENT_ID","GRADE") VALUES (38,'2017294854',1.7);
INSERT INTO "GRADE"("COURSE_ID","STUDENT_ID","GRADE") VALUES (40,'2017412721',3.3);
INSERT INTO "GRADE"("COURSE_ID","STUDENT_ID","GRADE") VALUES (70,'2017588712',0.0);
INSERT INTO "GRADE"("COURSE_ID","STUDENT_ID","GRADE") VALUES (41,'2019814089',2.3);
INSERT INTO "GRADE"("COURSE_ID","STUDENT_ID","GRADE") VALUES (63,'2017359985',1.0);
INSERT INTO "GRADE"("COURSE_ID","STUDENT_ID","GRADE") VALUES (53,'2019038282',2.0);
INSERT INTO "GRADE"("COURSE_ID","STUDENT_ID","GRADE") VALUES (73,'2019076372',3.3);
INSERT INTO "GRADE"("COURSE_ID","STUDENT_ID","GRADE") VALUES (60,'2016635486',0.7);
INSERT INTO "GRADE"("COURSE_ID","STUDENT_ID","GRADE") VALUES (74,'2017294854',4.3);
INSERT INTO "GRADE"("COURSE_ID","STUDENT_ID","GRADE") VALUES (36,'2018671463',0.0);
INSERT INTO "GRADE"("COURSE_ID","STUDENT_ID","GRADE") VALUES (59,'2015826516',2.3);
INSERT INTO "GRADE"("COURSE_ID","STUDENT_ID","GRADE") VALUES (71,'2019525328',0.7);
INSERT INTO "GRADE"("COURSE_ID","STUDENT_ID","GRADE") VALUES (0,'2017597496',4.0);
INSERT INTO "GRADE"("COURSE_ID","STUDENT_ID","GRADE") VALUES (73,'2015985825',3.3);
INSERT INTO "GRADE"("COURSE_ID","STUDENT_ID","GRADE") VALUES (66,'2019525328',1.3);
INSERT INTO "GRADE"("COURSE_ID","STUDENT_ID","GRADE") VALUES (35,'2018761812',1.7);
INSERT INTO "GRADE"("COURSE_ID","STUDENT_ID","GRADE") VALUES (4,'2016572581',1.0);
INSERT INTO "GRADE"("COURSE_ID","STUDENT_ID","GRADE") VALUES (31,'2019038282',4.3);
INSERT INTO "GRADE"("COURSE_ID","STUDENT_ID","GRADE") VALUES (11,'2017588712',0.0);
INSERT INTO "GRADE"("COURSE_ID","STUDENT_ID","GRADE") VALUES (27,'2019628534',1.3);
INSERT INTO "GRADE"("COURSE_ID","STUDENT_ID","GRADE") VALUES (73,'2019234555',3.3);
INSERT INTO "GRADE"("COURSE_ID","STUDENT_ID","GRADE") VALUES (58,'2015527683',1.7);
INSERT INTO "GRADE"("COURSE_ID","STUDENT_ID","GRADE") VALUES (0,'2015527683',2.0);
INSERT INTO "GRADE"("COURSE_ID","STUDENT_ID","GRADE") VALUES (58,'2018761812',1.0);
INSERT INTO "GRADE"("COURSE_ID","STUDENT_ID","GRADE") VALUES (50,'2017580180',2.7);
INSERT INTO "GRADE"("COURSE_ID","STUDENT_ID","GRADE") VALUES (44,'2019038282',2.7);
INSERT INTO "GRADE"("COURSE_ID","STUDENT_ID","GRADE") VALUES (50,'2019234555',0.0);
INSERT INTO "GRADE"("COURSE_ID","STUDENT_ID","GRADE") VALUES (25,'2015384178',1.0);
INSERT INTO "GRADE"("COURSE_ID","STUDENT_ID","GRADE") VALUES (46,'2019234555',0.0);
INSERT INTO "GRADE"("COURSE_ID","STUDENT_ID","GRADE") VALUES (23,'2017359985',0.7);
INSERT INTO "GRADE"("COURSE_ID","STUDENT_ID","GRADE") VALUES (52,'2017359985',2.0);
INSERT INTO "GRADE"("COURSE_ID","STUDENT_ID","GRADE") VALUES (60,'2017588712',4.0);
INSERT INTO "GRADE"("COURSE_ID","STUDENT_ID","GRADE") VALUES (14,'2019076372',0.0);
INSERT INTO "GRADE"("COURSE_ID","STUDENT_ID","GRADE") VALUES (63,'2019076372',2.7);
INSERT INTO "GRADE"("COURSE_ID","STUDENT_ID","GRADE") VALUES (67,'2018761812',3.7);
INSERT INTO "GRADE"("COURSE_ID","STUDENT_ID","GRADE") VALUES (36,'2015161973',0.7);
INSERT INTO "GRADE"("COURSE_ID","STUDENT_ID","GRADE") VALUES (48,'2016572581',1.7);
INSERT INTO "GRADE"("COURSE_ID","STUDENT_ID","GRADE") VALUES (36,'2015826516',1.3);
INSERT INTO "GRADE"("COURSE_ID","STUDENT_ID","GRADE") VALUES (20,'2018853865',3.3);
INSERT INTO "GRADE"("COURSE_ID","STUDENT_ID","GRADE") VALUES (49,'2016572581',0.0);
INSERT INTO "GRADE"("COURSE_ID","STUDENT_ID","GRADE") VALUES (29,'2015985825',1.7);
INSERT INTO "GRADE"("COURSE_ID","STUDENT_ID","GRADE") VALUES (55,'2019234555',4.0);
INSERT INTO "GRADE"("COURSE_ID","STUDENT_ID","GRADE") VALUES (6,'2019270655',0.7);
INSERT INTO "GRADE"("COURSE_ID","STUDENT_ID","GRADE") VALUES (24,'2018761812',2.0);
INSERT INTO "GRADE"("COURSE_ID","STUDENT_ID","GRADE") VALUES (35,'2019038282',2.7);
